111,112,121,122,123,124,125,129,131,132,133,134,135,136,137,138,141,142,149,151,152,153,154,159,161,171,172,173,174,179,211,212,213,214,216,217,218,221,222,223,224,225,226,227,228,231,232,233,234,235,241,242,243,251,261,262,264,265,266,267,311,312,315,321,323,324,325,331,332,333,334,335,336,341,342,343,344,345,351,352,411,421,422,432,441,442,443,511,512,513,514,515,516,522,523,524,531,532,533,534,535,541,611,612,613,621,622,711,712,713,721,722,723,731,732,741,742,752,753,761,811,812,813,814,815,816,817,818,819,821,831,832,833,834,835,911,912,921,931,932,933,941,952,961,962
37,212,178,104,104,53,355,244,134,146,74,122,43,209,198,9,125,46,13,124,57,109,2,197,71,15,73,123,15,80,62,26,91,1060,132,166,95,436,904,254,115,23,71,235,123,383,111,348,2211,417,581,1307,437,1443,255,125,158,103,509,57,1235,295,72,318,0,34,47,638,1481,358,207,469,189,225,300,89,84,49,492,46,1934,25,762,1160,32,179,14,104,470,274,94,488,37,2488,147,93,1413,2002,842,1815,118,428,194,82,41,44,11,1216,399,324,290,553,737,50,89,496,131,135,24,112,105,223,46,151,60,180,182,100,237,705,71,204,890,432,12,874,79,31,78,137,126,862,1,101,406
69,459,379,206,219,95,718,502,257,290,141,253,93,396,389,12,250,88,26,262,109,216,9,386,132,30,165,247,32,152,134,53,171,2086,259,328,191,883,1831,478,214,54,138,468,234,811,224,694,4293,805,1166,2556,883,2872,495,235,339,209,1009,89,2410,561,118,603,2,55,82,1271,3007,730,392,965,361,487,595,152,154,81,1020,107,3865,47,1472,2340,58,402,25,189,947,567,208,977,68,4869,294,188,2796,3923,1705,3625,238,837,402,172,74,83,15,2386,789,598,590,1108,1387,100,176,957,260,275,54,203,207,426,105,304,122,362,373,183,451,1334,130,403,1747,837,26,1746,146,64,161,282,239,1725,2,185,834
97,656,547,299,325,135,1083,769,375,392,219,369,133,581,563,20,388,133,42,414,157,330,12,562,174,44,249,357,46,220,188,79,224,3086,405,486,286,1295,2709,692,312,79,200,684,351,1186,323,995,6262,1163,1716,3779,1306,4160,724,322,483,321,1485,134,3491,813,163,915,2,83,119,1871,4419,1050,573,1416,548,703,829,235,212,115,1505,155,5752,70,2112,3377,85,577,35,286,1367,821,325,1420,105,7248,426,265,4073,5826,2456,5281,342,1203,570,271,119,125,19,3495,1176,873,881,1647,2027,143,254,1418,388,399,79,291,291,577,168,427,177,538,545,269,665,1969,197,598,2603,1255,39,2564,220,94,225,404,352,2509,3,259,1242
122,842,710,369,391,173,1322,965,458,487,269,444,151,751,742,24,481,183,50,513,203,389,18,680,214,55,299,420,64,273,243,97,271,3986,502,583,341,1626,3463,881,376,101,253,872,430,1483,382,1234,7927,1468,2132,4813,1616,5304,915,415,599,395,1876,166,4413,1003,201,1117,3,104,152,2361,5658,1333,700,1836,673,865,1033,291,267,143,1929,185,7270,89,2678,4315,100,714,48,348,1723,1010,412,1805,142,9344,528,327,5226,7403,3076,6731,438,1569,704,335,147,153,20,4471,1521,1064,1094,2115,2534,176,304,1761,471,476,96,360,334,696,193,534,229,659,685,304,819,2487,247,777,3299,1549,59,3222,279,122,264,489,426,3190,5,317,1556
139,981,850,423,467,198,1499,1089,511,556,289,514,177,877,852,34,530,207,55,592,230,445,20,767,226,67,340,457,65,310,264,108,301,4766,552,676,404,1908,4099,1007,430,124,300,977,499,1752,442,1418,9329,1708,2499,5675,1847,6294,1063,467,664,450,2157,186,5227,1189,234,1284,2,121,183,2744,6740,1548,789,2125,787,993,1218,327,305,171,2237,193,8603,104,3081,5022,119,794,45,391,2020,1181,486,2108,152,11102,582,364,6143,8736,3552,7977,507,1846,813,372,165,164,23,5317,1719,1222,1284,2491,3008,187,361,2036,484,532,105,401,388,768,233,611,256,714,790,356,925,2927,280,864,3839,1769,70,3751,319,142,287,521,474,3722,5,356,1824
143,1081,937,424,503,203,1648,1221,565,595,309,547,176,978,892,34,559,229,61,652,250,478,26,867,270,66,389,465,74,332,284,113,348,5432,588,749,421,2154,4567,1104,477,131,317,1094,548,1951,480,1554,10567,1881,2797,6516,2103,7121,1158,513,749,477,2451,207,5910,1307,256,1398,1,129,205,3029,7641,1716,885,2387,893,1072,1355,347,320,180,2461,198,9775,110,3414,5671,138,851,42,433,2239,1274,536,2401,167,12643,641,385,6868,9843,3925,8978,554,2010,945,403,183,157,29,6014,1955,1364,1384,2780,3397,192,390,2249,498,568,102,415,419,873,248,690,290,775,900,366,1027,3306,304,922,4374,1939,79,4159,335,147,315,555,490,4138,5,376,2076
156,1171,979,429,562,216,1787,1311,582,634,331,595,189,1040,935,28,588,245,56,661,257,502,28,932,276,74,411,480,76,335,308,125,374,5998,622,806,442,2292,5014,1183,494,128,343,1153,594,2140,490,1647,11627,2055,2993,7184,2311,7800,1254,571,786,487,2636,223,6571,1392,264,1522,2,151,232,3274,8484,1842,941,2569,947,1081,1449,370,325,197,2627,200,10752,103,3655,6156,163,884,44,451,2448,1342,580,2623,178,13921,669,417,7504,10801,4171,9705,588,2168,1014,419,186,158,35,6596,2158,1439,1470,3050,3680,212,416,2451,530,606,105,433,427,924,256,730,297,815,947,393,1119,3641,308,971,4778,2060,84,4438,360,148,331,579,508,4485,9,402,2244
167,1238,1073,464,581,203,1904,1379,592,647,338,616,204,1069,947,37,596,269,56,712,251,514,32,985,280,76,385,494,73,338,293,123,408,6473,652,817,461,2471,5343,1224,530,123,364,1254,644,2271,491,1739,12494,2164,3182,7787,2449,8443,1375,594,805,526,2835,228,7068,1475,288,1586,2,156,225,3448,9142,1943,963,2702,985,1136,1475,373,312,207,2759,201,11573,117,3844,6600,162,927,45,451,2596,1413,603,2780,191,15114,684,432,8099,11666,4364,10414,613,2238,1039,434,196,161,38,7079,2297,1473,1497,3253,3926,209,418,2625,531,617,114,436,412,987,266,755,281,855,992,394,1171,3931,307,1016,5160,2151,88,4628,361,147,361,566,510,4775,10,436,2356
166,1284,1098,482,607,208,1978,1414,608,640,341,612,187,1085,983,38,579,261,52,765,249,520,35,1012,257,76,380,517,67,338,300,119,411,6822,670,836,493,2569,5582,1262,540,128,372,1323,680,2339,502,1824,13264,2213,3294,8271,2522,8923,1428,616,814,548,2977,231,7533,1558,299,1633,2,155,246,3667,9801,2017,971,2819,1035,1166,1528,380,312,221,2917,202,12391,104,4067,6996,172,934,48,463,2722,1458,627,2937,194,16175,697,419,8582,12235,4539,11000,643,2301,1064,444,206,159,43,7477,2391,1533,1557,3379,4097,204,424,2776,521,623,110,432,421,992,269,756,269,858,1020,386,1203,4152,335,1029,5413,2253,88,4835,367,138,350,566,518,4922,10,447,2449
169,1302,1117,480,604,188,2014,1455,597,644,331,616,187,1131,1017,36,586,262,49,776,242,539,31,1034,262,74,352,519,59,361,298,106,388,7190,700,862,490,2649,5891,1266,547,128,370,1366,694,2375,515,1857,13975,2253,3472,8728,2599,9459,1470,621,832,557,3102,240,8055,1585,314,1630,7,156,239,3833,10380,2044,978,2902,1096,1198,1539,391,328,219,2981,211,13137,97,4214,7324,170,962,40,476,2813,1445,616,3049,181,17050,694,403,9013,12779,4603,11552,676,2348,1057,483,201,167,39,7862,2508,1571,1604,3480,4265,210,425,2776,524,608,105,467,411,1016,265,789,285,862,1031,401,1223,4334,330,1027,5595,2313,102,5021,363,143,361,561,522,5068,12,454,2494
158,1362,1120,490,624,163,2074,1457,593,606,328,620,194,1142,1017,35,610,246,42,754,238,517,28,1065,249,75,364,520,47,372,295,100,388,7550,717,894,488,2749,6105,1291,561,134,361,1386,695,2458,518,1927,14593,2286,3578,9123,2622,9874,1457,603,829,573,3227,237,8390,1593,316,1666,7,148,236,3925,10857,2115,988,2988,1110,1180,1556,386,308,191,3053,211,13773,93,4267,7588,167,953,51,483,2898,1448,618,3123,187,17809,697,401,9344,13170,4687,12037,693,2383,1049,480,196,177,45,8254,2576,1651,1651,3602,4440,196,415,2843,522,587,111,470,402,1034,271,789,282,856,1054,406,1207,4490,332,1047,5818,2358,105,5128,372,146,359,574,500,5201,10,447,2537
154,1393,1138,453,597,177,2122,1470,602,591,321,616,176,1145,1045,38,627,237,48,745,225,529,21,1071,226,67,363,529,46,365,304,101,381,7846,704,902,484,2872,6252,1319,557,135,371,1369,699,2449,518,1949,15186,2331,3640,9528,2638,10272,1443,589,800,536,3286,239,8784,1618,310,1669,7,143,245,3994,11315,2119,960,3016,1097,1150,1540,375,310,177,3092,207,14340,87,4376,7799,160,932,43,474,2900,1461,594,3178,181,18528,684,406,9628,13655,4836,12517,707,2449,1070,480,191,182,42,8632,2649,1695,1647,3642,4515,187,401,2942,529,549,104,469,401,1048,269,797,281,860,1078,400,1242,4666,322,1056,6008,2408,99,5233,361,128,356,537,483,5310,3,421,2557
145,1389,1123,438,632,173,2180,1499,570,603,305,611,174,1142,1031,43,605,229,45,751,219,524,20,1091,218,66,344,533,46,364,293,95,366,8121,665,888,465,2976,6350,1313,576,127,381,1354,674,2535,513,1977,15657,2376,3692,9938,2648,10574,1453,590,798,506,3328,255,9150,1616,303,1663,5,155,247,4040,11688,2106,958,3044,1079,1125,1572,331,305,165,3065,201,14863,92,4525,8061,147,930,48,476,2955,1443,589,3204,175,19150,673,383,9770,14118,4860,12896,694,2449,1102,474,176,173,46,8888,2611,1750,1673,3735,4552,187,392,3005,520,513,109,470,415,1046,271,799,271,860,1088,403,1255,4761,298,1069,6231,2389,99,5344,348,98,339,533,466,5310,4,411,2565
137,1407,1136,416,605,192,2184,1489,582,599,292,627,157,1156,1035,36,602,212,55,749,196,513,17,1111,218,63,336,523,50,346,287,94,370,8275,655,848,463,3061,6460,1341,543,122,401,1389,671,2529,505,1966,15977,2352,3769,10213,2645,10816,1445,575,816,510,3344,247,9513,1601,307,1679,4,168,243,4103,11933,2099,952,3072,1062,1115,1584,319,302,173,3097,188,15301,96,4589,8262,149,908,51,486,2963,1438,567,3243,162,19677,675,363,9975,14426,4925,13199,693,2479,1075,456,150,170,48,9135,2709,1719,1655,3753,4650,178,377,3093,518,527,103,455,396,1016,253,814,270,833,1078,407,1284,4859,275,1045,6354,2426,100,5341,344,87,327,511,439,5342,5,416,2533
146,1384,1132,392,599,180,2182,1485,576,597,287,612,132,1164,1008,27,603,198,60,729,186,485,13,1112,235,53,319,508,51,349,282,97,379,8490,668,818,448,3118,6614,1327,528,120,400,1421,641,2539,487,1922,16308,2364,3805,10573,2668,11109,1443,594,794,505,3431,249,9695,1595,329,1690,6,164,254,4167,12159,2076,976,3109,1069,1124,1548,326,298,169,3149,170,15783,87,4664,8390,130,877,56,476,2946,1407,560,3267,167,20197,645,348,10087,14800,4901,13432,703,2421,1085,458,151,165,44,9353,2710,1673,1648,3729,4659,168,330,3104,518,522,92,431,368,1004,248,796,264,833,1055,373,1267,4928,279,1076,6424,2454,101,5402,316,81,317,504,444,5326,7,399,2518
136,1368,1152,400,580,176,2165,1482,567,600,287,610,128,1160,992,13,597,177,51,711,189,478,15,1110,243,39,303,480,45,338,282,99,394,8644,663,815,453,3110,6723,1325,529,119,409,1396,653,2569,483,1880,16768,2342,3854,10924,2644,11433,1447,587,797,517,3487,262,9946,1574,353,1705,8,161,263,4221,12488,2031,958,3128,1020,1109,1545,311,287,152,3135,154,16170,80,4754,8545,130,856,49,450,2887,1401,553,3255,154,20667,633,350,10203,15074,4866,13612,716,2432,1046,475,143,159,46,9524,2713,1666,1656,3761,4695,156,312,3141,489,523,72,414,371,979,223,769,240,800,1031,387,1288,4977,274,1057,6515,2522,101,5495,301,74,285,468,441,5321,9,391,2537
118,1334,1145,394,563,159,2159,1461,567,605,291,575,143,1163,970,9,568,182,47,681,189,462,13,1110,243,31,288,463,57,316,266,95,388,8955,644,777,447,3125,6784,1312,540,126,400,1364,628,2598,447,1861,17141,2322,3880,11129,2657,11604,1422,562,786,493,3523,283,10124,1612,347,1709,9,159,279,4261,12684,2033,944,3110,1017,1090,1535,309,283,133,3141,150,16569,73,4762,8691,105,857,43,440,2842,1327,542,3278,151,21208,629,346,10294,15401,4827,13891,715,2441,1040,466,137,165,42,9756,2707,1661,1638,3780,4722,144,304,3176,469,503,71,394,367,967,218,764,232,775,1027,376,1253,5003,279,1023,6576,2499,94,5558,287,64,283,464,470,5265,9,382,2489
100,1306,1096,407,537,149,2157,1459,544,580,283,551,141,1172,962,11,532,150,43,674,188,464,19,1077,257,40,271,452,52,322,260,102,383,9087,605,767,431,3089,6830,1325,548,112,391,1330,619,2591,427,1800,17460,2310,3966,11350,2677,11829,1417,581,777,461,3565,295,10358,1601,343,1693,10,145,277,4250,12933,2033,921,3134,1021,1091,1506,309,267,119,3128,148,16946,70,4748,8832,113,822,40,429,2818,1285,508,3231,154,21554,607,365,10371,15565,4793,14077,713,2443,992,446,138,155,47,9940,2716,1648,1601,3846,4848,151,306,3185,430,510,64,370,356,947,199,758,236,745,1026,378,1236,4979,255,968,6655,2489,87,5532,283,60,282,457,461,5269,11,377,2495
128,1269,1048,391,518,140,2147,1461,559,568,267,527,149,1179,979,11,531,161,48,672,178,475,21,1055,216,33,259,432,41,321,267,98,351,9189,582,782,414,3130,6898,1311,550,104,395,1312,605,2591,414,1739,17790,2306,4001,11547,2662,12006,1398,583,755,429,3591,297,10510,1604,343,1684,12,132,277,4275,13119,2056,916,3107,1016,1097,1508,304,253,101,3118,133,17269,67,4688,8969,125,791,37,423,2770,1226,490,3256,131,21953,608,363,10464,15772,4711,14242,727,2404,1022,434,142,155,47,10073,2698,1594,1603,3899,4894,142,298,3156,428,496,60,356,363,929,186,744,224,739,1016,373,1220,5008,257,953,6713,2451,94,5562,289,57,259,445,459,5206,8,355,2472
126,1259,1037,396,516,151,2103,1434,516,564,248,492,120,1191,959,13,515,166,39,682,172,446,25,1059,214,39,267,429,40,320,277,100,344,9307,585,762,398,3124,6986,1310,552,104,378,1324,588,2618,395,1738,18057,2276,3979,11814,2675,12114,1417,590,719,382,3590,279,10605,1530,348,1667,12,123,267,4232,13338,2040,858,3058,1004,1076,1449,310,240,107,3088,132,17535,67,4680,9035,135,758,38,420,2760,1206,487,3245,129,22297,574,367,10578,15896,4712,14424,727,2432,1007,427,141,149,50,10206,2642,1579,1618,3885,4935,144,284,3137,410,495,67,340,346,923,190,727,208,716,960,350,1219,5056,244,921,6796,2442,99,5580,292,72,270,440,421,5163,9,332,2498
99,1214,1011,403,502,155,2106,1404,518,576,237,503,118,1181,919,10,529,150,38,668,157,449,23,1022,212,47,243,416,39,292,256,95,320,9377,586,742,384,3139,7044,1342,547,101,374,1272,580,2611,396,1680,18305,2234,3977,11892,2630,12240,1453,584,655,372,3531,283,10685,1467,347,1659,13,122,256,4326,13586,2010,826,3025,995,1036,1422,285,230,93,3067,130,17856,56,4625,9118,120,744,37,400,2786,1177,465,3225,132,22506,568,340,10644,16094,4620,14470,707,2462,972,393,138,144,45,10257,2607,1606,1622,3906,4986,139,299,3120,378,500,61,347,332,904,209,714,188,706,945,351,1199,5061,241,905,6803,2460,93,5630,289,80,257,446,401,5140,10,316,2502
95,1190,983,385,465,150,2124,1411,520,554,228,513,108,1166,896,18,519,146,40,656,167,437,17,1026,197,45,242,410,44,289,260,86,309,9550,573,747,394,3132,7115,1300,512,105,379,1263,566,2595,394,1690,18506,2190,3975,11986,2596,12390,1423,573,636,357,3530,271,10761,1464,336,1627,13,126,243,4354,13652,2006,788,3038,983,1000,1372,272,223,110,3085,141,18155,52,4621,9156,111,720,39,386,2709,1142,437,3188,126,22766,562,345,10660,16237,4541,14548,695,2443,919,400,138,152,51,10367,2611,1602,1616,3899,5009,133,277,3111,396,479,67,328,322,874,198,723,188,666,921,334,1154,5072,225,894,6859,2445,93,5633,282,74,262,442,372,5128,5,312,2414
94,1137,959,398,452,143,2096,1405,521,525,235,541,100,1138,869,7,521,135,38,639,161,411,26,1022,179,42,225,419,52,290,251,79,313,9580,543,752,396,3134,7179,1263,493,95,383,1245,558,2607,410,1682,18792,2142,4026,12167,2536,12518,1378,557,605,344,3460,276,10816,1488,335,1623,13,118,237,4390,13910,2012,828,3044,953,989,1363,292,219,96,3121,136,18385,64,4628,9139,108,707,44,347,2649,1119,441,3191,124,22900,537,337,10674,16337,4545,14663,704,2422,898,405,130,132,52,10464,2572,1598,1597,3921,5033,124,281,3098,386,476,71,305,315,815,172,724,177,641,893,320,1118,5124,209,863,6822,2406,89,5597,296,84,238,431,349,5108,5,339,2374
76,1110,924,374,432,139,2101,1407,509,504,226,556,102,1141,853,15,543,143,35,622,162,407,27,1018,163,43,217,398,37,291,283,66,333,9700,552,730,403,3108,7233,1260,503,90,377,1215,530,2612,378,1703,19047,2183,4022,12242,2500,12650,1346,537,557,328,3468,279,10983,1501,337,1598,13,104,237,4416,14028,1983,832,3064,923,952,1311,266,200,98,3129,130,18628,76,4665,9166,100,715,30,362,2586,1092,408,3164,116,23131,534,323,10714,16386,4542,14807,706,2429,881,368,126,131,55,10568,2522,1577,1587,3920,4952,117,304,3120,369,465,66,294,282,802,147,717,172,605,849,334,1077,5122,206,852,6855,2359,81,5568,293,88,228,417,363,5064,4,322,2352
76,1094,916,377,454,124,2086,1393,506,446,205,541,116,1117,841,12,522,156,33,627,154,414,29,985,174,44,189,370,20,264,263,71,292,9755,563,697,393,3122,7239,1254,487,86,363,1196,521,2611,394,1710,19086,2190,4072,12406,2452,12759,1334,502,584,324,3478,287,11105,1436,318,1576,12,105,244,4401,14266,2009,791,3002,909,932,1324,259,200,119,3089,124,18887,66,4678,9137,80,712,40,349,2492,1043,416,3144,110,23398,523,310,10799,16520,4461,14888,694,2327,902,343,118,112,51,10675,2440,1528,1580,3881,5006,113,316,3125,361,466,53,289,279,797,151,717,157,602,841,347,1071,5109,168,838,6875,2324,77,5556,283,83,243,416,341,5023,7,308,2303
78,1080,938,385,465,97,2079,1376,536,441,217,529,114,1089,815,17,510,144,37,616,140,401,25,987,163,29,176,328,23,261,243,72,273,9839,550,710,384,3120,7227,1241,500,91,377,1186,498,2677,384,1699,19253,2206,4043,12524,2368,12882,1345,481,577,300,3494,288,11233,1443,334,1585,10,106,253,4382,14395,1949,765,2971,910,921,1313,248,204,88,3027,129,19110,80,4675,9217,64,718,27,352,2457,1009,414,3103,95,23666,527,306,10905,16763,4423,14939,662,2268,887,325,126,97,51,10782,2459,1529,1596,3868,5026,101,302,3087,383,447,39,257,300,773,138,679,152,587,825,315,1040,5080,157,792,6949,2351,71,5521,270,82,247,386,355,4969,10,300,2313
87,1037,919,369,475,119,2061,1334,490,446,226,509,117,1064,810,12,508,150,36,594,142,419,23,981,162,21,198,329,43,238,233,67,236,9983,553,696,396,3116,7261,1253,487,94,365,1162,463,2608,363,1639,19413,2204,4037,12606,2349,13042,1353,455,593,300,3538,285,11369,1439,332,1576,11,95,244,4335,14545,1937,716,3018,886,923,1295,244,198,87,3009,134,19225,71,4663,9245,73,714,37,338,2436,1027,418,3087,93,23901,517,288,11006,16972,4525,14998,643,2249,895,320,131,79,52,10854,2462,1525,1635,3853,5053,92,307,3110,353,456,48,271,308,754,149,678,149,573,822,296,1040,5111,168,799,6993,2339,66,5500,242,80,265,386,354,4918,12,297,2302
102,967,928,364,479,122,2038,1341,464,453,214,497,105,1050,783,11,507,142,33,583,150,414,21,984,165,20,202,328,34,235,205,68,208,10067,546,651,385,3144,7299,1247,465,83,366,1151,482,2629,355,1574,19578,2190,3964,12709,2326,13100,1326,445,565,317,3562,275,11461,1462,341,1536,12,87,247,4295,14650,1934,684,3012,873,928,1263,247,188,101,2996,118,19441,74,4682,9309,64,702,27,317,2412,998,406,3030,76,24209,485,289,11092,17044,4557,15180,638,2249,917,327,122,71,49,10873,2439,1521,1610,3821,5077,91,289,3105,363,422,64,272,308,745,148,651,164,553,841,254,1005,5135,171,753,7041,2297,69,5463,248,70,272,387,326,4907,4,279,2251
97,975,919,350,452,137,2044,1325,442,451,210,486,108,1037,798,19,524,155,48,581,157,404,24,989,163,31,215,327,29,241,197,66,191,10121,543,612,347,3174,7268,1240,462,73,377,1180,458,2592,347,1574,19760,2165,3928,12837,2288,13192,1294,447,545,314,3494,281,11583,1427,330,1514,11,101,257,4224,14729,1903,671,2963,883,893,1242,234,178,101,2959,114,19660,76,4683,9379,50,651,31,314,2347,1067,405,3019,82,24392,491,315,11118,17116,4557,15299,631,2229,904,345,114,77,49,10943,2414,1472,1602,3805,5038,83,297,3067,340,406,58,243,261,724,143,618,184,526,835,253,1025,5134,166,720,7045,2303,66,5465,234,64,276,383,302,4933,8,257,2183
93,932,932,340,450,143,2032,1286,426,436,196,462,106,1022,811,18,529,171,30,583,149,389,19,1010,167,17,192,314,24,228,184,59,189,10182,536,601,336,3174,7257,1236,475,52,364,1139,448,2592,345,1539,19980,2117,3959,12947,2247,13309,1304,440,552,306,3465,273,11653,1375,340,1509,13,102,250,4176,14820,1880,698,2877,883,912,1214,239,169,107,2934,99,19887,64,4610,9397,47,611,40,307,2293,1009,377,2991,84,24616,511,341,11190,17278,4491,15430,612,2238,879,333,89,97,51,11022,2398,1482,1587,3804,4983,84,277,3045,339,398,62,227,274,719,152,612,178,525,805,240,1015,5097,159,702,7043,2281,64,5493,236,61,288,402,288,4862,5,252,2171
87,900,923,336,437,133,2035,1284,429,432,185,453,109,975,801,17,511,177,24,597,139,366,20,976,153,40,180,295,25,234,184,66,189,10265,521,605,354,3193,7296,1195,489,63,375,1161,438,2591,329,1529,20152,2082,3968,13119,2248,13392,1313,466,533,301,3431,271,11712,1396,330,1497,14,102,251,4148,14909,1873,705,2850,896,954,1184,233,169,95,2944,94,20161,69,4577,9387,54,619,31,317,2217,970,372,2934,82,24760,517,342,11193,17337,4514,15515,604,2236,891,328,108,105,62,11111,2429,1473,1564,3712,4923,89,270,3087,344,383,54,224,281,713,144,588,173,523,803,225,1053,5078,152,719,7008,2268,68,5458,238,53,308,401,268,4822,3,223,2162
84,863,923,326,445,120,1987,1297,442,438,169,446,112,977,780,16,473,152,20,600,151,351,18,965,159,32,194,293,24,214,181,60,191,10366,495,591,358,3180,7381,1187,498,72,365,1128,408,2568,321,1527,20260,2086,3932,13254,2238,13499,1303,454,528,301,3409,272,11754,1395,306,1495,10,91,249,4134,14991,1844,716,2818,896,966,1191,222,168,94,2939,96,20285,58,4558,9438,61,613,19,305,2185,989,377,2933,94,25032,469,337,11147,17475,4514,15630,619,2182,869,343,119,104,58,11141,2426,1429,1566,3717,4925,97,253,3027,338,390,64,224,284,693,164,574,158,490,834,217,1056,5068,143,731,6997,2265,75,5405,222,61,288,370,261,4749,3,223,2100
79,882,908,323,439,111,1957,1310,461,438,162,446,97,946,753,9,452,143,25,610,157,345,17,932,163,21,191,314,20,219,195,54,195,10390,462,546,345,3198,7399,1187,493,82,354,1120,400,2557,307,1536,20325,2060,3909,13324,2217,13636,1248,453,541,303,3385,267,11803,1374,299,1506,13,88,258,4117,15134,1802,720,2838,881,952,1185,213,182,100,2935,105,20430,52,4530,9475,66,629,14,295,2083,967,384,2935,84,25178,472,320,11163,17620,4511,15758,625,2134,870,327,127,96,57,11152,2443,1404,1540,3675,4897,114,234,2995,327,370,61,218,305,695,137,554,139,515,787,227,1065,5063,131,733,6981,2259,77,5350,197,66,267,351,280,4715,10,243,2149
63,895,899,324,444,99,1926,1258,468,419,166,421,88,919,729,22,427,118,24,594,156,346,17,921,149,10,176,312,19,174,194,42,196,10399,464,530,323,3098,7384,1214,481,82,326,1132,411,2562,300,1510,20451,2088,3916,13362,2206,13788,1226,466,557,326,3341,255,11908,1390,287,1445,13,91,261,4143,15197,1819,729,2863,848,927,1198,201,209,104,2985,104,20465,65,4505,9468,60,609,23,276,2074,975,383,2923,95,25356,464,327,11161,17741,4486,15844,592,2081,807,318,139,107,58,11105,2412,1442,1525,3655,4903,118,206,2967,322,383,58,198,269,705,124,559,152,495,775,220,1050,5084,142,730,7034,2210,71,5276,186,73,237,362,282,4716,11,260,2153
54,875,891,319,451,98,1928,1240,428,412,165,433,88,906,738,11,429,111,34,581,164,356,19,900,137,24,184,314,27,191,184,36,201,10434,450,536,328,3105,7371,1181,476,80,317,1067,398,2531,302,1475,20545,2064,3890,13353,2216,13807,1206,448,532,323,3324,253,11979,1380,277,1423,14,85,251,4137,15348,1798,719,2850,830,902,1198,205,192,94,2966,107,20588,64,4548,9438,54,597,8,272,2089,964,390,2876,110,25446,464,324,11131,17798,4439,15937,609,2058,802,297,131,104,52,11119,2368,1431,1468,3604,4888,127,204,2912,306,375,57,196,257,691,108,549,129,504,781,221,1038,5054,152,738,7062,2156,71,5176,186,69,233,331,283,4647,11,264,2167
58,866,895,289,455,110,1933,1243,414,414,174,421,74,879,760,4,400,116,28,565,167,348,22,880,121,13,171,335,9,204,159,42,227,10472,435,529,310,3110,7379,1135,440,84,339,1037,414,2503,284,1433,20700,2053,3855,13333,2215,13981,1164,431,541,312,3374,260,11993,1370,244,1399,15,77,243,4123,15490,1838,697,2840,852,882,1203,213,198,82,3001,102,20709,79,4552,9415,77,607,17,266,2091,946,378,2829,105,25563,493,321,11232,17930,4342,16010,606,2063,795,317,125,111,46,11190,2355,1411,1424,3662,4889,127,201,2891,336,359,52,190,249,653,110,525,122,480,781,245,1008,4995,129,725,7052,2111,66,5162,188,60,242,328,320,4627,0,257,2101
57,877,909,275,448,95,1899,1240,393,399,167,414,79,865,744,14,386,122,32,572,169,348,28,863,122,27,176,352,25,215,158,52,234,10483,409,535,307,3123,7456,1133,424,91,341,1017,421,2514,299,1392,20809,2032,3888,13400,2216,13990,1162,407,536,289,3402,252,12060,1332,241,1368,14,78,234,4164,15544,1798,702,2811,819,868,1212,226,183,67,2956,89,20824,65,4598,9428,80,597,23,247,2082,983,358,2777,96,25641,489,307,11260,17961,4294,16034,627,2049,781,275,118,95,41,11212,2393,1380,1392,3685,4863,114,220,2916,333,342,45,201,250,664,112,535,98,475,820,253,1012,4961,121,692,7062,2110,71,5090,211,66,267,322,313,4552,2,244,2107
66,856,884,262,397,91,1892,1220,390,394,145,435,80,839,717,14,358,136,26,556,165,369,30,881,126,19,182,373,11,223,151,56,251,10549,408,547,296,3098,7483,1156,400,88,352,992,410,2456,311,1365,20905,2044,3876,13404,2187,14068,1173,398,524,264,3323,247,12144,1341,236,1360,14,76,223,4171,15649,1767,704,2817,779,850,1245,226,171,72,2961,88,20832,60,4541,9397,70,604,2,264,2031,999,356,2775,89,25703,496,306,11229,18048,4239,15984,631,2086,770,281,104,96,43,11284,2420,1352,1333,3646,4842,102,229,2938,331,357,33,202,228,676,93,518,110,454,820,261,967,4958,133,697,7113,2115,73,5035,199,67,262,301,305,4508,5,242,2090
67,847,859,250,365,93,1893,1189,420,397,131,445,81,839,699,8,374,128,20,541,157,332,32,854,144,30,173,381,32,227,145,57,262,10640,443,537,296,3116,7493,1181,383,84,341,1011,414,2422,305,1363,21124,2070,3857,13491,2223,14148,1162,413,512,274,3297,245,12148,1315,232,1391,15,76,214,4178,15695,1743,694,2799,741,867,1244,241,165,73,2957,100,20998,56,4562,9384,49,616,13,231,2000,967,340,2747,89,25875,485,320,11283,18148,4241,15924,653,2071,740,255,91,90,39,11326,2351,1339,1338,3617,4847,88,203,2956,305,324,39,193,228,681,94,508,87,448,801,266,981,4934,143,731,7076,2106,75,5059,214,68,248,303,297,4436,7,256,2089
65,865,857,263,372,90,1915,1205,408,397,126,466,99,852,682,7,354,134,13,513,158,317,29,854,142,21,175,354,22,212,139,51,262,10734,437,516,311,3153,7472,1153,396,87,314,1030,425,2384,322,1370,21226,2068,3827,13503,2254,14283,1133,409,448,275,3290,246,12264,1273,245,1383,16,85,208,4158,15690,1778,712,2829,717,851,1225,258,175,90,2913,96,21075,51,4501,9328,51,627,24,252,1995,973,335,2732,96,26051,483,306,11247,18165,4211,15898,617,2073,735,263,90,91,33,11319,2338,1314,1346,3662,4829,81,204,2905,306,320,35,201,247,667,107,512,112,447,785,272,972,4885,156,726,7061,2078,78,5009,211,52,264,299,280,4429,10,262,2065
80,859,861,262,398,105,1923,1180,404,376,148,466,97,888,652,9,333,124,32,487,150,315,22,844,153,24,164,348,41,224,150,78,251,10776,436,517,324,3181,7452,1118,403,72,297,1004,421,2393,294,1366,21354,2054,3838,13529,2237,14403,1127,409,466,264,3283,240,12278,1252,248,1374,14,92,210,4116,15712,1728,702,2791,659,873,1213,246,165,81,2897,98,21090,45,4480,9298,53,576,4,235,1927,987,307,2712,100,26251,463,313,11188,18271,4255,15934,613,2054,693,257,105,87,37,11286,2352,1321,1315,3632,4865,75,201,2906,293,348,38,182,276,647,114,510,123,423,747,261,950,4828,141,710,7070,2048,72,4971,220,48,252,311,248,4379,10,252,2018
77,864,847,281,389,109,1906,1178,400,392,160,462,100,876,630,-1,343,122,28,476,151,304,24,853,152,21,179,356,25,211,132,67,250,10909,407,478,333,3184,7508,1145,417,78,306,958,412,2368,285,1380,21523,2025,3810,13529,2242,14482,1116,403,487,258,3272,233,12306,1254,254,1343,15,91,217,4150,15902,1706,718,2762,642,895,1156,233,171,88,2903,85,21186,41,4467,9281,47,556,14,247,1942,980,290,2642,88,26387,495,300,11303,18389,4268,16029,604,2011,652,254,90,90,36,11362,2372,1287,1284,3585,4910,81,188,2886,326,367,18,183,275,619,132,525,136,415,727,250,950,4864,139,707,7092,2058,71,4977,234,47,230,334,258,4319,14,258,2008
76,852,821,284,369,102,1902,1137,411,389,177,478,100,879,627,9,320,131,20,468,164,301,24,841,138,11,193,375,11,213,149,65,254,10937,393,475,308,3204,7520,1110,388,62,325,979,410,2428,307,1363,21686,2031,3811,13609,2226,14545,1115,375,495,264,3254,224,12353,1257,278,1298,18,83,208,4118,16054,1680,723,2736,649,908,1186,228,200,82,2856,94,21255,76,4498,9216,39,565,23,255,1887,981,275,2592,98,26608,496,299,11359,18382,4251,15973,589,1947,653,244,102,98,36,11344,2338,1258,1274,3577,4879,77,184,2851,316,346,42,199,288,572,140,502,143,407,711,244,958,4864,134,695,7151,2031,66,4960,244,39,245,339,258,4279,5,249,2018
74,850,826,261,356,97,1882,1111,390,403,180,430,91,845,630,15,324,130,18,478,152,331,23,836,131,23,181,404,28,202,147,57,247,10936,387,504,303,3209,7621,1109,379,53,325,968,396,2421,278,1363,21818,1993,3829,13602,2248,14650,1112,350,474,231,3262,231,12393,1261,288,1288,16,88,215,4126,16068,1640,689,2695,645,939,1238,232,200,76,2798,97,21388,73,4513,9193,51,552,11,247,1861,955,249,2589,85,26643,477,289,11408,18510,4254,16028,583,1913,665,255,96,105,31,11345,2301,1222,1270,3574,4837,75,159,2801,323,352,15,180,267,567,134,501,129,408,741,229,980,4836,134,686,7193,1999,60,4891,269,30,224,364,240,4338,6,231,2001
61,823,840,273,354,89,1889,1097,389,418,176,435,77,824,645,5,332,117,22,513,155,357,20,836,103,16,184,419,46,180,158,72,254,10944,384,543,308,3163,7621,1119,373,57,316,924,376,2407,286,1332,21921,1999,3873,13612,2230,14725,1092,365,466,230,3233,236,12367,1269,302,1293,16,86,214,4125,16058,1635,669,2676,664,939,1232,237,205,74,2799,95,21519,80,4495,9191,52,560,19,238,1857,953,259,2534,93,26789,449,300,11478,18580,4151,16084,571,1898,657,248,99,104,35,11378,2263,1204,1262,3557,4755,72,158,2775,321,344,37,168,285,551,132,486,115,386,706,226,992,4817,132,647,7216,2026,55,4858,275,64,217,358,246,4307,7,225,1944
72,831,831,291,374,89,1899,1121,387,411,180,428,91,809,652,11,341,110,25,499,153,342,21,816,105,26,180,414,26,167,169,79,231,10980,393,578,298,3151,7654,1104,354,64,307,928,372,2349,280,1314,22046,2002,3859,13613,2233,14745,1114,353,440,240,3199,233,12420,1305,288,1296,17,73,204,4142,16110,1598,670,2655,670,925,1223,227,223,71,2818,95,21644,80,4433,9139,64,558,12,229,1906,961,247,2499,85,26899,445,305,11564,18729,4159,16151,589,1895,652,239,101,81,38,11378,2230,1186,1259,3565,4757,75,175,2788,321,327,14,168,293,546,129,476,113,367,700,228,963,4819,139,644,7217,2044,56,4801,241,21,211,356,223,4310,1,193,1953
72,812,821,305,389,106,1846,1121,401,401,189,411,99,820,635,-1,334,117,33,478,152,359,13,788,120,31,166,408,27,173,166,87,190,11041,397,567,278,3178,7700,1111,352,59,317,924,355,2334,266,1283,22179,2003,3826,13694,2201,14829,1096,362,416,233,3176,230,12488,1271,292,1257,14,71,199,4122,16138,1626,679,2638,674,897,1173,219,223,79,2791,76,21703,70,4432,9139,68,566,21,233,1868,966,240,2473,64,26929,454,290,11495,18802,4130,16160,609,1930,618,218,117,77,40,11421,2216,1206,1240,3538,4776,75,171,2764,323,335,41,169,305,541,139,467,110,380,684,212,938,4825,136,611,7243,2079,57,4706,238,56,207,328,217,4299,2,183,1950
85,819,797,287,376,101,1806,1115,428,409,176,400,86,832,630,5,345,111,26,490,148,321,17,778,134,31,152,370,31,169,184,81,187,11105,414,548,273,3120,7727,1127,358,56,327,883,346,2259,264,1258,22281,2026,3823,13777,2230,14892,1107,367,425,231,3142,237,12528,1268,257,1260,13,59,204,4104,16226,1691,723,2604,664,869,1136,218,218,75,2782,80,21794,59,4418,9170,64,555,3,218,1841,989,231,2521,75,26896,466,321,11483,18982,4097,16097,581,1926,612,234,108,82,42,11471,2224,1192,1248,3505,4819,56,171,2735,311,355,22,183,266,547,146,485,101,409,673,210,931,4889,151,601,7235,2067,55,4719,234,60,215,292,216,4285,4,197,1926
104,832,733,265,363,91,1824,1079,439,402,189,394,85,858,619,14,317,99,32,485,142,294,17,768,129,36,151,369,27,189,181,65,197,11141,413,556,272,3108,7770,1066,349,46,316,878,342,2240,278,1236,22411,2025,3839,13815,2239,14947,1126,354,428,209,3095,242,12564,1291,247,1252,13,62,216,4099,16321,1691,738,2582,655,876,1070,212,207,77,2759,80,21906,50,4366,9174,73,540,21,192,1815,969,252,2515,60,26999,477,349,11444,18998,4050,16197,537,1920,668,219,101,89,40,11496,2168,1171,1256,3476,4838,52,169,2714,312,374,44,185,240,544,154,494,97,384,649,217,903,4863,164,633,7174,2040,53,4701,241,53,221,273,224,4221,4,222,1881
86,792,747,282,366,86,1798,1055,437,400,183,389,79,881,635,-6,345,99,46,490,140,275,9,778,115,54,143,334,22,185,192,56,195,11227,401,587,246,3052,7711,1030,340,39,294,871,345,2181,277,1281,22512,1978,3820,13775,2241,14865,1094,355,455,188,3066,239,12558,1307,239,1221,14,51,226,4124,16295,1680,725,2631,668,889,1041,225,177,94,2732,76,22060,53,4346,9150,68,494,32,194,1766,923,252,2470,71,27043,483,332,11486,19099,3970,16195,526,1909,673,219,102,98,41,11597,2141,1148,1232,3450,4836,52,154,2659,321,366,33,176,238,546,138,509,106,391,633,210,905,4833,151,633,7208,2031,63,4676,244,45,232,292,230,4170,4,222,1854
76,835,729,291,374,83,1782,1037,452,398,182,397,81,900,647,6,352,113,44,503,133,283,5,815,109,28,141,321,28,198,189,62,149,11280,405,575,248,3049,7726,1039,342,44,288,863,346,2157,278,1269,22538,1938,3773,13769,2211,14858,1090,348,423,184,3106,247,12557,1284,229,1229,15,43,227,4099,16367,1677,689,2541,614,844,1046,228,170,89,2718,77,22037,46,4315,9196,69,476,40,190,1735,911,276,2474,96,27164,491,312,11410,19235,4004,16131,546,1900,648,222,80,70,38,11586,2200,1096,1249,3412,4804,63,135,2653,325,369,36,163,235,516,124,515,91,405,592,222,896,4793,130,665,7248,1971,60,4658,242,62,237,298,267,4117,-7,255,1799
58,799,734,312,384,87,1783,1055,479,389,184,380,86,861,663,11,346,127,42,486,134,292,10,823,118,23,156,306,33,190,186,64,145,11317,420,578,264,3004,7704,1024,306,42,280,880,353,2144,278,1264,22642,1944,3756,13782,2140,14864,1058,329,419,211,3130,235,12507,1238,217,1206,16,38,222,4116,16440,1656,657,2581,629,838,1051,218,174,99,2687,73,22087,50,4257,9192,66,448,32,213,1797,858,303,2451,91,27224,480,299,11436,19241,3948,16141,552,1883,635,222,85,72,39,11702,2212,1078,1262,3415,4801,76,156,2626,318,369,24,146,257,487,119,511,107,412,561,218,879,4825,138,650,7329,1910,62,4659,240,59,216,314,287,4076,-3,261,1794
44,731,739,306,384,102,1803,1032,471,386,170,412,83,845,663,-1,355,129,31,476,136,300,11,816,130,19,177,319,25,192,180,52,155,11322,438,593,246,2983,7738,982,288,46,284,864,342,2113,300,1244,22719,1894,3786,13730,2111,14935,1075,328,406,243,3132,233,12571,1244,207,1198,15,41,224,4137,16472,1664,642,2622,615,857,1050,211,199,90,2683,63,22161,51,4231,9228,70,442,40,209,1776,838,274,2407,106,27316,506,301,11461,19303,3949,16048,556,1855,638,230,79,79,39,11671,2184,1071,1264,3414,4795,83,158,2669,321,344,25,168,275,515,107,492,126,359,564,216,884,4828,136,648,7279,1933,66,4613,238,54,200,324,311,4078,-2,270,1810
44,714,739,316,389,98,1806,1026,451,378,160,405,76,847,647,11,364,123,27,494,161,284,4,809,118,20,195,322,13,199,188,53,187,11338,413,549,232,2965,7736,960,298,39,262,857,330,2089,302,1228,22894,1876,3788,13782,2104,15038,1072,335,379,237,3101,221,12557,1211,201,1202,13,45,204,4156,16414,1647,624,2566,609,874,1057,230,197,101,2662,88,22294,54,4274,9211,66,434,42,206,1743,821,291,2394,104,27396,495,310,11514,19487,3986,16038,563,1862,601,222,90,80,40,11695,2159,1029,1256,3347,4703,86,157,2680,309,342,23,169,279,526,120,505,120,360,550,208,872,4797,146,636,7241,1939,64,4603,214,50,192,332,337,4137,2,244,1780
51,704,749,303,384,95,1805,1011,462,368,156,420,71,839,678,23,371,110,24,499,178,294,10,810,123,37,181,324,30,171,189,64,205,11386,378,555,239,3000,7712,991,299,41,242,856,322,2112,279,1218,22972,1839,3794,13764,2115,15085,1094,327,358,234,3078,219,12575,1264,213,1207,11,52,190,4144,16398,1613,602,2514,609,861,1037,220,212,100,2665,61,22447,52,4352,9243,44,408,37,196,1708,843,276,2401,103,27432,515,290,11472,19579,3991,15983,575,1863,589,194,86,74,40,11629,2116,1044,1198,3326,4638,101,135,2672,284,340,44,167,258,489,119,495,129,373,549,226,891,4811,151,594,7209,1942,67,4616,209,73,205,294,308,4071,4,241,1793
51,705,702,284,369,78,1797,1007,424,379,131,423,77,801,665,8,363,97,30,501,173,294,13,811,120,15,179,334,20,176,179,74,220,11473,358,526,238,3028,7682,1002,306,44,206,836,320,2156,289,1209,23022,1808,3778,13772,2119,15201,1088,330,374,234,3015,219,12625,1248,206,1217,13,58,175,4079,16390,1591,590,2541,598,845,1039,196,178,79,2652,79,22487,48,4320,9289,51,392,44,215,1728,878,257,2404,99,27535,542,306,11459,19640,3992,15999,558,1837,576,169,76,67,42,11575,2095,1060,1183,3337,4629,100,138,2660,313,320,24,186,279,511,91,478,109,413,583,251,873,4778,149,579,7201,1919,64,4618,201,48,196,278,289,4067,5,238,1760
54,686,710,299,374,94,1772,1025,408,349,141,441,78,797,666,16,348,112,35,540,157,268,14,797,118,29,192,347,16,175,188,65,202,11516,384,491,241,3042,7658,984,306,48,210,831,286,2179,279,1208,23076,1823,3725,13710,2100,15206,1030,329,379,266,3027,212,12624,1233,193,1234,13,53,171,4060,16463,1527,607,2600,571,880,1041,196,185,52,2673,97,22542,47,4389,9292,53,428,35,219,1738,900,249,2412,96,27683,546,328,11491,19578,4032,15952,580,1846,596,190,86,66,41,11478,2032,1061,1171,3314,4567,86,149,2610,308,330,19,203,257,507,95,485,100,414,584,235,862,4772,142,556,7082,1934,61,4614,185,32,207,294,276,4124,8,251,1780
43,710,701,290,363,110,1771,1018,389,353,167,436,91,766,659,5,315,110,25,557,135,269,8,769,107,25,194,315,20,172,192,50,211,11567,400,476,261,3060,7630,970,300,56,213,833,291,2134,289,1183,23179,1823,3736,13810,2104,15122,1035,339,391,256,3056,216,12659,1220,211,1236,13,57,169,4012,16536,1536,630,2604,568,866,1028,188,190,48,2692,99,22668,62,4330,9273,44,429,46,235,1707,879,263,2456,89,27745,523,325,11559,19618,4058,16035,560,1816,616,178,88,80,46,11550,2049,1074,1182,3354,4530,89,178,2589,302,316,42,193,284,525,105,497,69,406,590,234,845,4752,132,542,7099,1924,65,4574,208,57,222,297,237,4068,5,254,1798
55,735,690,313,356,118,1709,1017,392,357,177,424,93,774,658,12,293,105,21,557,126,287,5,741,105,23,190,324,35,191,179,52,207,11590,391,482,261,3051,7661,950,299,54,228,830,294,2087,302,1178,23203,1841,3720,13825,2113,15126,1085,367,390,245,3042,211,12632,1246,214,1249,13,65,175,4015,16597,1529,656,2565,569,866,1022,208,179,79,2677,109,22761,63,4392,9320,55,447,26,247,1691,898,270,2455,86,27946,498,332,11554,19628,4124,16041,553,1843,621,189,79,77,46,11570,2027,1071,1144,3355,4531,71,178,2498,288,312,19,201,282,502,106,521,81,401,605,229,839,4774,108,550,7077,1933,62,4648,209,23,238,295,237,3971,6,239,1748
58,739,685,285,356,104,1720,1014,415,375,164,428,77,813,646,2,277,115,18,568,123,299,8,715,124,17,198,328,42,189,176,66,229,11546,392,482,256,3061,7652,897,289,62,244,822,303,2058,278,1136,23219,1818,3717,13804,2086,15102,1067,384,387,252,2981,202,12694,1239,221,1235,10,59,163,4069,16652,1567,631,2564,571,860,1032,229,170,83,2681,108,22804,54,4352,9361,45,438,36,227,1667,873,273,2451,74,28093,484,345,11568,19692,4159,16038,555,1847,602,206,74,62,39,11570,2040,1075,1149,3336,4578,55,171,2478,278,289,15,180,291,493,97,497,95,420,623,219,819,4722,116,524,7085,1958,69,4572,226,65,233,277,247,3907,2,228,1771
55,719,671,300,368,108,1701,979,417,370,174,433,89,784,587,12,280,123,23,547,122,278,4,706,136,19,199,317,31,205,193,67,218,11501,414,464,268,3015,7708,898,291,63,261,843,272,2058,294,1104,23274,1769,3702,13825,2083,15231,1065,375,399,259,2935,205,12705,1259,200,1215,10,58,169,4079,16653,1651,624,2542,545,826,1041,235,177,96,2675,96,23007,61,4396,9356,48,465,30,234,1679,854,263,2468,64,28180,505,353,11611,19877,4156,16093,531,1833,578,193,67,63,41,11645,2088,1095,1158,3378,4578,60,180,2499,270,291,35,173,306,495,108,485,80,406,605,213,834,4715,122,535,7123,1992,62,4469,220,27,221,291,260,3957,3,210,1768
55,678,641,305,380,119,1610,999,398,370,154,397,97,798,547,4,281,135,13,530,115,279,10,713,147,27,199,290,27,201,192,65,215,11517,410,446,264,3050,7648,918,290,55,246,767,279,2059,263,1080,23087,1738,3655,13761,2074,15235,1039,357,402,247,2938,202,12733,1245,201,1181,9,52,174,4138,16667,1637,606,2559,558,820,1018,223,177,88,2700,66,23092,68,4445,9282,53,457,31,198,1708,869,261,2438,76,28193,527,352,11624,19913,4144,15997,524,1836,578,207,73,64,42,11617,2078,1122,1173,3422,4637,77,155,2545,286,284,35,199,279,506,99,487,100,393,594,230,783,4718,120,541,7117,2026,58,4441,241,64,225,290,280,3904,4,194,1701
83,654,646,313,402,118,1620,997,378,361,142,402,110,794,556,13,311,134,1,508,116,256,4,711,147,2,194,298,28,183,187,63,203,11525,405,449,280,3004,7610,913,278,49,238,727,292,2001,267,1091,23002,1732,3665,13820,2070,15290,1034,356,392,262,2885,196,12621,1203,178,1150,7,49,175,4146,16638,1613,647,2493,550,798,993,243,165,94,2723,58,23203,79,4436,9237,66,460,38,187,1697,927,259,2403,91,28290,524,343,11493,19982,4149,15988,520,1817,575,212,80,73,46,11673,2092,1114,1208,3383,4634,79,181,2543,298,307,36,207,273,472,100,512,102,383,585,229,772,4733,102,528,7073,2014,60,4412,239,52,230,298,285,3909,-5,184,1676
85,648,676,311,413,95,1622,1003,370,395,137,407,103,806,596,6,339,133,15,483,114,257,6,695,144,11,175,268,30,186,177,54,184,11468,361,429,268,2951,7502,883,272,51,245,705,250,1987,269,1067,22967,1764,3642,13795,2076,15255,1070,376,374,241,2842,194,12588,1223,192,1152,8,46,164,4154,16663,1594,677,2568,550,799,1041,231,154,84,2690,62,23274,73,4482,9269,60,470,34,177,1703,911,262,2400,85,28450,530,314,11390,19890,4089,15962,527,1810,562,227,72,85,44,11748,2067,1096,1210,3402,4685,79,199,2533,317,342,32,218,277,475,115,527,98,435,591,254,791,4784,106,580,7048,2010,62,4388,242,39,247,328,288,3963,-4,188,1733
73,657,677,296,394,103,1599,1010,352,389,141,379,86,799,608,-4,300,124,27,427,128,235,14,666,123,31,165,260,30,171,187,60,178,11434,325,442,278,2873,7505,871,227,36,244,686,237,1934,271,1048,22904,1747,3592,13758,2073,15193,1074,355,372,244,2817,179,12555,1237,210,1125,8,54,170,4163,16723,1602,720,2566,552,788,1047,212,149,69,2666,77,23358,85,4485,9388,67,473,45,209,1698,923,247,2435,91,28555,550,332,11322,19892,4093,15952,537,1795,582,226,72,89,47,11902,2079,1134,1226,3433,4689,105,190,2504,296,356,31,222,294,526,122,533,110,466,593,252,790,4809,115,591,6967,1971,61,4400,239,36,259,328,280,4047,-3,194,1775
82,649,654,299,364,81,1600,1029,315,386,139,391,89,805,594,7,311,109,-8,432,128,247,9,677,128,11,157,249,22,168,187,50,188,11365,328,430,284,2802,7379,855,205,35,212,670,222,1948,266,994,22684,1687,3619,13678,2067,15040,1033,342,363,250,2763,166,12607,1214,211,1141,9,51,163,4171,16740,1592,723,2573,562,790,1044,205,152,62,2697,92,23510,75,4493,9518,76,490,29,198,1726,911,214,2481,94,28624,570,326,11270,19857,4064,15904,533,1804,590,210,78,103,49,11945,2155,1152,1250,3480,4741,92,192,2536,299,345,43,218,294,563,123,558,118,442,615,261,804,4805,118,608,6997,1970,56,4440,211,31,270,324,278,4143,-1,209,1822
57,620,656,306,372,90,1564,985,339,377,151,410,87,804,572,20,278,107,11,419,135,207,11,658,120,34,140,262,12,161,164,52,187,11295,328,461,290,2712,7255,850,194,31,196,656,228,1884,261,982,22522,1614,3582,13566,2054,14981,1004,329,381,238,2721,168,12598,1144,218,1148,7,49,154,4149,16819,1583,715,2513,568,782,1023,212,146,55,2642,110,23709,64,4553,9622,77,505,26,199,1760,966,220,2503,73,28824,608,326,11166,19758,4093,15888,538,1810,606,210,84,96,54,12065,2183,1176,1286,3576,4742,97,182,2609,334,374,46,210,293,579,122,572,132,477,637,262,818,4846,140,603,7095,1988,44,4508,198,46,295,356,294,4275,0,211,1866
39,605,635,292,355,87,1551,974,313,401,137,414,92,769,544,6,249,114,23,428,121,225,7,660,120,9,123,261,29,172,146,53,194,11170,327,422,285,2620,7100,861,186,24,185,622,209,1820,267,935,22352,1609,3630,13433,2069,14804,909,325,374,235,2601,166,12540,1142,195,1157,9,56,161,4154,16861,1558,689,2437,559,753,1031,235,153,70,2604,111,24043,62,4604,9784,96,550,38,207,1777,1039,243,2525,75,29023,615,318,11132,19878,4118,15972,537,1806,592,228,94,95,52,12190,2191,1199,1311,3632,4804,88,185,2593,343,406,49,204,289,617,112,577,143,514,670,256,821,4911,157,623,7147,2000,46,4511,207,76,303,381,259,4432,4,230,1932
44,541,626,285,353,98,1517,934,307,391,155,412,84,775,507,7,204,93,5,394,100,226,13,632,117,16,146,249,-1,161,124,57,155,11088,346,387,270,2438,6855,803,184,29,195,548,235,1751,242,895,22061,1517,3611,13343,1975,14645,869,317,370,203,2464,162,12589,1081,196,1148,11,54,155,4136,16911,1516,705,2392,528,734,1019,225,173,76,2581,116,24362,59,4608,10024,100,575,27,207,1811,1068,243,2632,96,29353,628,326,11046,19902,4056,15969,551,1849,616,230,106,102,51,12438,2241,1228,1366,3707,4854,96,197,2655,336,454,43,210,319,676,122,599,155,554,714,251,823,5034,167,673,7220,2066,42,4525,208,73,317,385,261,4590,5,269,2015
40,533,589,291,364,79,1426,893,293,412,147,390,77,728,438,16,172,69,22,375,85,210,5,639,106,-11,148,235,14,149,97,50,136,10832,331,350,221,2308,6554,733,156,45,170,444,205,1601,207,847,21772,1445,3627,13146,1916,14358,831,326,374,192,2329,160,12560,1052,190,1159,12,64,151,4125,16926,1511,713,2381,523,675,956,207,157,75,2528,115,24717,74,4718,10279,101,651,41,226,1892,1088,237,2697,89,29716,641,366,10963,19988,4040,15980,570,1873,689,253,107,126,49,12660,2309,1296,1401,3844,4950,109,205,2665,319,483,52,239,339,738,130,653,176,586,758,283,834,5265,162,668,7367,2148,48,4612,198,75,323,400,276,4762,7,303,2080
56,470,560,257,351,82,1348,832,296,419,125,338,73,682,428,6,144,80,21,299,90,197,2,650,108,0,140,220,33,135,105,71,129,10630,343,356,189,2130,6133,639,83,41,131,365,197,1498,207,810,21184,1360,3696,12885,1852,13931,786,268,320,192,2177,152,12583,1022,183,1175,8,68,152,4160,16888,1506,715,2351,531,658,923,169,167,77,2491,135,25168,53,4808,10529,111,689,34,239,1984,1202,227,2784,94,30136,683,376,10824,20060,4053,15865,573,1830,736,252,108,130,50,12944,2390,1371,1495,4075,5001,110,222,2712,344,508,54,260,357,806,136,676,196,594,820,328,882,5440,168,666,7460,2256,50,4631,224,91,311,424,291,4989,2,296,2163
44,417,515,213,330,53,1317,803,281,415,114,333,79,647,397,12,195,75,29,262,66,161,15,586,107,16,156,242,-23,130,119,39,120,10316,328,316,160,1919,5626,535,186,30,86,250,171,1302,130,674,20508,1210,3703,12479,1744,13416,707,254,251,198,1845,140,12565,1008,159,1134,8,65,147,4200,16923,1499,740,2384,500,628,897,184,183,69,2403,140,25558,63,4917,10779,122,774,34,203,2100,1257,253,2904,91,30671,766,409,10707,20061,4111,15790,577,1843,795,274,105,142,52,13235,2484,1451,1566,4250,5128,112,249,2766,363,547,45,308,391,892,164,706,219,603,843,353,943,5703,157,719,7609,2357,59,4655,249,94,327,452,317,5239,5,302,2326
33,396,504,203,302,66,1182,770,275,419,88,314,85,582,400,-1,139,31,12,200,111,153,2,532,112,24,144,204,-8,101,118,34,137,9941,300,299,146,1582,5042,436,107,-4,78,181,148,1099,140,552,19753,1105,3671,12201,1759,12994,662,230,255,185,1672,109,12512,1032,139,1119,8,69,159,4327,16936,1511,771,2400,472,597,873,190,146,90,2303,150,26026,64,4974,11153,158,879,35,204,2232,1368,234,3050,101,31369,891,474,10544,20025,4160,15727,566,1878,831,286,118,152,59,13654,2604,1552,1679,4609,5317,103,275,2814,376,591,48,322,413,995,206,809,235,689,926,381,1030,6160,153,764,7746,2534,57,4728,282,110,381,461,341,5680,8,335,2522
66,328,516,213,293,70,1081,798,208,414,103,277,68,556,416,12,156,79,27,188,64,156,13,489,76,4,165,199,5,132,125,28,109,9678,283,263,157,1204,4254,379,62,20,142,402,134,885,149,410,19038,1052,3688,12032,1760,12515,617,224,222,220,1480,49,12535,1042,130,1126,6,70,166,4475,17069,1569,771,2372,462,564,874,200,93,94,2307,141,25256,63,5076,11763,165,1027,41,219,2434,1588,238,3265,105,32039,1029,532,10371,19913,4272,15691,457,1954,902,313,152,164,62,14159,2725,1712,1887,4994,5592,122,293,2937,382,678,44,384,469,1164,261,971,284,816,1012,431,1112,6556,188,822,7953,2710,63,4875,293,145,429,505,370,6236,10,375,2857
34,336,499,216,299,59,1046,823,202,407,106,247,64,519,414,14,169,-51,8,167,89,162,-3,404,95,15,200,208,25,121,89,53,93,9317,268,267,171,816,3469,317,155,45,75,252,158,585,129,484,18050,968,3600,11744,1644,11876,563,238,251,229,1144,-1,12558,1136,127,1097,5,-37,173,4503,17083,1540,791,2428,396,500,842,202,93,76,2217,144,24782,64,5254,12377,210,1216,47,222,2713,1801,202,3598,111,32846,1223,638,10336,19754,4356,15663,490,2035,974,312,176,171,67,14687,2869,1902,2116,5477,5928,147,336,3041,403,783,61,469,568,1404,353,1111,382,958,1148,509,1190,7052,210,868,8262,2985,58,5036,321,188,515,583,375,6990,13,398,3145
70,337,463,201,225,70,950,820,192,419,40,245,56,531,442,3,168,-4,20,210,64,125,-1,351,92,17,202,192,20,94,101,46,103,9003,256,260,170,400,2529,215,19,8,30,244,140,519,167,345,17072,848,3617,11468,1606,11238,486,235,240,236,1030,37,12670,1188,136,895,3,0,143,4583,17176,1469,824,2417,338,487,800,195,130,102,2188,138,24847,61,5553,12732,222,1428,53,218,2893,2089,191,3964,129,33558,1411,749,10348,19590,4535,15708,447,2127,1084,331,217,174,77,15319,3115,2198,2338,6014,6229,187,388,3226,427,963,61,559,699,1642,433,1296,459,1149,1300,584,1310,7749,243,932,8599,3281,64,5269,345,247,596,647,416,7776,17,423,3571
33,346,458,200,224,40,905,794,206,429,105,240,80,543,420,14,114,60,-9,123,76,143,1,343,97,29,221,200,18,132,85,20,93,8526,226,241,137,851,1541,460,119,37,106,286,167,471,175,696,15829,759,3635,10831,1525,10508,434,246,230,213,858,77,12634,1236,148,678,2,28,148,4654,17223,1443,870,2324,301,451,814,155,120,108,2119,129,24379,90,5653,13460,244,1662,55,212,3188,2423,169,4381,126,34123,1611,864,10227,19012,4573,15580,314,2115,1203,346,259,193,83,16093,3423,2532,2634,6661,6527,216,440,3374,439,1114,54,648,815,1960,539,1550,522,1376,1444,706,1495,8696,285,1022,8908,3689,80,5502,365,289,702,738,483,8626,22,478,4028
70,402,443,185,205,78,954,811,204,432,-5,225,84,601,466,4,227,114,11,266,-9,147,7,298,63,-2,220,222,29,129,88,39,90,8155,243,294,125,160,1217,74,-90,-73,4,260,134,646,198,454,15249,759,3610,10333,1500,9886,392,225,219,220,878,-201,12600,1390,157,603,4,51,27,4759,17374,1398,919,2302,227,511,851,156,134,112,2101,142,24184,108,5966,14092,280,1916,68,218,3564,2719,164,4886,117,33205,1760,993,10339,18617,4657,15657,345,2124,1299,363,310,209,97,16540,3674,2843,3084,7464,6808,258,430,3520,486,1282,53,798,934,2281,665,1811,604,1591,1621,843,1640,9621,345,1119,9328,4100,69,5715,409,339,818,850,520,9578,29,570,4487
-1,369,400,175,219,10,996,814,184,452,69,234,81,634,495,17,4,19,24,-136,55,94,-48,317,110,13,262,223,-5,133,43,9,110,7691,211,285,163,656,1273,313,17,-44,72,300,178,420,203,532,14700,859,3491,9830,1496,9269,388,227,256,192,885,-157,12516,1479,168,646,1,-19,64,4694,17433,1330,926,2134,244,487,872,137,130,116,2071,161,24438,109,6287,15104,303,2161,77,255,3934,3104,207,5384,129,30747,1827,1130,10478,18079,4723,15178,238,2116,1378,413,338,193,107,17254,3911,3225,3563,8273,7126,286,496,3696,489,1449,57,923,1086,2692,804,2070,705,1881,1822,996,1773,10770,411,1234,9741,4509,77,5980,468,404,943,988,587,10754,30,663,5030
24,326,373,182,220,54,925,814,206,476,134,267,74,688,486,20,132,73,-64,20,121,195,-44,331,72,32,241,217,12,129,114,41,82,7400,228,320,137,7,1433,-65,151,-10,3,100,106,857,217,406,14025,831,3267,9143,1433,8632,402,220,218,181,847,-110,12341,1610,192,467,4,6,31,4683,17595,1309,947,1966,248,405,636,147,95,114,2063,184,24970,107,6567,16029,345,2481,78,274,4341,3410,202,5889,121,28652,2053,1319,10501,17425,4761,15036,244,2132,1472,435,374,222,118,17669,4242,3661,4036,9154,7276,325,521,3902,493,1633,74,1076,1227,3077,918,2342,812,2108,2070,1159,1960,11764,460,1318,10202,5008,92,6233,508,487,1078,1132,648,11843,36,764,5536
50,374,343,210,234,42,937,773,164,473,-27,245,76,699,535,13,192,-2,-49,159,-8,0,-34,349,83,-19,227,221,24,172,86,-6,162,7159,242,305,152,508,1187,169,-85,24,72,369,237,-61,179,517,13497,912,3049,8529,1362,8077,448,244,255,178,836,-72,12272,1691,201,576,-3,41,88,4553,17546,1235,967,1831,241,496,777,147,161,118,2056,212,24875,127,6886,16772,375,2722,86,285,4585,3703,236,6417,120,25848,2216,1479,10607,16688,4831,14883,74,2076,1563,463,413,202,130,18479,4562,4117,4406,10030,7440,355,558,4075,504,1793,73,1211,1407,3434,1075,2570,963,2404,2300,1287,2168,12810,515,1421,10673,5486,88,6476,567,548,1204,1279,666,12879,44,874,6172
-6,254,375,159,239,90,881,809,253,472,49,215,77,731,569,30,16,53,-18,201,61,111,-24,284,81,2,249,181,-9,163,14,17,-49,7056,222,283,138,797,1645,428,5,48,-154,49,56,411,237,315,12998,900,2574,8074,1385,7784,400,229,225,180,814,-22,12021,1839,216,417,-2,47,51,4387,17471,1099,1007,1592,232,540,878,167,100,118,2050,226,24354,126,7150,17674,378,3011,84,282,4843,3959,228,6872,110,23955,2358,1621,10722,15514,4857,14252,216,2009,1678,520,462,246,150,19052,4845,4548,4838,10886,7617,407,599,4206,518,1958,65,1324,1612,3773,1233,2844,1065,2631,2516,1403,2314,13557,570,1486,11095,5895,82,6755,623,615,1331,1394,698,13497,52,991,6662
24,443,396,146,214,53,888,700,88,407,135,239,83,747,622,-15,134,102,5,75,131,224,-18,223,97,18,242,195,3,115,80,46,45,6982,171,320,126,-277,1150,-132,121,-274,-70,298,205,860,135,729,12412,914,2285,7616,1333,7483,386,185,249,149,796,29,11723,1950,208,517,-1,-21,101,4167,17473,1050,983,1588,203,496,926,160,97,112,2061,221,24071,124,7233,18047,412,3209,97,283,5188,4185,251,7309,106,22106,2456,1776,10780,14852,4867,13739,91,1901,1739,584,494,258,161,19594,5209,4927,5216,11481,7775,455,587,4293,535,2073,62,1469,1751,4074,1379,3124,1176,2838,2731,1564,2442,14349,624,1543,11347,6326,96,6994,666,682,1426,1476,764,13981,58,1093,6964
59,280,460,189,204,97,847,721,238,403,-2,146,68,782,670,0,82,-105,19,227,-96,-172,-11,419,129,19,247,200,16,135,57,45,139,6975,238,296,112,261,1860,159,52,-242,23,208,133,-117,235,207,12231,948,2055,7067,1280,7189,358,218,258,178,815,69,11420,2077,203,397,-1,12,9,3804,17485,1019,935,1503,229,494,939,163,132,124,2073,238,23600,84,7251,18459,312,3383,107,308,5446,4218,234,7608,114,20696,2486,1867,10820,13621,4839,13477,230,1835,1737,586,523,253,181,20081,5464,5405,5541,11950,7882,506,607,4268,534,2190,50,1606,1971,4341,1522,3322,1258,3060,2965,1694,2594,14951,671,1589,11176,6640,100,7174,713,756,1574,1541,832,14280,66,1163,7329
-31,587,429,178,134,-1,863,733,41,396,94,270,70,834,613,13,236,-35,1,-180,-26,-38,-7,223,66,2,267,212,23,129,132,-7,45,6861,197,258,171,836,902,427,183,-205,114,511,268,362,185,625,12128,900,1845,6724,1203,7082,369,138,217,168,1046,-621,11238,2162,199,436,-1,50,64,3564,17233,1041,927,1393,222,454,923,124,119,115,2173,248,21730,63,7212,18588,352,3463,98,316,5661,4364,226,7832,133,18858,2538,1914,10739,13003,4865,12701,-264,1751,1777,610,545,213,199,20638,5614,5695,5976,12430,7949,541,626,4180,520,2287,68,1667,2143,4524,1654,3478,1359,3197,3112,1812,2599,15336,714,1637,11005,7004,117,7397,714,817,1665,1559,871,14577,75,1237,7423
3,362,406,148,176,44,867,688,213,402,183,148,115,873,645,28,-30,32,19,18,39,99,-5,398,129,22,290,188,18,164,36,33,130,6891,209,313,137,-451,2115,-220,-194,-169,-131,-21,-1,841,206,189,12011,973,1653,6566,1098,6925,417,197,275,189,840,-568,11155,2272,202,536,0,-269,68,3261,17013,766,954,1452,194,547,905,132,163,106,2122,232,21415,81,7011,18496,260,3421,104,304,5675,4228,190,7916,142,18211,2499,2005,10868,12167,4864,12909,-135,1650,1783,626,538,215,211,20693,5777,6015,6283,12815,7936,577,578,4126,520,2323,57,1738,2244,4744,1742,3546,1431,3307,3235,1895,2601,15675,735,1638,10871,7211,108,7587,754,861,1796,1605,920,14469,84,1291,7621
47,462,448,165,177,100,886,706,144,394,-9,318,83,920,679,-9,117,90,38,192,118,227,-2,283,34,34,317,218,34,128,116,57,18,7031,201,324,118,114,760,68,-70,-127,-44,252,161,-299,224,635,12208,927,1609,6402,1206,6903,428,182,292,211,886,-513,11048,2390,197,326,0,-245,-22,3118,17015,808,981,1340,176,578,619,161,-11,117,2142,236,19777,88,6812,18463,289,3415,102,322,5665,4257,183,7856,134,16843,2481,2040,10982,11699,4678,12462,10,1500,1758,643,542,249,222,20914,5883,6142,6453,12899,7940,614,539,4099,522,2475,58,1736,2344,4846,1821,3583,1478,3355,3425,1947,2544,15963,770,1653,10700,7392,106,7777,769,913,1870,1619,970,14300,94,1354,7669
-73,274,425,162,249,12,915,668,308,420,91,289,66,905,732,5,272,-52,-30,185,-39,-1,4,198,99,25,316,183,-13,148,18,-1,117,7230,275,279,170,712,2027,365,64,-90,53,533,313,225,253,387,12411,990,1483,6077,1233,7049,337,216,266,187,890,-455,10885,2480,193,494,0,-218,27,2920,17029,867,951,1308,262,594,864,165,71,124,2184,232,17245,79,6400,18038,262,3390,99,310,5509,3949,235,7669,138,14909,2315,2071,11070,10563,4614,11535,133,1374,1702,624,556,253,233,20885,5883,6191,6639,13088,7796,628,551,4172,528,2458,56,1756,2426,4986,1880,3592,1512,3404,3504,1970,2509,15910,787,1622,10597,7349,95,7949,818,946,1900,1606,1011,13901,99,1377,7534
-35,600,401,160,165,79,877,702,80,423,198,253,73,985,690,12,-64,22,-11,299,39,133,12,390,33,41,309,180,12,159,101,29,115,7298,220,379,161,39,1034,5,201,-60,149,-44,50,775,145,835,12497,1007,1352,6318,1140,7119,315,185,184,154,752,-405,10883,2616,195,252,1,-183,77,2828,16987,934,810,1319,192,426,930,178,157,141,2232,230,16941,33,6233,17431,238,3298,104,300,5300,3843,240,7421,126,14903,2260,1989,11244,10369,4632,11525,-53,1481,1639,601,529,207,244,20529,6026,6354,6720,12996,7689,642,503,4286,527,2431,38,1751,2512,5066,1940,3607,1520,3357,3517,1978,2509,15607,796,1561,10681,7231,106,8132,814,954,1855,1616,1064,13258,100,1445,7423
-1,339,305,158,201,48,841,725,260,405,20,254,80,954,746,7,100,102,7,-245,114,286,-809,278,117,-11,324,223,25,184,108,62,106,7568,209,301,163,739,2340,313,-134,-35,-34,259,218,42,323,426,12702,1035,1400,6185,1155,7342,451,217,300,219,1248,-337,10945,2783,206,510,2,-154,49,2612,16942,863,674,1230,283,566,979,150,148,156,2261,220,15281,68,5817,16540,238,3205,98,282,5044,3539,206,7212,136,13279,2107,1942,11481,9722,4514,11707,67,1356,1605,570,513,180,255,20309,5886,6277,6820,12764,7581,647,518,4401,524,2426,63,1716,2539,5083,1974,3602,1509,3310,3510,2012,2494,15238,794,1543,10993,7115,89,8348,797,931,1855,1585,1092,12444,104,1476,7188
45,538,444,182,222,103,881,676,175,391,112,214,52,968,736,17,271,-4,34,-49,49,19,-797,360,57,26,325,211,-9,176,103,38,123,7842,234,310,168,438,1084,456,20,-7,52,566,130,578,218,884,13022,1070,1309,6280,1199,7547,414,159,282,140,919,-273,11061,2880,213,-163,-32,-115,-22,2674,17037,871,664,1190,237,670,996,113,140,156,2351,199,14250,76,5580,16010,223,3029,86,276,4808,3365,187,6913,141,12603,2081,1873,11785,9662,4552,11974,162,1439,1531,525,481,159,260,19973,5802,6162,6746,12535,7340,639,500,4548,524,2374,60,1711,2566,5028,2027,3531,1489,3222,3466,2034,2434,14501,808,1543,11343,6955,64,8517,794,910,1860,1568,1123,11966,107,1519,6897
85,484,491,189,55,38,956,736,318,401,28,248,77,1052,847,-5,32,65,-49,168,135,158,-785,267,158,54,325,204,5,219,11,69,111,8112,235,356,145,1085,2429,-215,180,19,165,68,305,767,270,494,13488,1119,1380,6382,1322,7807,417,182,251,156,1170,-209,11220,2997,209,57,-30,-79,10,2591,17187,906,576,1111,231,416,1019,148,150,144,2394,155,12341,52,5080,15253,137,2866,78,282,4538,3059,208,6611,157,11448,1785,1802,11959,9367,4537,11834,-288,1486,1500,470,460,170,266,19485,5626,6114,6757,12141,7070,625,472,4670,517,2321,49,1663,2579,4971,2063,3446,1469,3125,3407,2047,2370,13947,838,1558,11732,6818,59,8587,778,880,1845,1544,1141,11272,110,1514,6635
32,438,501,168,158,116,949,722,187,393,140,285,92,1117,908,2,215,133,-27,382,-65,137,-775,370,85,25,324,217,22,164,105,31,197,8354,232,337,184,172,1175,132,-43,44,17,425,118,344,290,939,14014,1102,1472,6543,1380,8122,421,164,224,160,1077,-142,11322,3141,222,291,-30,-41,49,2616,17337,943,487,1267,240,650,1083,154,135,127,2566,131,11917,49,4708,14528,180,2699,71,283,4281,2995,201,6298,167,10846,1657,1738,11970,9442,4638,12100,-214,1545,1366,433,436,95,273,18889,5445,5937,6652,11784,6983,608,423,4798,509,2266,52,1624,2588,4849,2064,3351,1430,3035,3376,2039,2249,13134,828,1514,12097,6722,57,8750,793,863,1797,1490,1174,10674,114,1540,6323
71,452,500,179,172,74,983,777,351,387,104,269,102,1197,947,7,146,87,-3,-411,-4,277,-763,226,94,20,359,234,28,149,120,67,-117,8551,240,346,159,860,2571,460,122,-777,119,295,281,909,284,600,14399,1088,1459,6477,1447,8437,427,176,332,143,1120,-84,11521,3282,214,377,-27,-11,59,2672,17530,1001,426,1343,227,653,1157,146,196,129,2601,144,10530,55,4427,13844,163,2584,68,299,4153,2673,210,5959,178,9622,1486,1686,12225,9138,4684,12011,-122,1595,1288,408,417,114,279,18498,5338,5786,6481,11272,6915,596,359,4927,516,2199,44,1562,2590,4771,2060,3225,1362,2927,3338,1967,2184,12495,821,1497,12453,6521,65,8873,778,849,1799,1431,1196,9899,114,1557,5947
-29,510,438,175,107,59,1038,768,212,365,205,262,80,1211,969,-3,313,160,15,-220,83,113,-752,422,177,46,378,252,15,148,81,-5,-11,8809,231,357,153,320,1967,187,279,-731,-169,637,178,518,258,769,14828,1099,1574,6799,1484,8744,446,209,298,138,1158,-19,11697,3408,215,493,-26,15,-60,2609,17709,958,380,1445,271,666,1200,158,198,121,2693,153,10214,58,4123,13145,99,2425,66,311,3891,2540,222,5597,185,9184,1406,1577,12616,9525,4721,12276,-44,1654,1248,373,395,111,286,17832,5135,5617,6311,10805,6981,589,328,5013,525,2131,49,1482,2585,4653,2044,3104,1309,2760,3302,1916,2067,11746,826,1508,12862,6440,58,9047,758,824,1771,1379,1232,9220,113,1580,5553
21,526,484,147,204,113,1065,738,255,372,110,280,78,1182,1010,-1,162,83,27,8,168,293,-742,371,111,11,403,216,32,177,149,26,107,9145,214,400,170,983,1563,528,86,-693,-66,202,351,1128,299,638,15466,1244,1513,6766,1491,8977,471,173,318,154,1200,41,11930,3509,235,131,-25,43,-31,2719,17937,1041,284,1530,246,711,1174,170,209,141,2782,140,8640,54,3828,12425,125,2278,62,333,3650,2383,232,5311,175,8980,1240,1462,12974,9764,4769,12549,39,1739,1171,368,370,108,289,17422,4938,5450,6129,10227,7166,573,323,5143,516,2101,50,1429,2574,4483,2020,2935,1260,2665,3205,1838,1983,11028,824,1564,13208,6252,49,9204,732,789,1714,1307,1232,8627,111,1590,5180
66,592,496,202,211,68,1074,783,231,323,246,256,76,1198,1026,2,361,169,-7,220,44,140,-736,421,104,36,386,203,-7,217,68,55,213,9510,266,442,159,578,2331,19,222,-653,36,537,237,790,254,701,15813,1287,1537,6819,1535,9256,439,198,301,164,1227,101,12276,3618,234,341,-23,-154,-2,2794,18279,1066,307,1601,216,757,586,174,184,163,2883,139,8468,47,3526,11654,108,2121,52,349,3495,2158,234,4974,153,9431,1163,1362,13253,9815,4851,12810,117,1798,1095,374,342,84,297,16826,4780,5192,5984,9680,7352,564,303,5263,523,2012,47,1375,2531,4319,1959,2812,1216,2554,3029,1775,1912,10366,841,1587,13504,5977,47,9326,719,758,1668,1241,1247,7782,109,1599,4916
-11,599,539,215,236,138,1119,800,320,339,173,292,86,1222,1051,7,278,111,5,342,129,297,-723,451,108,21,382,203,12,205,147,24,89,9749,291,422,174,1276,1697,409,44,-608,155,209,221,636,295,716,16291,1362,1550,6968,1591,9654,445,236,343,158,1274,-91,12477,3701,225,431,-23,-134,27,2835,18471,1044,293,1538,268,715,863,176,196,168,2993,134,7506,39,3277,10774,95,1990,44,340,3260,2049,209,4680,144,10206,1099,1282,13546,10059,4951,12827,-165,1840,1043,353,323,91,301,16507,4643,4959,5846,9151,7579,555,278,5318,537,1924,43,1315,2501,4190,1911,2681,1182,2378,2930,1713,1789,9802,842,1615,13784,5719,47,9440,701,710,1609,1169,1254,7245,107,1608,4514
37,558,564,156,243,110,1188,865,304,356,138,301,90,1264,1108,-30,215,68,32,92,101,123,-710,415,131,49,388,186,31,210,46,59,209,10061,293,367,187,935,2262,417,207,-560,99,569,214,1052,242,788,16823,1430,1547,7305,1549,10010,499,222,336,201,1177,-26,12740,3814,254,375,-21,-106,61,2876,18691,1005,326,1643,262,728,1032,176,166,164,3011,128,6975,34,2953,9972,113,1852,37,338,2984,1877,200,4322,153,10888,1013,1212,13739,9937,4966,13011,-62,1778,1006,333,301,79,310,16658,4602,4686,5608,8574,7766,545,268,5396,542,1829,51,1266,2454,3994,1851,2553,1119,2242,2789,1633,1699,9170,837,1657,14039,5554,43,9573,686,676,1580,1103,1261,6723,110,1598,4210
86,564,563,177,199,87,1254,917,312,379,78,257,102,1249,1102,-25,199,154,5,281,204,303,-702,476,109,35,410,258,-24,187,132,46,191,10343,303,382,191,648,2104,365,173,-519,208,413,199,910,299,761,17248,1446,1645,7569,1582,10368,500,283,356,180,1247,27,12991,3843,266,461,-18,-86,23,2854,18918,972,348,1773,262,667,1147,159,145,169,3031,108,6309,51,2788,9311,74,1692,37,344,2792,1741,219,3956,137,11639,999,1142,13943,10227,5005,13466,8,1824,1010,307,290,91,313,16854,4634,4400,5370,8123,7930,525,232,5456,538,1741,47,1193,2421,3784,1751,2432,1073,2067,2663,1568,1626,8602,828,1634,14232,5420,35,9661,649,637,1533,1039,1257,6215,107,1590,3904
53,547,595,188,228,137,1251,913,334,388,189,265,104,1292,1134,-19,368,88,20,194,153,195,-690,495,118,37,423,276,6,172,110,70,216,10542,265,392,194,1338,2039,381,323,-480,-16,347,220,735,302,732,17748,1397,1672,7666,1560,10699,516,256,355,184,1358,102,13105,3908,248,432,-16,-59,40,2885,19173,1017,361,1736,256,693,1197,170,174,179,3056,87,5630,52,2640,8626,68,1517,37,362,2603,1577,231,3669,156,12357,973,1057,14122,10284,4985,13761,88,1856,1020,316,272,80,315,17054,4682,4144,5113,7657,8082,507,240,5525,548,1651,41,1133,2403,3629,1684,2303,1016,1935,2593,1478,1603,7969,826,1644,14420,5271,36,9799,644,597,1482,1009,1221,5738,101,1566,3612
85,617,608,176,211,95,1292,880,326,412,131,258,107,1262,1148,-15,280,81,-31,440,76,177,-685,488,120,32,434,301,23,204,129,66,220,10771,277,412,198,1131,2089,325,237,-436,87,482,182,1049,282,776,18071,1452,1732,7920,1611,10890,576,240,345,189,1405,-234,13256,3932,241,417,-15,-23,39,2953,19298,1000,379,1699,268,677,1278,196,185,179,3075,80,5190,44,2513,8067,57,1418,32,356,2543,1468,233,3377,164,12957,918,998,14189,10523,5026,14140,124,1884,1018,286,251,83,314,17341,4719,3904,4943,7194,8189,496,198,5582,539,1560,48,1084,2378,3430,1605,2166,963,1813,2575,1416,1566,7328,829,1639,14647,5197,30,9834,613,576,1462,984,1205,5258,96,1566,3317
66,691,603,179,218,70,1420,858,365,428,164,311,97,1230,1224,-7,254,167,-8,184,166,281,-682,484,192,26,431,280,24,188,112,77,175,11069,284,442,162,967,2062,670,195,-382,192,415,355,1004,265,882,18298,1503,1695,8078,1666,11199,603,220,358,157,1427,-174,13401,3946,255,460,-15,1,42,2957,19375,999,388,1758,295,727,1271,196,197,186,3155,72,4578,54,2436,7588,45,1307,30,355,2491,1357,256,3183,158,13549,860,921,14382,10767,5108,14514,-147,1964,1015,306,226,85,316,17612,4714,3711,4768,6690,8334,484,188,5624,528,1456,58,1025,2330,3217,1511,2037,908,1672,2538,1322,1560,6814,820,1629,14818,5178,25,9837,612,542,1418,937,1181,4829,89,1558,3011
64,651,560,206,278,97,1481,812,377,407,168,337,90,1245,1228,-3,243,119,7,407,112,249,-668,486,168,22,421,276,53,227,111,52,153,11370,283,456,167,833,2295,484,171,-340,168,473,322,1043,256,890,18714,1492,1695,8366,1751,11537,643,230,359,171,1465,-108,13519,3982,251,507,-13,31,27,2984,19481,1029,381,1765,293,741,1130,194,207,161,3172,70,4131,58,2385,7417,35,1193,35,329,2460,1233,244,3052,145,14212,791,853,14508,10995,5074,14672,-57,1986,999,255,224,91,320,17839,4775,3568,4684,6240,8423,465,190,5641,537,1380,54,992,2294,3043,1437,1904,837,1551,2511,1262,1542,6314,801,1615,14946,5169,24,9832,566,495,1373,912,1178,4347,89,1540,2779
80,678,624,194,275,103,1441,818,349,396,154,369,78,1232,1267,1,254,103,28,281,127,219,-661,568,164,50,381,287,49,226,112,41,168,11638,298,449,155,812,2502,375,145,-295,139,464,271,987,285,911,19013,1523,1774,8788,1774,11738,651,223,371,172,1437,-50,13646,3991,239,506,-10,26,63,2980,19493,1084,393,1770,285,829,1230,159,216,125,3239,73,3746,46,2352,7351,16,1095,30,324,2444,1096,239,2949,146,14812,753,793,14595,11191,5080,14834,9,1997,1011,249,214,85,320,18003,4772,3484,4619,5797,8531,444,192,5649,531,1311,50,943,2263,2861,1337,1751,765,1432,2492,1209,1526,5765,789,1584,15122,5193,21,9828,536,465,1356,866,1186,4002,87,1509,2526
70,698,658,209,279,131,1512,876,376,377,143,365,75,1228,1251,7,233,100,43,350,101,224,-652,571,147,34,381,286,40,257,137,51,183,11807,281,479,172,813,2505,379,292,-263,103,446,282,997,303,918,19320,1551,1773,9035,1824,12003,665,209,386,212,1414,1,13815,3972,227,516,-10,47,24,3045,19532,1118,379,1799,305,807,1122,145,216,128,3280,69,3375,34,2345,7312,19,983,25,321,2429,1002,246,2839,133,15384,680,732,14722,11382,5053,14803,85,2013,1001,237,202,74,319,18181,4789,3419,4533,5436,8606,421,202,5584,525,1268,32,883,2204,2697,1245,1649,726,1348,2471,1153,1503,5337,788,1569,15214,5179,16,9841,525,432,1318,857,1175,3667,85,1501,2342
82,723,656,230,253,131,1574,902,352,398,210,365,64,1256,1224,-12,299,116,48,238,109,227,-645,506,152,21,374,296,30,234,153,43,172,11932,313,476,183,962,2597,471,244,-228,234,479,251,1016,286,955,19547,1529,1816,9407,1877,12280,680,239,397,214,1501,76,13879,3966,218,479,-10,-529,52,3033,19590,1144,378,1818,311,851,1175,163,207,123,3297,79,3053,36,2322,7296,7,938,28,318,2397,922,266,2755,128,15742,626,677,14804,11556,5047,14892,-23,1976,992,235,201,72,322,18378,4768,3350,4480,5191,8621,402,203,5589,520,1211,38,847,2156,2526,1162,1530,659,1275,2473,1094,1489,4890,792,1542,15281,5160,11,9890,519,395,1273,812,1155,3362,77,1462,2270
81,760,690,214,264,111,1618,894,331,396,212,366,81,1256,1252,-5,306,115,39,293,118,223,-637,495,158,53,376,321,17,222,155,65,144,12129,327,470,218,960,2711,403,200,-175,191,456,271,1022,263,1056,19867,1560,1873,9622,1869,12599,686,237,404,186,1596,69,13997,3957,199,501,-8,-497,24,3011,19687,1141,368,1824,302,845,1247,172,192,108,3287,73,2876,44,2326,7290,4,883,15,329,2380,815,261,2716,135,16078,561,623,14814,11739,4962,14945,70,1965,1000,236,201,77,318,18491,4731,3299,4410,5052,8661,372,199,5597,532,1156,51,787,2128,2397,1080,1433,612,1218,2430,1051,1472,4477,788,1515,15382,5103,12,9816,510,355,1240,778,1108,3103,70,1432,2195
79,762,700,188,278,121,1629,905,331,372,212,387,86,1293,1261,-2,352,96,29,341,119,163,-627,488,154,49,369,327,34,236,146,102,161,12250,324,513,197,950,2783,459,201,-136,175,475,276,1110,256,1051,20223,1659,1858,9895,1898,12840,656,224,396,168,1647,132,14026,3935,200,518,-7,-463,42,3002,19706,1143,331,1775,286,858,1266,160,196,111,3281,87,2678,27,2304,7294,13,827,22,347,2327,732,270,2664,126,16442,520,560,14792,11896,4915,15090,145,1940,1002,257,196,80,319,18633,4708,3236,4367,4956,8713,356,205,5568,529,1123,35,742,2085,2263,1015,1322,566,1179,2412,1005,1452,4114,763,1486,15483,5047,15,9803,492,312,1201,762,1082,2884,64,1394,2105
68,789,748,199,251,113,1672,910,337,341,213,402,86,1280,1278,2,301,123,27,291,114,164,-620,475,170,39,392,324,8,198,126,87,187,12466,350,504,207,991,2807,519,175,-94,197,499,280,1192,274,1088,20513,1658,1848,10028,1888,13047,668,236,405,191,1695,52,14065,3901,169,489,-6,-442,23,2979,19767,1145,356,1862,281,866,1265,175,217,102,3308,95,2667,45,2307,7318,15,782,5,335,2292,704,272,2584,127,16798,489,516,14789,11998,4821,15227,162,1946,979,257,192,76,321,18694,4676,3161,4281,4852,8733,346,212,5572,494,1071,31,704,2033,2162,941,1258,527,1101,2388,950,1455,3815,745,1450,15591,5029,18,9694,474,290,1144,724,1061,2672,60,1353,2023
66,799,794,214,249,129,1767,927,398,332,235,438,95,1274,1178,9,311,130,47,306,130,201,-611,480,175,38,403,338,27,198,110,85,178,12635,364,493,205,1010,2915,483,211,-48,171,522,324,1304,292,1091,20724,1671,1805,10140,1882,13313,654,210,413,186,1867,37,14090,3828,191,472,-4,-415,47,2932,19820,1138,376,1866,314,885,1252,207,201,114,3321,94,2684,41,2308,7264,12,742,11,333,2260,677,274,2524,116,17034,453,466,14724,12175,4812,15395,157,1984,964,251,182,69,322,18762,4644,3091,4208,4772,8738,327,200,5551,470,1026,39,671,1965,2071,881,1177,475,1017,2367,904,1449,3555,728,1438,15604,4980,14,9563,460,266,1085,702,1036,2512,59,1321,1948
65,845,831,225,246,134,1828,975,410,341,242,457,79,1276,1190,-2,347,123,25,343,104,242,-603,472,178,39,431,332,26,211,131,92,173,12866,363,524,201,1055,2991,507,190,-12,169,495,302,1272,289,1113,21052,1734,1771,10346,1910,13427,670,209,421,172,1937,115,14100,3798,197,501,-2,-387,11,2907,19855,1118,361,1863,316,879,1222,185,221,122,3308,82,2721,51,2273,7202,9,690,6,326,2220,637,283,2426,117,17229,413,419,14789,12470,4734,15441,179,1964,949,235,169,74,323,18766,4603,3036,4135,4633,8742,310,194,5513,465,1000,50,646,1927,1997,838,1111,426,951,2319,875,1419,3343,716,1432,15599,4927,14,9558,464,244,1041,674,1024,2355,56,1280,1891
76,890,815,238,254,125,1841,1003,428,311,226,457,78,1278,1181,0,296,132,46,361,131,256,-594,492,177,39,431,336,16,215,178,76,183,13006,369,561,207,1079,3058,563,231,24,167,487,313,1298,307,1118,21352,1752,1747,10483,1910,13732,721,225,430,177,1971,36,14068,3758,210,472,-1,-360,38,2865,19904,1131,381,1841,327,907,1252,179,224,132,3307,66,2763,48,2263,7147,10,634,13,318,2166,579,279,2392,110,17504,390,378,14767,12657,4687,15582,185,1972,923,224,168,82,319,18815,4599,2975,4051,4555,8737,313,194,5474,445,949,39,600,1913,1912,784,1055,398,907,2300,821,1398,3192,709,1409,15648,4887,21,9508,449,225,1007,649,1018,2217,49,1246,1832
73,906,834,251,250,138,1867,1028,430,299,222,501,82,1343,1188,3,295,137,47,350,196,225,-577,571,165,30,432,356,36,222,148,69,160,13208,374,582,203,1096,3171,570,228,79,176,543,309,1356,296,1119,21699,1784,1747,10595,1946,14113,748,259,387,185,2065,92,14118,3789,215,499,1,-333,8,2817,19993,1154,360,1794,320,909,1294,160,188,143,3341,68,2849,44,2266,7090,-2,583,20,327,2101,514,282,2299,126,17687,366,353,14859,12838,4677,15659,187,1898,943,196,164,83,320,18810,4541,2915,3987,4452,8720,298,189,5439,438,903,33,557,1872,1846,733,1009,365,861,2241,771,1374,3052,680,1377,15645,4836,22,9449,432,204,970,630,978,2089,46,1206,1766
62,924,848,244,258,153,1920,973,476,291,217,468,72,1347,1191,4,318,119,42,334,199,244,-572,612,146,26,397,346,31,245,128,81,169,13401,402,616,208,1138,3281,559,279,-235,183,574,333,1385,255,1156,22172,1819,1796,10715,1939,14358,775,249,384,196,2100,-175,14177,3799,232,519,2,-304,51,2741,19963,1113,364,1762,344,961,1277,181,190,122,3348,74,2846,37,2249,7035,-2,545,2,339,2046,482,285,2236,119,17913,322,327,14927,12931,4642,15791,145,1867,905,211,149,86,316,18864,4522,2869,3921,4390,8640,278,169,5383,439,888,35,523,1822,1787,676,948,347,799,2189,741,1327,2903,662,1332,15723,4749,21,9374,427,183,926,603,951,2049,43,1166,1664
81,924,878,250,257,126,1970,967,464,289,219,460,87,1371,1156,-8,322,141,33,346,158,271,-557,612,179,52,397,352,27,228,121,77,188,13596,373,643,248,1161,3379,551,275,-180,176,624,327,1441,314,1184,22417,1826,1858,10889,1943,14484,788,235,359,218,2182,-103,14154,3734,212,533,-49,-276,49,2753,20050,1094,346,1763,352,955,1261,184,191,112,3427,72,2850,36,2186,6984,1,539,8,336,2004,485,291,2166,117,17994,291,307,14967,12996,4608,15773,144,1869,871,194,140,87,318,18876,4512,2785,3861,4325,8640,261,162,5353,420,832,31,480,1760,1695,637,903,317,755,2148,692,1294,2778,645,1308,15715,4713,15,9349,411,178,899,573,917,1959,43,1136,1628
83,969,884,252,272,112,2016,972,458,294,191,476,88,1403,1159,-4,353,139,14,383,133,296,-545,607,153,23,415,343,48,226,139,75,203,13813,374,626,247,1187,3429,534,272,-146,165,623,333,1470,316,1282,22784,1828,1859,11079,1948,14730,794,217,402,211,2214,-39,14227,3736,208,520,-47,-249,42,2710,20078,1119,328,1770,336,899,1264,187,192,116,3506,64,2865,57,2163,6935,4,515,10,327,1951,467,300,2083,102,18071,284,289,15025,13139,4540,15826,119,1837,854,174,130,87,319,18841,4497,2722,3772,4238,8591,247,167,5325,397,777,43,458,1699,1634,591,855,305,700,2120,648,1261,2681,626,1249,15697,4636,13,9271,385,155,865,529,864,1879,42,1097,1563
83,998,877,267,266,117,2082,1009,459,302,180,485,84,1433,1175,-1,365,175,34,336,124,261,-537,604,152,50,414,350,-2,212,144,61,206,14004,357,600,252,1207,3509,552,258,-102,174,670,303,1528,306,1317,23105,1867,1840,11284,1976,14950,800,250,422,207,2229,28,14250,3725,212,479,-47,-220,33,2701,20127,1157,317,1822,298,879,1316,172,224,122,3553,51,2908,43,2100,6878,6,496,1,343,1936,426,295,2037,113,18103,258,279,14986,13347,4453,15881,143,1822,861,177,119,77,322,18842,4472,2642,3703,4145,8509,236,171,5269,403,732,33,417,1650,1573,547,789,277,652,2094,585,1234,2552,608,1211,15631,4547,10,9202,354,141,833,508,834,1786,38,1041,1520
74,898,863,253,268,108,2044,996,482,304,181,529,96,1457,1133,5,355,183,14,378,160,242,-527,606,159,36,399,361,27,229,157,49,187,14157,349,590,241,1261,3629,517,261,-69,158,641,323,1441,332,1301,23501,1887,1831,11539,1968,15231,817,246,426,210,2233,91,14258,3748,184,487,-43,-195,31,2719,20135,1174,328,1801,321,895,1037,177,211,104,3511,42,2886,36,2054,6760,10,447,7,361,1865,414,298,1991,112,18169,250,259,15085,13512,4461,15928,132,1807,846,125,122,82,322,18882,4427,2606,3625,4071,8482,231,175,5248,398,685,43,394,1581,1509,511,739,264,612,2042,551,1197,2488,598,1191,15662,4501,9,9147,340,129,793,501,802,1695,35,983,1450
70,923,852,253,272,114,2064,981,494,306,179,526,100,1441,1124,11,359,153,35,332,158,275,-520,548,138,27,413,344,50,239,149,40,197,14266,366,602,235,1286,3721,547,255,-21,144,724,329,1520,333,1299,23793,1930,1865,11757,1942,15565,818,230,444,224,2287,76,14270,3723,179,506,-42,-168,45,2720,20052,1166,314,1814,337,922,1083,189,209,123,3510,49,2867,28,2017,6701,13,423,9,323,1818,403,281,1938,107,18271,236,240,15124,13757,4368,15884,149,1783,813,139,119,76,327,18886,4417,2529,3575,3952,8503,228,164,5207,367,643,38,369,1537,1448,495,701,244,596,2020,526,1151,2386,598,1167,15606,4435,9,9059,339,120,764,486,791,1610,31,937,1373
75,943,854,231,264,109,2119,1014,502,306,163,537,98,1399,1172,-12,338,128,14,368,171,295,-511,583,150,36,404,354,31,287,152,52,207,14475,351,637,243,1340,3826,499,241,22,149,737,318,1268,351,1285,24086,2002,1884,11986,1988,15739,839,219,443,237,2369,85,14269,3684,175,468,-41,-140,60,2723,20013,1154,300,1791,330,921,1141,179,201,123,3454,71,2858,13,2019,6581,13,392,-8,304,1781,382,292,1860,98,18415,210,213,15152,13968,4304,15941,141,1754,787,146,113,79,328,18891,4355,2473,3487,3861,8412,219,144,5128,359,621,42,347,1483,1392,469,662,228,565,1976,502,1119,2281,593,1167,15631,4413,11,8974,326,108,743,477,766,1548,28,912,1335
90,986,887,197,278,100,2168,1008,517,329,216,530,116,1409,1210,-10,340,121,38,394,180,292,-498,602,151,39,404,336,30,296,163,73,208,14720,334,605,270,1377,3900,557,248,63,141,734,316,1379,380,1349,24397,1967,1923,12263,1998,15911,839,208,415,203,2461,82,14245,3621,170,550,-39,-109,52,2682,19988,1160,289,1788,333,924,1204,159,202,118,3535,71,2838,26,1994,6447,11,352,-1,290,1731,389,296,1840,106,18533,199,191,15202,13981,4277,15961,129,1787,781,99,95,81,333,18864,4336,2430,3419,3750,8404,213,155,5116,342,582,42,338,1440,1325,446,625,212,536,1926,477,1112,2184,571,1128,15590,4337,6,8844,305,86,715,460,764,1455,26,888,1302
78,991,878,207,315,138,2219,1055,499,350,232,512,119,1378,1242,-6,327,132,15,389,174,303,-489,605,158,56,395,362,33,272,155,72,217,14858,333,594,284,1401,3962,589,224,22,160,671,348,1494,388,1384,24724,2008,1941,12377,2043,16145,855,198,393,201,2534,12,14293,3583,151,585,-38,-78,51,2674,19988,1176,282,1833,322,967,1226,164,219,125,3554,59,2820,39,1942,6336,9,325,4,281,1677,380,285,1799,113,18548,189,175,15248,14151,4252,15993,124,1798,737,101,77,75,334,18769,4281,2377,3326,3660,8365,196,152,5065,345,560,37,326,1406,1270,415,599,199,498,1866,463,1092,2100,545,1065,15600,4294,3,8709,291,82,691,445,739,1366,25,852,1227
78,1019,885,242,301,145,2266,1049,518,362,247,500,108,1384,1256,0,335,146,39,397,165,265,-477,633,157,53,392,354,22,277,167,83,224,14986,350,603,265,1454,4074,542,207,66,137,666,345,1518,321,1428,24921,2020,1925,12436,2031,16346,810,203,374,196,2577,77,14250,3554,164,585,-38,-52,55,2644,19915,1187,284,1797,351,961,1289,157,218,125,3565,49,2817,20,1958,6265,11,295,9,284,1633,371,273,1725,103,18673,188,160,15266,14321,4259,16013,110,1777,726,70,76,73,333,18786,4208,2322,3263,3574,8272,164,146,5022,334,539,25,316,1360,1209,384,583,176,459,1851,443,1060,2014,519,1055,15531,4239,16,8558,281,78,664,416,722,1303,24,841,1170
79,1049,899,269,295,139,2240,1066,548,339,226,507,85,1381,1301,2,332,150,10,403,171,286,-471,664,156,54,356,375,46,280,168,82,223,15107,351,584,265,1504,4220,530,223,41,137,669,364,1518,336,1483,25269,2051,1903,12633,2062,16515,880,201,378,196,2595,17,14286,3588,178,585,-34,-25,68,2643,19875,1221,306,1778,348,935,1305,158,211,109,3590,64,2780,35,1953,6224,6,279,16,286,1582,354,249,1677,109,18714,176,155,15308,14477,4250,16163,106,1771,710,119,66,74,330,18817,4156,2280,3216,3477,8245,161,140,5035,349,530,31,291,1326,1152,360,556,147,425,1799,410,1039,1963,501,1042,15494,4159,16,8525,277,75,635,387,705,1242,20,795,1111
75,1040,947,259,303,121,2270,1087,551,332,256,496,99,1431,1309,4,344,168,28,412,137,299,-455,643,157,51,347,364,24,252,163,120,243,15346,385,608,264,1558,4302,564,249,87,136,678,353,1611,358,1495,25548,2110,1938,12660,2127,16681,892,207,401,185,2667,90,14227,3536,192,600,-32,0,69,2678,19887,1200,332,1745,366,939,1295,174,200,122,3608,68,2742,16,1944,6133,5,280,16,286,1544,338,247,1614,96,18723,158,159,15192,14573,4253,16174,120,1738,688,82,64,79,334,18666,4121,2238,3146,3403,8180,135,151,4975,344,513,31,272,1279,1103,336,536,126,397,1760,375,1017,1895,479,1013,15475,4059,20,8447,282,66,608,381,711,1211,20,780,1069
79,1078,930,263,303,100,2316,1098,559,359,281,461,98,1444,1284,-13,357,171,8,473,146,290,-440,648,167,45,350,391,19,256,182,91,214,15446,375,651,278,1591,4386,649,268,28,125,629,377,1617,374,1481,25755,2127,1966,12817,2174,16971,883,236,423,185,2735,84,14202,3491,183,605,-32,23,64,2699,19990,1246,312,1720,398,985,1346,164,257,98,3554,42,2728,13,1928,6072,3,259,21,292,1493,311,247,1565,78,18784,152,145,15232,14797,4276,16234,116,1785,688,108,70,75,327,18661,4072,2182,3063,3323,8140,117,141,4900,329,493,38,274,1247,1062,313,508,112,362,1739,355,997,1836,465,1020,15436,4010,22,8352,283,62,593,376,685,1169,20,765,1042
67,1110,942,287,298,125,2318,1131,555,332,261,455,78,1480,1295,-9,400,174,28,473,148,278,-432,645,151,33,369,363,41,253,153,55,230,15567,363,658,303,1554,4555,631,303,67,114,676,375,1625,377,1478,26073,2119,1959,12963,2197,17101,921,236,443,202,2818,20,14136,3438,188,626,-32,56,52,2725,20047,1247,295,1786,424,1020,1362,143,295,105,3520,54,2697,32,1920,6044,7,234,22,288,1467,292,250,1530,98,18878,140,135,15131,14842,4246,16313,124,1710,675,121,80,77,327,18651,3993,2112,3007,3252,8098,109,150,4874,342,473,35,261,1206,1010,288,470,90,340,1715,335,969,1768,449,998,15398,3944,22,8223,279,64,581,366,653,1107,20,749,1017
66,1104,1004,278,294,127,2328,1126,554,315,259,473,85,1482,1301,-6,427,179,30,439,141,315,-426,663,153,37,360,357,21,249,168,54,218,15720,372,640,293,1599,4621,667,298,5,121,682,367,1681,359,1508,26345,2119,1943,13084,2206,17271,953,261,474,213,2874,92,14037,3466,177,625,-32,1,50,2733,20004,1241,311,1769,418,1018,1278,136,287,96,3452,68,2680,43,1907,5988,8,222,27,280,1433,280,248,1453,107,18890,125,120,15208,14952,4259,16339,137,1676,639,153,70,77,323,18620,3962,2046,2922,3163,8093,108,128,4879,336,456,31,243,1187,964,266,441,75,328,1655,322,938,1700,432,964,15351,3884,16,8175,279,54,546,355,622,1079,20,736,976
75,1105,1025,297,292,126,2357,1086,567,308,264,493,103,1495,1336,-2,394,158,28,394,199,330,-419,685,160,42,334,354,38,262,153,48,215,15797,372,670,259,1673,4726,665,303,47,113,697,366,1737,341,1587,26621,2118,1935,13214,2214,17475,902,278,455,227,2899,62,14022,3449,165,669,-30,30,40,2774,20013,1232,304,1801,444,1075,1262,156,266,92,3466,65,2702,15,1904,5937,7,195,13,279,1396,271,248,1405,106,18955,122,127,15270,15033,4263,16324,139,1658,601,172,68,58,321,18605,3872,2016,2866,3071,8066,112,134,4909,354,432,27,239,1147,916,231,434,65,306,1623,306,925,1632,420,942,15328,3764,21,8107,271,51,517,329,596,1018,17,710,951
81,1096,1016,295,313,119,2422,1089,559,320,289,518,100,1454,1333,8,398,136,33,380,192,320,-407,654,142,41,331,378,27,259,184,79,236,15895,429,696,248,1663,4913,701,280,10,138,708,390,1733,374,1596,26878,2145,1977,13464,2180,17707,922,278,470,242,2933,65,14071,3390,149,635,-27,8,41,2739,19999,1209,310,1820,454,1044,1305,180,223,86,3496,67,2700,32,1866,5828,-3,187,12,293,1364,254,231,1366,112,18981,118,119,15329,15090,4207,16320,123,1688,597,153,56,53,322,18531,3858,1961,2830,3022,8039,107,131,4880,343,407,34,240,1116,894,216,402,74,283,1581,282,910,1598,394,925,15354,3687,14,8073,271,43,501,332,576,978,15,688,933
93,1110,1037,269,326,167,2391,1083,558,308,264,500,88,1465,1329,13,421,112,25,448,174,341,-397,641,149,26,346,389,28,253,171,46,253,15952,428,681,247,1702,4915,705,261,46,117,737,396,1727,394,1602,27154,2163,2022,13664,2176,17978,942,294,475,249,2968,131,14157,3335,135,645,-26,38,40,2710,20130,1196,318,1783,444,1073,1323,190,215,96,3552,68,2698,34,1824,5706,-1,178,14,312,1327,267,245,1344,107,18904,123,134,15341,15215,4176,16354,138,1685,580,124,55,56,325,18449,3797,1900,2747,2944,7966,107,133,4836,344,372,21,242,1079,854,203,382,75,276,1550,272,886,1534,390,902,15312,3607,13,7949,272,36,486,322,568,913,14,656,895
88,1120,1037,288,313,166,2395,1069,588,303,252,520,64,1477,1278,0,428,131,33,443,186,341,-389,658,160,35,315,410,46,279,158,55,254,16058,426,642,254,1742,4974,686,279,9,124,735,421,1730,399,1584,27399,2119,2003,13741,2158,18128,955,278,467,226,2945,36,14222,3337,149,611,-23,29,24,2624,20029,1171,320,1810,449,1032,1368,201,206,102,3528,55,2663,36,1816,5579,3,170,19,337,1314,257,244,1292,98,18896,112,144,15393,15267,4170,16373,141,1698,580,143,52,57,321,18425,3730,1857,2690,2885,7958,112,133,4752,345,360,24,224,1045,815,195,379,71,269,1516,254,852,1472,377,908,15264,3545,13,7831,246,34,471,298,568,895,14,622,875
84,1129,1040,281,309,150,2422,1090,616,283,240,516,71,1448,1270,3,431,147,30,419,172,333,-377,687,161,59,308,439,14,277,172,60,253,16224,435,633,252,1774,5087,640,279,52,126,717,431,1784,381,1548,27708,2141,2032,13900,2167,18268,936,283,462,221,2948,98,14203,3294,130,601,-20,40,31,2645,20048,1139,315,1816,404,1021,1356,187,195,117,3545,61,2631,25,1766,5524,4,169,24,317,1273,252,231,1272,99,19041,111,148,15389,15402,4121,16301,143,1746,556,150,51,62,323,18404,3707,1805,2650,2823,7940,109,117,4683,323,353,33,221,1004,777,184,356,59,252,1476,233,832,1454,377,900,15245,3443,15,7732,238,36,458,280,563,845,9,602,843
86,1164,1050,288,320,137,2474,1100,610,279,236,527,72,1462,1259,8,425,148,31,441,158,332,-367,709,185,67,326,419,39,264,177,70,277,16308,459,626,251,1774,5052,648,278,13,120,719,426,1792,400,1505,27845,2122,2033,14051,2165,18401,967,288,460,230,2948,46,14242,3276,128,597,-18,38,53,2663,20043,1155,328,1811,439,1014,1414,170,217,123,3545,53,2629,34,1713,5466,5,151,7,291,1231,242,213,1269,91,18977,110,138,15423,15479,4166,16304,144,1750,543,154,50,58,324,18418,3686,1761,2594,2769,7892,101,123,4632,300,345,53,197,964,733,177,324,53,263,1434,214,826,1384,371,885,15182,3379,19,7703,222,29,426,261,543,806,9,566,813
95,1189,1053,275,317,121,2453,1151,650,273,258,493,71,1465,1257,-4,418,151,33,458,139,326,-352,735,181,57,336,452,35,279,172,56,282,16387,450,703,252,1801,5088,598,287,47,147,716,448,1792,395,1575,28229,2185,2050,14280,2223,18651,1019,303,481,241,3055,116,14254,3267,129,625,-16,27,28,2723,20138,1154,330,1812,429,1024,1437,138,247,116,3646,53,2635,16,1688,5403,11,156,15,272,1170,243,193,1258,88,18891,113,132,15426,15584,4155,16310,141,1760,527,137,46,56,321,18412,3630,1717,2531,2711,7826,95,142,4591,304,322,43,180,913,712,175,307,54,249,1405,202,787,1353,360,872,15221,3328,21,7694,220,33,419,271,529,787,9,556,787
82,1186,1024,261,329,119,2484,1162,647,282,249,485,68,1497,1275,1,401,167,27,462,153,307,-346,765,185,54,336,421,18,284,170,58,259,16493,421,701,252,1700,5149,624,285,9,140,695,464,1805,405,1579,28487,2197,2041,14477,2220,18816,976,313,475,263,3031,70,14161,3224,128,638,-14,34,52,2688,20122,1167,326,1836,408,1021,1400,163,246,106,3665,43,2611,13,1702,5350,6,155,19,264,1098,220,232,1221,85,18942,116,136,15381,15626,4165,16351,140,1768,505,133,45,55,321,18360,3609,1691,2481,2644,7788,100,121,4575,296,309,33,148,875,664,157,295,53,214,1373,201,765,1321,358,880,15176,3256,23,7656,241,33,388,264,519,772,10,525,754
102,1191,1022,298,326,119,2471,1147,619,290,245,502,80,1472,1314,6,407,163,38,478,143,325,-338,740,181,53,329,408,43,250,158,67,244,16580,429,719,252,1728,5261,663,280,39,154,705,493,1850,400,1568,28666,2208,2023,14572,2297,19004,964,296,483,257,3067,139,14127,3210,142,658,-14,30,26,2664,20208,1170,317,1834,368,1038,1447,175,219,108,3682,39,2613,32,1702,5312,9,156,4,278,1061,204,244,1219,77,18973,130,134,15343,15660,4161,16357,161,1768,506,143,38,61,320,18306,3598,1628,2426,2566,7757,101,113,4545,295,284,28,131,847,653,150,283,47,207,1354,198,767,1270,361,878,15131,3192,22,7570,240,17,374,242,494,778,9,527,744
99,1219,1027,318,329,107,2440,1170,655,294,267,504,93,1485,1297,-10,454,179,48,471,156,319,-333,723,159,49,328,404,15,268,164,56,212,16516,418,700,222,1685,5334,697,272,6,181,716,459,1892,404,1608,28884,2182,2047,14757,2317,19170,968,307,514,247,3083,61,14041,3217,141,664,-12,31,17,2693,20258,1200,303,1860,377,1026,1465,184,216,91,3772,49,2579,31,1698,5239,2,145,8,280,1093,212,248,1188,81,18896,114,121,15334,15671,4113,16292,150,1735,504,167,40,65,322,18202,3567,1599,2374,2500,7704,100,118,4520,275,277,24,119,812,618,140,276,44,205,1332,188,764,1237,357,814,15120,3140,15,7567,260,20,342,239,439,791,8,507,724
99,1181,1070,287,329,108,2444,1182,625,328,264,528,104,1462,1271,-5,508,181,47,447,163,342,-320,708,177,37,288,384,42,288,164,55,212,16713,404,690,259,1797,5309,706,265,55,189,760,483,1899,386,1646,29176,2175,2053,14861,2347,19406,946,289,499,228,3143,43,13996,3170,158,643,-12,27,43,2693,20186,1197,302,1814,375,1054,1449,165,205,94,3790,38,2562,47,1660,5162,6,151,14,259,1073,217,243,1165,80,18852,109,114,15368,15902,4096,16363,173,1703,514,177,56,63,322,18169,3567,1561,2311,2453,7685,79,106,4497,295,264,34,118,777,588,129,266,44,211,1306,176,772,1206,342,817,15047,3093,11,7488,250,16,331,229,418,761,8,474,712
87,1199,1095,287,307,108,2457,1196,623,365,279,550,116,1472,1260,-1,513,166,38,461,189,356,-304,724,157,47,282,385,25,291,167,85,207,16806,436,687,237,1775,5437,681,245,7,178,756,482,1882,407,1698,29299,2213,2059,15011,2351,19538,956,300,499,243,3146,105,14052,3170,146,621,-11,62,13,2727,20126,1191,306,1831,381,1053,1457,143,205,103,3841,41,2526,34,1655,5118,6,148,15,268,1037,209,268,1124,108,18808,100,105,15384,15974,4114,16447,174,1652,510,145,61,66,326,18122,3509,1523,2249,2412,7640,77,102,4476,296,260,36,120,753,553,119,250,55,226,1298,174,740,1145,329,801,14968,3056,2,7438,236,13,325,251,418,733,9,469,690
99,1238,1118,270,345,136,2465,1210,591,369,278,569,116,1490,1290,2,528,143,40,496,190,375,-297,751,169,41,268,370,14,260,151,83,229,16888,435,687,233,1831,5422,715,248,56,168,780,471,1878,408,1712,29554,2252,2070,15061,2382,19531,976,300,477,245,3216,31,14044,3173,103,655,-11,77,44,2698,20064,1221,311,1837,382,1018,1429,144,229,87,3808,37,2527,48,1601,5115,1,137,16,282,1011,221,286,1108,108,18722,97,106,15371,16085,4122,16546,148,1678,532,145,63,56,324,17993,3468,1476,2215,2354,7534,71,93,4412,296,250,36,116,737,520,117,245,52,213,1282,167,739,1112,329,797,14910,2999,10,7388,214,8,312,255,418,710,7,439,666
93,1227,1102,248,344,132,2407,1223,575,391,270,554,109,1473,1265,6,489,162,46,508,201,346,-287,776,172,44,289,401,20,272,137,74,193,16977,434,707,246,1822,5484,738,269,52,167,758,410,1953,369,1735,29716,2319,2029,15228,2359,19631,913,310,457,214,3235,104,14038,3130,106,662,-10,41,16,2663,20123,1233,315,1843,394,1006,1372,164,208,81,3763,65,2550,32,1650,4995,4,121,-4,273,1006,226,275,1090,112,18704,91,101,15278,16200,4114,16543,139,1658,509,146,72,61,323,17950,3441,1447,2154,2283,7487,59,89,4389,292,248,30,116,713,500,110,228,47,202,1261,156,736,1079,303,778,14831,2934,13,7283,207,21,313,232,415,689,7,412,651
98,1243,1098,232,365,116,2424,1181,612,370,258,572,87,1460,1280,-9,500,182,44,541,195,330,-275,738,161,16,294,438,32,253,118,85,190,17136,439,719,267,1852,5510,760,286,58,143,790,375,1997,358,1754,29899,2369,2037,15335,2369,19890,895,312,454,198,3320,107,14000,3130,131,642,-10,36,40,2662,20109,1259,325,1815,411,1027,1401,178,232,74,3765,62,2542,44,1631,4936,-16,119,4,267,979,225,274,1056,121,18566,87,104,15318,16235,4100,16587,130,1653,511,154,73,52,323,17869,3416,1414,2076,2262,7428,66,66,4313,283,242,21,98,687,464,90,212,50,187,1221,138,709,1058,300,773,14800,2873,8,7187,200,23,306,227,408,695,7,408,636
87,1205,1122,240,360,97,2520,1148,576,370,225,566,93,1474,1253,-1,474,201,50,530,188,327,-259,707,136,29,286,468,4,257,125,74,231,17214,453,731,263,1885,5593,741,298,36,142,829,362,2058,344,1801,30106,2365,2058,15352,2341,20080,917,333,445,208,3338,-19,13966,3120,139,639,-10,57,24,2677,20130,1281,331,1850,411,1073,1435,187,254,82,3794,66,2546,20,1655,4868,-16,136,11,261,937,246,269,1030,121,18610,84,103,15306,16280,4044,16635,145,1639,497,156,74,43,322,17758,3390,1361,2022,2218,7341,73,67,4291,321,228,20,103,674,435,76,208,45,207,1175,131,695,1005,297,720,14778,2818,10,7090,196,3,298,217,414,683,7,403,619
82,1196,1074,239,350,86,2556,1154,602,363,233,552,101,1466,1270,8,465,214,40,522,183,345,-249,696,140,0,262,473,24,271,131,74,240,17330,452,765,259,1860,5740,727,297,35,145,799,380,2097,388,1764,30463,2363,2099,15515,2316,20232,935,341,451,207,3345,31,14003,3104,153,611,-9,53,49,2629,20184,1262,339,1878,368,1043,1422,183,264,77,3845,78,2570,31,1640,4783,-13,128,13,256,896,252,276,1028,121,18627,82,102,15294,16430,4055,16647,141,1618,535,151,78,38,322,17703,3385,1323,1987,2183,7332,74,62,4249,320,229,29,106,660,409,72,203,38,200,1163,131,676,962,275,716,14708,2771,7,6978,184,10,272,218,383,676,6,388,611
75,1204,1040,257,331,98,2562,1173,590,350,235,504,103,1481,1251,14,483,200,33,566,173,369,-235,691,146,16,262,482,33,272,163,65,212,17421,450,788,273,1889,5849,745,293,77,172,858,405,2095,395,1753,30659,2371,2107,15604,2343,20323,990,352,462,209,3334,92,13992,3084,152,589,-7,33,21,2647,20266,1245,327,1890,355,1034,1451,178,237,70,3859,74,2520,3,1668,4747,-12,136,-4,245,860,218,275,1005,107,18604,75,98,15276,16448,4118,16597,145,1629,515,148,77,44,321,17681,3362,1285,1934,2121,7268,69,58,4207,328,229,12,109,638,384,75,193,47,205,1136,140,640,945,259,749,14646,2717,18,6880,205,8,261,242,386,655,6,379,582
91,1196,993,280,342,97,2508,1190,605,349,258,493,101,1518,1285,-1,478,173,18,564,185,353,-222,698,160,41,257,458,27,261,155,70,231,17567,447,779,279,1957,5835,760,286,68,181,848,396,2103,416,1786,30791,2380,2073,15698,2313,20434,1003,358,458,212,3382,-19,13872,3076,161,615,-6,51,50,2639,20180,1250,322,1892,350,1078,1429,173,253,59,3797,74,2506,17,1696,4729,-11,145,5,237,825,223,270,1024,97,18577,78,115,15412,16514,4075,16608,137,1593,498,155,65,34,317,17637,3342,1247,1873,2052,7227,82,68,4133,321,213,34,99,626,371,76,195,48,200,1092,131,620,924,251,747,14600,2677,12,6794,194,14,244,236,361,680,4,363,589
89,1194,1038,269,344,97,2493,1222,596,353,223,499,120,1541,1272,3,461,171,36,532,218,365,-212,713,152,38,259,437,18,266,171,66,236,17670,447,731,289,2002,5903,809,301,49,177,839,409,2105,397,1744,31050,2400,2127,15742,2350,20541,1028,357,443,215,3363,43,13787,3059,132,616,-4,14,19,2633,20251,1251,332,1927,350,1063,1455,183,241,66,3824,81,2569,-5,1693,4652,-9,152,11,225,802,230,271,992,94,18509,71,121,15362,16644,4047,16636,116,1578,463,143,61,40,319,17570,3295,1208,1820,1993,7194,68,55,4122,313,207,0,88,595,355,66,192,46,182,1056,137,624,898,240,746,14595,2627,11,6753,185,16,228,236,369,674,5,376,573
84,1185,1094,285,335,114,2516,1231,615,356,219,534,116,1544,1265,8,462,156,13,490,180,340,-204,708,164,45,259,465,46,268,178,77,238,17754,467,713,328,2035,5957,807,266,39,178,840,396,2165,427,1713,31219,2370,2129,15812,2351,20622,1023,330,473,223,3348,112,13853,3034,139,623,-3,42,49,2620,20220,1258,366,1988,357,1068,1445,201,268,88,3806,68,2587,8,1715,4606,-7,139,16,237,798,210,259,961,107,18508,88,115,15497,16825,4034,16678,125,1581,455,114,61,41,322,17440,3207,1138,1775,1935,7153,57,72,4112,297,191,12,77,574,339,70,179,27,183,1021,145,601,896,246,723,14553,2583,8,6665,172,14,216,210,355,681,5,357,543
80,1151,1078,297,359,111,2533,1248,600,342,195,541,120,1553,1248,-3,511,158,38,534,183,352,-197,697,187,34,261,475,18,264,173,63,283,17887,484,700,300,2021,6081,819,283,86,168,813,392,2180,436,1681,31512,2391,2152,15922,2333,20757,1039,325,468,233,3389,-5,13784,2993,132,616,-2,44,22,2576,20302,1280,379,2001,385,1078,1423,191,281,88,3747,59,2611,27,1673,4529,-4,131,-6,254,807,207,235,978,102,18564,93,105,15410,16879,4055,16713,130,1554,443,113,55,38,323,17346,3205,1104,1739,1872,7107,54,75,4078,325,176,28,75,565,317,66,174,20,158,994,141,584,880,234,697,14503,2542,6,6533,172,19,218,198,362,657,6,330,547
111,1145,1099,303,358,123,2526,1278,598,327,221,548,112,1540,1237,-1,533,170,20,525,198,389,-191,675,197,30,262,489,38,242,178,57,286,17979,497,684,292,2022,6115,770,273,62,170,822,401,2192,422,1639,31727,2451,2151,16070,2300,20909,1009,323,477,229,3457,58,13803,2989,130,615,-2,27,42,2621,20215,1294,393,2014,420,1050,1429,203,292,75,3720,61,2620,39,1662,4495,1,117,1,249,825,210,217,977,97,18478,98,104,15358,16952,4008,16682,123,1547,434,117,46,29,322,17294,3159,1055,1702,1830,7024,56,100,4094,319,171,8,74,548,303,67,175,20,148,978,133,577,857,249,671,14492,2481,12,6466,168,19,223,211,357,671,5,333,547
104,1171,1066,300,340,110,2545,1303,581,315,247,524,101,1553,1227,4,530,165,31,506,194,381,-180,680,200,49,232,482,24,253,193,55,287,18111,545,668,294,2022,6151,825,291,88,176,836,445,2230,454,1637,31989,2480,2131,16200,2270,21101,1039,272,505,229,3426,119,13820,3021,96,632,0,34,41,2628,20235,1336,369,2008,429,1075,1441,180,295,82,3801,58,2629,5,1640,4393,2,130,6,236,815,196,219,987,103,18567,86,104,15254,17030,3990,16624,118,1567,417,125,43,39,324,17227,3123,1024,1670,1781,6986,53,89,4080,332,177,26,90,538,294,56,157,11,147,970,135,581,842,249,645,14409,2443,9,6407,184,7,228,215,381,667,5,337,537
103,1158,1025,303,347,106,2544,1301,575,338,261,542,106,1551,1219,5,529,145,40,501,211,360,-170,736,202,62,256,459,44,241,187,68,290,18253,546,691,285,2026,6313,842,285,94,167,833,472,2161,441,1686,32276,2454,2165,16281,2332,21256,1079,278,523,225,3488,55,13794,3008,86,625,0,38,47,2630,20203,1305,354,2081,476,1032,1416,188,302,95,3795,54,2579,23,1613,4338,3,138,9,241,805,176,228,993,110,18633,88,103,15214,17107,4014,16599,118,1548,408,134,35,39,324,17157,3051,1007,1625,1745,6923,68,107,4022,328,169,12,85,512,294,47,161,29,150,929,124,583,831,241,652,14275,2370,16,6351,199,15,226,207,389,666,2,328,516
100,1210,1043,295,373,120,2576,1279,569,322,251,526,111,1557,1185,-7,521,149,28,522,195,341,-166,753,207,58,253,459,30,251,188,55,310,18359,545,633,284,2053,6416,876,279,108,168,854,478,2118,480,1729,32413,2423,2157,16362,2327,21448,1107,306,526,220,3527,112,13692,2996,106,623,2,63,65,2629,20190,1316,362,2069,463,1027,1405,183,306,110,3848,57,2581,39,1604,4278,-7,142,13,224,840,205,264,980,103,18557,90,107,15241,17153,3954,16601,116,1546,406,133,40,44,321,17062,3004,989,1540,1701,6882,60,118,3951,340,171,30,65,481,269,39,151,28,150,917,119,605,827,225,688,14169,2312,17,6307,203,19,217,206,387,674,2,313,521
87,1185,1049,293,364,132,2576,1215,534,344,262,552,118,1554,1153,-5,529,169,30,583,194,322,-154,764,187,56,261,437,50,264,178,78,315,18458,510,629,253,2073,6426,910,306,101,167,799,462,2163,447,1733,32663,2385,2125,16409,2401,21523,1113,301,524,226,3466,-3,13642,2952,116,589,5,44,65,2667,20210,1305,330,2063,484,1031,1366,170,305,129,3786,48,2599,23,1622,4268,-4,140,0,238,831,217,295,946,91,18571,92,122,15168,17237,3854,16593,105,1528,389,135,37,32,324,16952,2984,960,1494,1615,6754,72,119,3892,310,179,19,56,449,272,31,155,32,128,896,116,607,793,220,651,14084,2268,23,6208,200,9,209,202,369,689,2,292,498
88,1187,1066,326,349,138,2611,1204,578,348,284,569,93,1526,1162,-2,505,176,41,565,204,305,-146,758,191,52,280,443,25,276,188,89,281,18584,500,666,287,2103,6443,884,289,106,159,809,425,2234,427,1784,32931,2389,2116,16524,2383,21579,1113,282,481,244,3479,48,13597,2945,129,585,-52,44,55,2682,20289,1267,348,2110,472,1078,1426,185,307,104,3785,73,2621,32,1612,4204,-3,141,6,255,815,221,288,916,85,18508,94,113,15171,17260,3786,16526,117,1585,385,146,35,36,324,16889,2954,940,1457,1575,6691,75,93,3904,296,176,30,59,428,249,28,143,37,128,868,103,583,764,199,642,14039,2229,19,6097,211,15,201,188,343,682,2,287,486
