,cost,intersection,union,A_m,A_e,time,a,delta_u,delta_nu,gamma_u,timestep
0,2.363889794316753,0.0,2.363889794316753,0.19167299229401913,2.172216802022734,0 days 00:00:58.085821000,0.01,0.008,0.004,0.02,3.1
1,2.5835738410085196,0.0,2.5835738410085196,0.4113570389857855,2.172216802022734,0 days 00:00:58.932577000,0.02,0.008,0.004,0.02,3.1
2,2.8563542354896008,0.0,2.8563542354896008,0.6841374334668665,2.172216802022734,0 days 00:01:00.880534000,0.03,0.008,0.004,0.02,3.1
3,3.182429547437483,0.0,3.182429547437483,1.0102127454147485,2.172216802022734,0 days 00:01:02.255127000,0.04,0.008,0.004,0.02,3.1
4,3.5620912551522883,0.0,3.5620912551522883,1.3898744531295542,2.172216802022734,0 days 00:01:00.038608000,0.05,0.008,0.004,0.02,3.1
5,2.3454203554097126,0.0,2.3454203554097126,0.17320355338697854,2.172216802022734,0 days 00:01:00.769333000,0.01,0.008,0.004,0.03,3.1
6,2.5971905384574643,0.002995503695766562,2.600186042153231,0.430964743826263,2.172216802022734,0 days 00:01:04.453570000,0.02,0.008,0.004,0.03,3.1
7,2.9209002717946295,0.02178874273560999,2.9426890145302393,0.7922609552431155,2.172216802022734,0 days 00:00:57.422778000,0.03,0.008,0.004,0.03,3.1
8,3.2820459981295884,0.07441180288777353,3.356457801017362,1.2586528018824015,2.172216802022734,0 days 00:00:57.759630000,0.04,0.008,0.004,0.03,3.1
9,3.6820633485334255,0.16103413024163002,3.8430974787750554,1.831914806993951,2.172216802022734,0 days 00:00:57.503604000,0.05,0.008,0.004,0.03,3.1
10,2.2734295919930365,0.03527033691526844,2.3086999289083048,0.17175346380084047,2.172216802022734,0 days 00:01:00.563654000,0.01,0.008,0.004,0.04,3.1
11,2.3724418179429403,0.14327709904585573,2.515718916988796,0.48677921401191837,2.172216802022734,0 days 00:00:58.695711000,0.02,0.008,0.004,0.04,3.1
12,2.5207940518055976,0.30733278286038845,2.8281268346659862,0.9632428155036425,2.172216802022734,0 days 00:00:57.837332000,0.03,0.008,0.004,0.04,3.1
13,2.8114560283439096,0.4831946203850625,3.294650648728972,1.6056284670913001,2.172216802022734,0 days 00:00:57.776976000,0.04,0.008,0.004,0.04,3.1
14,3.273284121758201,0.6588874633931754,3.9321715851513765,2.4188422465218182,2.172216802022734,0 days 00:00:58.811477000,0.05,0.008,0.004,0.04,3.1
15,2.0271420325514096,0.1626326018279149,2.1897746343793245,0.18019043418450661,2.172216802022734,0 days 00:00:58.307043000,0.01,0.008,0.004,0.05,3.1
16,1.9884282327883633,0.37425841461291504,2.3626866474012784,0.5647282599914609,2.172216802022734,0 days 00:00:57.828319000,0.02,0.008,0.004,0.05,3.1
17,2.1931367768491534,0.575398451001202,2.7685352278503554,1.1717168768288233,2.172216802022734,0 days 00:00:58.280029000,0.03,0.008,0.004,0.05,3.1
18,2.665598896819457,0.7576322488589237,3.423231145678381,2.0086465925145713,2.172216802022734,0 days 00:00:57.973633000,0.04,0.008,0.004,0.05,3.1
19,3.417653242309615,0.9181912683853103,4.335844510694925,3.081818977057507,2.172216802022734,0 days 00:00:58.512080000,0.05,0.008,0.004,0.05,3.1
20,2.192339462587298,0.08752149331971179,2.2798609559070098,0.19516564720398735,2.172216802022734,0 days 00:00:58.294326000,0.01,0.008,0.004,0.06,3.1
21,2.2547557536742455,0.28561781534123604,2.5403735690154816,0.6537745823339859,2.172216802022734,0 days 00:01:06.254562000,0.02,0.008,0.004,0.06,3.1
22,2.4679747045740745,0.5487274986002938,3.0167022031743684,1.3932128997519273,2.172216802022734,0 days 00:01:03.383054000,0.03,0.008,0.004,0.06,3.1
23,3.0880382282924534,0.7524028220914384,3.840441050383892,2.4206270704525963,2.172216802022734,0 days 00:01:06.166217000,0.04,0.008,0.004,0.06,3.1
24,4.073420076477781,0.9175751316862735,4.990995208164055,3.736353537827593,2.172216802022734,0 days 00:01:04.228176000,0.05,0.008,0.004,0.06,3.1
25,2.376368758442674,0.004706790781944571,2.3810755492246183,0.21356553798383057,2.172216802022734,0 days 00:01:00.439343000,0.01,0.008,0.004,0.07,3.1
26,2.6662724240439455,0.12521317671349158,2.791485600757437,0.7444819754481948,2.172216802022734,0 days 00:00:56.855831000,0.02,0.008,0.004,0.07,3.1
27,3.0256892188272313,0.3768400077273838,3.402529226554615,1.6071524322592652,2.172216802022734,0 days 00:00:57.551578000,0.03,0.008,0.004,0.07,3.1
28,3.627915899743335,0.6730208987876058,4.300936798530941,2.8017408952958114,2.172216802022734,0 days 00:01:01.766462000,0.04,0.008,0.004,0.07,3.1
29,4.742107410602933,0.8696479999427812,5.611755410545714,4.309186608465763,2.172216802022734,0 days 00:00:57.777050000,0.05,0.008,0.004,0.07,3.1
30,2.4052111855202947,0.0,2.4052111855202947,0.23299438349756046,2.172216802022734,0 days 00:00:57.244355000,0.01,0.008,0.004,0.08,3.1
31,2.9481991498947786,0.027128816887325158,2.9753279667821038,0.8302399816466953,2.172216802022734,0 days 00:00:57.766121000,0.02,0.008,0.004,0.08,3.1
32,3.5367473054210072,0.21747368744773227,3.7542209928687393,1.799477878293737,2.172216802022734,0 days 00:00:56.737525000,0.03,0.008,0.004,0.08,3.1
33,4.200697220996649,0.5481336322628106,4.74883085325946,3.1247476834995336,2.172216802022734,0 days 00:00:57.901397000,0.04,0.008,0.004,0.08,3.1
34,5.300597046258304,0.8116083122537358,6.112205358512039,4.751596868743042,2.172216802022734,0 days 00:01:01.533922000,0.05,0.008,0.004,0.08,3.1
35,2.424065551625993,0.0,2.424065551625993,0.25184874960325876,2.172216802022734,0 days 00:01:01.946569000,0.01,0.008,0.004,0.09,3.1
36,3.0792796737092085,0.0,3.0792796737092085,0.9070628716864743,2.172216802022734,0 days 00:00:57.807241000,0.02,0.008,0.004,0.09,3.1
37,3.9170680589542206,0.10866547520850767,4.025733534162728,1.9621822073485014,2.172216802022734,0 days 00:00:56.636179000,0.03,0.008,0.004,0.09,3.1
38,4.74789297465737,0.39987875006726536,5.1477717247246355,3.375433672769169,2.172216802022734,0 days 00:00:59.415463000,0.04,0.008,0.004,0.09,3.1
39,5.717897590112451,0.7496673869210265,6.4675649770334775,5.045015561931771,2.172216802022734,0 days 00:00:59.723516000,0.05,0.008,0.004,0.09,3.1
40,2.3343913401370755,0.002002501038882675,2.3363938411759584,0.16617954019210632,2.172216802022734,0 days 00:00:58.641525000,0.01,0.008,0.005,0.02,3.1
41,2.5194322625215966,0.00941628971492752,2.528848552236524,0.3660480399287172,2.172216802022734,0 days 00:00:59.379055000,0.02,0.008,0.005,0.02,3.1
42,2.7403371260748193,0.026527629613419212,2.7668647556882386,0.6211755832789246,2.172216802022734,0 days 00:00:59.176685000,0.03,0.008,0.005,0.02,3.1
43,2.9898118816088015,0.057308884899483305,3.047120766508285,0.9322128493850358,2.172216802022734,0 days 00:00:57.705820000,0.04,0.008,0.005,0.02,3.1
44,3.2702682433536365,0.10096639205679339,3.37123463541043,1.2999842254444898,2.172216802022734,0 days 00:00:59.170256000,0.05,0.008,0.005,0.02,3.1
45,2.2261630095931735,0.05682875125262812,2.2829917608458015,0.16760371007569874,2.172216802022734,0 days 00:00:58.707170000,0.01,0.008,0.005,0.03,3.1
46,2.297712353570484,0.15128212898372856,2.448994482554213,0.4280598095152079,2.172216802022734,0 days 00:00:58.802755000,0.02,0.008,0.005,0.03,3.1
47,2.429720143914876,0.27185300354588293,2.701573147460759,0.8012093489839065,2.172216802022734,0 days 00:00:58.896811000,0.03,0.008,0.005,0.03,3.1
48,2.663297739538391,0.3993256331482864,3.0626233726866774,1.2897322038122316,2.172216802022734,0 days 00:00:57.761470000,0.04,0.008,0.005,0.03,3.1
49,3.0133019705401667,0.5278433382000249,3.541145308740192,1.8967718449174853,2.172216802022734,0 days 00:00:52.832037000,0.05,0.008,0.005,0.03,3.1
50,2.1119504395644646,0.11907148717534667,2.2310219267398113,0.17787661189242457,2.172216802022734,0 days 00:01:02.840758000,0.01,0.008,0.005,0.04,3.1
51,2.06144226087858,0.31388441404392947,2.3753266749225097,0.5169942869437077,2.172216802022734,0 days 00:00:59.841515000,0.02,0.008,0.005,0.04,3.1
52,2.2131611149555397,0.4977498693009458,2.7109109842564854,1.036444051534695,2.172216802022734,0 days 00:00:57.571458000,0.03,0.008,0.005,0.04,3.1
53,2.5918495098212406,0.6607675374225215,3.252617047243762,1.7411677826435472,2.172216802022734,0 days 00:00:57.581791000,0.04,0.008,0.005,0.04,3.1
54,3.1997757788581493,0.8037722553734559,4.003548034231605,2.6351034875823327,2.172216802022734,0 days 00:00:57.219045000,0.05,0.008,0.005,0.04,3.1
55,2.3391529942553717,0.013963389734201838,2.3531163839895735,0.19486297170104333,2.172216802022734,0 days 00:00:56.855906000,0.01,0.008,0.005,0.05,3.1
56,2.5460671743975754,0.12355059143851925,2.6696177658360947,0.6209515552518787,2.172216802022734,0 days 00:01:00.943684000,0.02,0.008,0.005,0.05,3.1
57,2.809251380277059,0.32885084272931453,3.1381022230063733,1.294736263712954,2.172216802022734,0 days 00:00:59.333032000,0.03,0.008,0.005,0.05,3.1
58,3.2093991259469554,0.5906568244987358,3.800055950445691,2.2184959729216938,2.172216802022734,0 days 00:00:58.037481000,0.04,0.008,0.005,0.05,3.1
59,4.001331206487509,0.778409177139579,4.779740383627089,3.385932758743942,2.172216802022734,0 days 00:00:59.090456000,0.05,0.008,0.005,0.05,3.1
60,2.387685496002102,0.0,2.387685496002102,0.21546869397936766,2.172216802022734,0 days 00:00:58.732310000,0.01,0.008,0.005,0.06,3.1
61,2.8799535478056932,0.009364578978642252,2.8893181267843353,0.7264659037402448,2.172216802022734,0 days 00:00:58.314148000,0.02,0.008,0.005,0.06,3.1
62,3.421835649337682,0.14650969019155252,3.5683453395292344,1.5426382276980528,2.172216802022734,0 days 00:00:58.024401000,0.03,0.008,0.005,0.06,3.1
63,4.013490226995618,0.4057191765294756,4.419209403525094,2.6527117780318314,2.172216802022734,0 days 00:00:58.939111000,0.04,0.008,0.005,0.06,3.1
64,4.785248825149508,0.7030973300485936,5.488346155198101,4.019226683223962,2.172216802022734,0 days 00:00:58.134161000,0.05,0.008,0.005,0.06,3.1
65,2.4090868082747567,0.0,2.4090868082747567,0.2368700062520225,2.172216802022734,0 days 00:00:57.986412000,0.01,0.008,0.005,0.07,3.1
66,N/A,N/A,N/A,N/A,2.172216802022734,0 days 00:00:58.583826000,0.02,0.008,0.005,0.07,3.1
67,3.8450574070417973,0.04212482705885977,3.887182234100657,1.757090259136784,2.172216802022734,0 days 00:00:57.350499000,0.03,0.008,0.005,0.07,3.1
68,4.659026223986068,0.255540076706007,4.914566300692075,2.997889575375344,2.172216802022734,0 days 00:00:54.625374000,0.04,0.008,0.005,0.07,3.1
69,5.433916215495495,0.5982413845421859,6.0321576000376815,4.458182182557133,2.172216802022734,0 days 00:00:52.368954000,0.05,0.008,0.005,0.07,3.1
70,2.429294871618522,0.0,2.429294871618522,0.2570780695957876,2.172216802022734,0 days 00:00:51.689917000,0.01,0.008,0.005,0.08,3.1
71,3.0792995547613904,0.0,3.0792995547613904,0.9070827527386565,2.172216802022734,0 days 00:00:51.797468000,0.02,0.008,0.005,0.08,3.1
72,4.097688268723093,0.0004252276171607187,4.098113496340254,1.926321921934678,2.172216802022734,0 days 00:00:54.412759000,0.03,0.008,0.005,0.08,3.1
73,5.100801999640673,0.15365879999964,5.254460799640313,3.2359027976172166,2.172216802022734,0 days 00:00:58.555662000,0.04,0.008,0.005,0.08,3.1
74,5.915205290854026,0.4765836856381992,6.391788976492225,4.696155860107695,2.172216802022734,0 days 00:00:58.920050000,0.05,0.008,0.005,0.08,3.1
75,N/A,N/A,N/A,N/A,2.172216802022734,0 days 00:00:58.165318000,0.01,0.008,0.005,0.09,3.1
76,3.1464386547191134,0.0,3.1464386547191134,0.9742218526963794,2.172216802022734,0 days 00:00:58.653853000,0.02,0.008,0.005,0.09,3.1
77,4.220089187486661,0.0,4.220089187486661,2.047872385463926,2.172216802022734,0 days 00:00:57.146752000,0.03,0.008,0.005,0.09,3.1
78,5.373599437832215,0.08549220308950528,5.459091640921721,3.372367041988491,2.172216802022734,0 days 00:01:00.987813000,0.04,0.008,0.005,0.09,3.1
79,6.18299710348151,0.3841810312887885,6.567178134770298,4.779142364036352,2.172216802022734,0 days 00:00:55.815850000,0.05,0.008,0.005,0.09,3.1
80,2.1730099774930913,0.07442897124061665,2.247438948733708,0.14965111795158914,2.172216802022734,0 days 00:00:52.167069000,0.01,0.008,0.006,0.02,3.1
81,2.212496653577957,0.14963831500270253,2.3621349685806594,0.33955648156062945,2.172216802022734,0 days 00:00:54.091476000,0.02,0.008,0.006,0.02,3.1
82,2.300856119507575,0.23178630336507539,2.5326424228726503,0.5922119242149905,2.172216802022734,0 days 00:00:51.457836000,0.03,0.008,0.006,0.02,3.1
83,2.44781272484472,0.31686970959538086,2.764682434440101,0.9093353420127512,2.172216802022734,0 days 00:00:52.636047000,0.04,0.008,0.006,0.02,3.1
84,2.6621020512321927,0.4015757724251661,3.063677823657359,1.2930367940597893,2.172216802022734,0 days 00:00:52.256998000,0.05,0.008,0.006,0.02,3.1
85,2.277251597455909,0.030936221827061954,2.308187819282971,0.16690723908729999,2.172216802022734,0 days 00:00:52.528017000,0.01,0.008,0.006,0.03,3.1
86,2.396298385400341,0.11057935496646487,2.506877740366806,0.44524029331054027,2.172216802022734,0 days 00:00:51.548688000,0.02,0.008,0.006,0.03,3.1
87,2.551937951082654,0.23742690959199642,2.7893648606746506,0.8545749682439127,2.172216802022734,0 days 00:00:51.762273000,0.03,0.008,0.006,0.03,3.1
88,N/A,N/A,N/A,N/A,2.172216802022734,0 days 00:00:54.906144000,0.04,0.008,0.006,0.03,3.1
89,N/A,N/A,N/A,N/A,2.172216802022734,0 days 00:01:09.866398000,0.05,0.008,0.006,0.03,3.1
90,2.361145867999348,0.0,2.361145867999348,0.18892906597661377,2.172216802022734,0 days 00:01:05.512496000,0.01,0.008,0.006,0.04,3.1
91,2.7405114597176237,0.0,2.7405114597176237,0.5682946576948895,2.172216802022734,0 days 00:01:04.450051000,0.02,0.008,0.006,0.04,3.1
92,N/A,N/A,N/A,N/A,2.172216802022734,0 days 00:01:02.738480000,0.03,0.008,0.006,0.04,3.1
93,3.7405800102428124,0.18084268827384348,3.921422698516656,1.930048584767768,2.172216802022734,0 days 00:01:02.462635000,0.04,0.008,0.006,0.04,3.1
94,4.266025117685967,0.3959152998170934,4.66194041750306,2.885638915297423,2.172216802022734,0 days 00:01:03.215849000,0.05,0.008,0.006,0.04,3.1
95,2.3849958275560437,0.0,2.3849958275560437,0.21277902553330935,2.172216802022734,0 days 00:01:02.821261000,0.01,0.008,0.006,0.05,3.1
96,N/A,N/A,N/A,N/A,2.172216802022734,0 days 00:01:01.794986000,0.02,0.008,0.006,0.05,3.1
97,3.597784380673663,0.0,3.597784380673663,1.425567578650929,2.172216802022734,0 days 00:01:00.922969000,0.03,0.008,0.006,0.05,3.1
98,4.437666221924433,0.060784314979820966,4.498450536904254,2.3870180498613407,2.172216802022734,0 days 00:01:01.624824000,0.04,0.008,0.006,0.05,3.1
99,5.15859043752163,0.258127695596581,5.416718133118211,3.5026290266920594,2.172216802022734,0 days 00:01:01.311852000,0.05,0.008,0.006,0.05,3.1
100,2.4079969561478536,0.0,2.4079969561478536,0.2357801541251194,2.172216802022734,0 days 00:00:49.406129000,0.01,0.008,0.006,0.06,3.1
101,N/A,N/A,N/A,N/A,2.172216802022734,0 days 00:01:02.331903000,0.02,0.008,0.006,0.06,3.1
102,3.814516127821027,0.0,3.814516127821027,1.6422993257982927,2.172216802022734,0 days 00:01:03.344348000,0.03,0.008,0.006,0.06,3.1
103,4.855574802807232,0.009121192299573526,4.864695995106805,2.7016003853836437,2.172216802022734,0 days 00:00:53.984070000,0.04,0.008,0.006,0.06,3.1
104,5.555207054383737,0.23991673979309386,5.79512379417683,3.8628237319471945,2.172216802022734,0 days 00:00:51.989119000,0.05,0.008,0.006,0.06,3.1
105,N/A,N/A,N/A,N/A,2.172216802022734,0 days 00:00:51.975465000,0.01,0.008,0.006,0.07,3.1
106,3.0465332056458574,0.0,3.0465332056458574,0.8743164036231232,2.172216802022734,0 days 00:00:51.975950000,0.02,0.008,0.006,0.07,3.1
107,3.9616661332332743,0.0,3.9616661332332743,1.7894493312105404,2.172216802022734,0 days 00:00:52.224432000,0.03,0.008,0.006,0.07,3.1
108,5.044616684025593,0.0,5.044616684025593,2.8723998820028585,2.172216802022734,0 days 00:00:52.235714000,0.04,0.008,0.006,0.07,3.1
109,N/A,N/A,N/A,N/A,2.172216802022734,0 days 00:00:53.364977000,0.05,0.008,0.006,0.07,3.1
110,N/A,N/A,N/A,N/A,2.172216802022734,0 days 00:00:52.002742000,0.01,0.008,0.006,0.08,3.1
111,3.1036612334552958,0.0,3.1036612334552958,0.9314444314325614,2.172216802022734,0 days 00:00:52.711554000,0.02,0.008,0.006,0.08,3.1
112,4.045532180583288,0.0,4.045532180583288,1.8733153785605536,2.172216802022734,0 days 00:00:56.052041000,0.03,0.008,0.006,0.08,3.1
113,5.107557437253525,0.0,5.107557437253525,2.9353406352307907,2.172216802022734,0 days 00:01:03.758452000,0.04,0.008,0.006,0.08,3.1
114,N/A,N/A,N/A,N/A,2.172216802022734,0 days 00:00:55.452081000,0.05,0.008,0.006,0.08,3.1
115,N/A,N/A,N/A,N/A,2.172216802022734,0 days 00:00:58.909002000,0.01,0.008,0.006,0.09,3.1
116,3.1396135003055874,0.0,3.1396135003055874,0.9673966982828534,2.172216802022734,0 days 00:00:57.232668000,0.02,0.008,0.006,0.09,3.1
117,4.0807486109218365,0.0,4.0807486109218365,1.9085318088991026,2.172216802022734,0 days 00:00:59.059198000,0.03,0.008,0.006,0.09,3.1
118,N/A,N/A,N/A,N/A,2.172216802022734,0 days 00:01:02.107415000,0.04,0.008,0.006,0.09,3.1
119,N/A,N/A,N/A,N/A,2.172216802022734,0 days 00:00:59.311386000,0.05,0.008,0.006,0.09,3.1
120,2.3998374243960736,0.0,2.3998374243960736,0.22762062237333966,2.172216802022734,0 days 00:00:53.106739000,0.01,0.009,0.004,0.02,3.1
121,2.6442309536872024,0.0,2.6442309536872024,0.47201415166446814,2.172216802022734,0 days 00:01:03.951450000,0.02,0.009,0.004,0.02,3.1
122,2.9418148041574206,0.0,2.9418148041574206,0.7695980021346867,2.172216802022734,0 days 00:00:49.077580000,0.03,0.009,0.004,0.02,3.1
123,3.2926566513493936,0.0,3.2926566513493936,1.1204398493266594,2.172216802022734,0 days 00:00:52.736010000,0.04,0.009,0.004,0.02,3.1
124,3.6969063616592224,0.0,3.6969063616592224,1.5246895596364882,2.172216802022734,0 days 00:00:50.327992000,0.05,0.009,0.004,0.02,3.1
125,2.3632489287841802,0.0,2.3632489287841802,0.19103212676144612,2.172216802022734,0 days 00:00:49.862833000,0.01,0.009,0.004,0.03,3.1
126,2.6325207007437843,0.0,2.6325207007437843,0.46030389872105,2.172216802022734,0 days 00:00:49.253068000,0.02,0.009,0.004,0.03,3.1
127,3.0028217021621955,0.0,3.0028217021621955,0.8306049001394612,2.172216802022734,0 days 00:00:57.886831000,0.03,0.009,0.004,0.03,3.1
128,3.475250323286857,0.0,3.475250323286857,1.3030335212641224,2.172216802022734,0 days 00:01:08.979645000,0.04,0.009,0.004,0.03,3.1
129,4.050470617707434,0.00027115661048582806,4.05074177431792,1.8787961289056705,2.172216802022734,0 days 00:00:54.865377000,0.05,0.009,0.004,0.03,3.1
130,2.3531832700928357,0.0,2.3531832700928357,0.18096646807010164,2.172216802022734,0 days 00:00:51.674389000,0.01,0.009,0.004,0.04,3.1
131,2.666504656248015,0.000957209957136878,2.6674618662051515,0.4962022741395549,2.172216802022734,0 days 00:00:51.612599000,0.02,0.009,0.004,0.04,3.1
132,3.0837396441860383,0.027231413810279503,3.1109710579963177,0.9659856697838624,2.172216802022734,0 days 00:00:51.430865000,0.03,0.009,0.004,0.04,3.1
133,3.5350884850692577,0.11534964490568747,3.6504381299749453,1.5935709728578997,2.172216802022734,0 days 00:00:51.683975000,0.04,0.009,0.004,0.04,3.1
134,3.978406261004024,0.28819251591788525,4.266598776921909,2.3825744908170607,2.172216802022734,0 days 00:00:51.705649000,0.05,0.009,0.004,0.04,3.1
135,2.3071236610302823,0.024279055655685552,2.3314027166859677,0.18346497031891854,2.172216802022734,0 days 00:00:54.004080000,0.01,0.009,0.004,0.05,3.1
136,2.4598380212259277,0.13542408624458396,2.5952621074705116,0.5584693916923625,2.172216802022734,0 days 00:00:59.462096000,0.02,0.009,0.004,0.05,3.1
137,2.578890049281121,0.36868261837345145,2.947572667654572,1.1440384840052884,2.172216802022734,0 days 00:00:57.950640000,0.03,0.009,0.004,0.05,3.1
138,2.735328341134276,0.6917324756005807,3.4270608167348566,1.946576490312702,2.172216802022734,0 days 00:00:58.247271000,0.04,0.009,0.004,0.05,3.1
139,3.143288048952215,1.000718638946217,4.144006687898432,2.97250852482192,2.172216802022734,0 days 00:00:57.250947000,0.05,0.009,0.004,0.05,3.1
140,2.0326906700919802,0.16684258249154657,2.1995332525835267,0.19415903305233967,2.172216802022734,0 days 00:00:58.696773000,0.01,0.009,0.004,0.06,3.1
141,1.8921234826618885,0.4578728649904353,2.349996347652324,0.635652410620027,2.172216802022734,0 days 00:00:58.620427000,0.02,0.009,0.004,0.06,3.1
142,1.9252874634785644,0.7948302951062668,2.720117758584831,1.3427312516683636,2.172216802022734,0 days 00:00:57.217140000,0.03,0.009,0.004,0.06,3.1
143,2.3283668496942918,1.0838450578077243,3.4122119075020163,2.3238401632870054,2.172216802022734,0 days 00:00:57.551012000,0.04,0.009,0.004,0.06,3.1
144,3.1796922563339267,1.28892551720101,4.468617773534937,3.5853264887132164,2.172216802022734,0 days 00:00:57.150402000,0.05,0.009,0.004,0.06,3.1
145,1.9735392585194553,0.2041847020171762,2.1777239605366314,0.20969186053107328,2.172216802022734,0 days 00:00:57.403405000,0.01,0.009,0.004,0.07,3.1
146,1.7309933901837113,0.5798895110476804,2.3108829012313916,0.7185556102563389,2.172216802022734,0 days 00:00:57.148563000,0.02,0.009,0.004,0.07,3.1
147,1.955664581299859,0.8800213085504738,2.8356858898503328,1.5434903963780748,2.172216802022734,0 days 00:00:57.532875000,0.03,0.009,0.004,0.07,3.1
148,2.6199074945978955,1.122060073034216,3.741967567632112,2.6918108386435926,2.172216802022734,0 days 00:01:00.413424000,0.04,0.009,0.004,0.07,3.1
149,3.7009429387774224,1.3174593665316452,5.018402305309068,4.163644869817981,2.172216802022734,0 days 00:00:58.446083000,0.05,0.009,0.004,0.07,3.1
150,2.1096211656113595,0.14502269047235472,2.2546438560837143,0.22744974453333547,2.172216802022734,0 days 00:00:58.089393000,0.01,0.009,0.004,0.08,3.1
151,2.116704851085623,0.4279778129143426,2.5446826639999656,0.8004436748915733,2.172216802022734,0 days 00:00:57.910422000,0.02,0.009,0.004,0.08,3.1
152,2.3076121837634402,0.7987445420325142,3.1063567257959543,1.7328844658057356,2.172216802022734,0 days 00:00:57.180787000,0.03,0.009,0.004,0.08,3.1
153,3.0510202969468923,1.073641175147061,4.124661472093953,3.0260858452182773,2.172216802022734,0 days 00:00:52.659997000,0.04,0.009,0.004,0.08,3.1
154,4.254876923132988,1.2911393766805244,5.5460162998135125,4.664938874471302,2.172216802022734,0 days 00:00:50.912224000,0.05,0.009,0.004,0.08,3.1
155,2.305009135168388,0.056406270094574225,2.3614154052629623,0.24560487333480452,2.172216802022734,0 days 00:00:50.957705000,0.01,0.009,0.004,0.09,3.1
156,2.4965869640036393,0.27627646461666244,2.7728634286203016,0.8769230912142284,2.172216802022734,0 days 00:00:48.811026000,0.02,0.009,0.004,0.09,3.1
157,2.8227096036654427,0.6259694848319148,3.4486790884973573,1.9024317713065375,2.172216802022734,0 days 00:00:49.449205000,0.03,0.009,0.004,0.09,3.1
158,3.4978532032388,0.9929193955142466,4.490772598753047,3.31147519224456,2.172216802022734,0 days 00:00:49.588040000,0.04,0.009,0.004,0.09,3.1
159,4.74848384490036,1.243676646382514,5.992160491282873,5.063620335642653,2.172216802022734,0 days 00:00:50.679065000,0.05,0.009,0.004,0.09,3.1
160,2.3716362827590602,0.0,2.3716362827590602,0.1994194807363261,2.172216802022734,0 days 00:00:50.125806000,0.01,0.009,0.005,0.02,3.1
161,2.5953468410890568,0.0,2.5953468410890568,0.4231300390663227,2.172216802022734,0 days 00:00:49.862283000,0.02,0.009,0.005,0.02,3.1
162,2.87294303076683,0.0,2.87294303076683,0.7007262287440963,2.172216802022734,0 days 00:00:50.017189000,0.03,0.009,0.005,0.02,3.1
163,3.204701270854871,0.0,3.204701270854871,1.0324844688321368,2.172216802022734,0 days 00:00:49.622942000,0.04,0.009,0.005,0.02,3.1
164,3.5908509775376567,7.232656779564152e-05,3.5909233041054525,1.4187788286505156,2.172216802022734,0 days 00:00:50.842455000,0.05,0.009,0.005,0.02,3.1
165,2.356693560144189,0.00010636964572472023,2.356799929789914,0.18468949741290341,2.172216802022734,0 days 00:00:50.349345000,0.01,0.009,0.005,0.03,3.1
166,2.614770789580774,0.004829691232833524,2.6196004808136077,0.4522133700237076,2.172216802022734,0 days 00:00:50.018469000,0.02,0.009,0.005,0.03,3.1
167,2.9401180847912394,0.02910164892719181,2.969219733718431,0.8261045806228894,2.172216802022734,0 days 00:00:50.817439000,0.03,0.009,0.005,0.03,3.1
168,3.295961822311319,0.09213088674104801,3.3880927090523674,1.3080067937706819,2.172216802022734,0 days 00:00:51.527104000,0.04,0.009,0.005,0.03,3.1
169,3.6599916750437287,0.20602093684874373,3.8660126118924723,1.8998167467184819,2.172216802022734,0 days 00:00:50.454149000,0.05,0.009,0.005,0.03,3.1
170,2.2694508892047223,0.04381077547556497,2.313261664680287,0.18485563813311692,2.172216802022734,0 days 00:00:50.374815000,0.01,0.009,0.005,0.04,3.1
171,2.3694515493423656,0.15906471175319356,2.528516261095559,0.5153641708260173,2.172216802022734,0 days 00:00:50.360546000,0.02,0.009,0.005,0.04,3.1
172,2.451791280460549,0.3667655820354312,2.81855686249598,1.013105642508678,2.172216802022734,0 days 00:00:51.376552000,0.03,0.009,0.005,0.04,3.1
173,2.6118100193413807,0.621395506574632,3.233205525916013,1.6823842304679109,2.172216802022734,0 days 00:00:50.994746000,0.04,0.009,0.005,0.04,3.1
174,2.9525979950847696,0.8736584811885025,3.8262564762732723,2.5276981554390385,2.172216802022734,0 days 00:00:51.321114000,0.05,0.009,0.005,0.04,3.1
175,1.9803664110848458,0.19318880079153686,2.1735552118763826,0.19452721064518516,2.172216802022734,0 days 00:00:51.108547000,0.01,0.009,0.005,0.05,3.1
176,1.8136558501382538,0.47918021916517084,2.2928360693034247,0.5997994864458635,2.172216802022734,0 days 00:00:50.228089000,0.02,0.009,0.005,0.05,3.1
177,1.8671227985429082,0.7703497915833408,2.637472590126249,1.2356055796868568,2.172216802022734,0 days 00:00:50.708093000,0.03,0.009,0.005,0.05,3.1
178,2.234739118886501,1.0227494276313218,3.257488546517823,2.10802117212641,2.172216802022734,0 days 00:00:49.926940000,0.04,0.009,0.005,0.05,3.1
179,2.951496551457562,1.221010735244904,4.172507286702466,3.221301219924634,2.172216802022734,0 days 00:00:50.635305000,0.05,0.009,0.005,0.05,3.1
180,2.0455099425277843,0.16856358281313835,2.2140735253409227,0.21042030613132637,2.172216802022734,0 days 00:00:50.181853000,0.01,0.009,0.005,0.06,3.1
181,1.9499315994799395,0.4578957777722181,2.4078273772521577,0.6935063530016409,2.172216802022734,0 days 00:00:51.131579000,0.02,0.009,0.005,0.06,3.1
182,2.0692529742760066,0.7845611065650102,2.853814080841017,1.466158385383293,2.172216802022734,0 days 00:00:50.401093000,0.03,0.009,0.005,0.06,3.1
183,2.642871076834621,1.0307489089346762,3.673619985769297,2.5321520926812413,2.172216802022734,0 days 00:00:50.386871000,0.04,0.009,0.005,0.06,3.1
184,3.5905623179648467,1.2345087645764574,4.825071082541304,3.8873630450950314,2.172216802022734,0 days 00:00:50.087642000,0.05,0.009,0.005,0.06,3.1
185,2.2671067388812025,0.06722486069825948,2.334331599579462,0.22933965825498714,2.172216802022734,0 days 00:00:50.334609000,0.01,0.009,0.005,0.07,3.1
186,2.4080487343888692,0.27537981373877196,2.683428548127641,0.7865915598436797,2.172216802022734,0 days 00:00:49.957083000,0.02,0.009,0.005,0.07,3.1
187,2.664040285690494,0.5957343186649848,3.2597746043554787,1.6832921209977265,2.172216802022734,0 days 00:00:51.094339000,0.03,0.009,0.005,0.07,3.1
188,3.198911715444709,0.9436134965543234,4.142525211999033,2.91392190653062,2.172216802022734,0 days 00:00:50.048899000,0.04,0.009,0.005,0.07,3.1
189,4.253265812336994,1.1860205573469702,5.439286369683964,4.4530901250082,2.172216802022734,0 days 00:00:50.150374000,0.05,0.009,0.005,0.07,3.1
190,2.4203715463440956,0.0003530702872658908,2.4207246166313614,0.24886088489589445,2.172216802022734,0 days 00:00:49.510043000,0.01,0.009,0.005,0.08,3.1
191,N/A,N/A,N/A,N/A,2.172216802022734,0 days 00:00:50.720812000,0.02,0.009,0.005,0.08,3.1
192,3.2266854808622343,0.40946300059547597,3.63614848145771,1.8733946800304508,2.172216802022734,0 days 00:00:50.135980000,0.03,0.009,0.005,0.08,3.1
193,3.795148490063827,0.8026374347874519,4.597785924851279,3.228206557615998,2.172216802022734,0 days 00:00:49.839345000,0.04,0.009,0.005,0.08,3.1
194,4.8109095533583,1.1191308624420122,5.930040415800312,4.876954476219592,2.172216802022734,0 days 00:00:50.805695000,0.05,0.009,0.005,0.08,3.1
195,2.4396201040483083,0.0,2.4396201040483083,0.26740330202557433,2.172216802022734,0 days 00:00:50.173272000,0.01,0.009,0.005,0.09,3.1
196,3.0338645437331917,0.04291098775913768,3.0767755314923293,0.9474697172287323,2.172216802022734,0 days 00:00:50.962677000,0.02,0.009,0.005,0.09,3.1
197,3.660026883682091,0.2709483588741387,3.9309752425562294,2.0297067994076348,2.172216802022734,0 days 00:00:50.930975000,0.03,0.009,0.005,0.09,3.1
198,4.370882603563439,0.6329849322151248,5.003867535778564,3.464635665970956,2.172216802022734,0 days 00:00:50.571965000,0.04,0.009,0.005,0.09,3.1
199,5.235107164527784,1.0434448471539302,6.278552011681714,5.1497800568129115,2.172216802022734,0 days 00:00:50.972736000,0.05,0.009,0.005,0.09,3.1
200,2.340996254986265,0.004052834938466896,2.345049089924732,0.17688512284046531,2.172216802022734,0 days 00:00:49.497127000,0.01,0.009,0.006,0.02,3.1
201,2.527727589111039,0.014104084138579765,2.541831673249619,0.3837189553654664,2.172216802022734,0 days 00:00:49.975252000,0.02,0.009,0.006,0.02,3.1
202,2.7437837372736764,0.03791025827946076,2.781693995553137,0.6473874518098639,2.172216802022734,0 days 00:00:50.507093000,0.03,0.009,0.006,0.02,3.1
203,2.9746712137320035,0.08308894093965212,3.0577601546716555,0.9686322935885754,2.172216802022734,0 days 00:00:50.139212000,0.04,0.009,0.006,0.02,3.1
204,3.2154214138814887,0.15258609679283672,3.3680075106743255,1.3483768054444283,2.172216802022734,0 days 00:00:50.617116000,0.05,0.009,0.006,0.02,3.1
205,2.204545041169133,0.07415884489555027,2.278703886064683,0.1806459289374999,2.172216802022734,0 days 00:00:51.439104000,0.01,0.009,0.006,0.03,3.1
206,2.240312520654258,0.1930178079511822,2.43333032860544,0.45413133453388815,2.172216802022734,0 days 00:00:50.851573000,0.02,0.009,0.006,0.03,3.1
207,2.29861340575768,0.3590395080720178,2.657652913829698,0.8444756198789819,2.172216802022734,0 days 00:00:50.826853000,0.03,0.009,0.006,0.03,3.1
208,2.4385770063498127,0.5439528483329554,2.982529854682768,1.3542659009929872,2.172216802022734,0 days 00:00:50.356468000,0.04,0.009,0.006,0.03,3.1
209,2.6981707357345375,0.7302324226459621,3.4284031583804997,1.986418779003728,2.172216802022734,0 days 00:00:50.719422000,0.05,0.009,0.006,0.03,3.1
210,2.019841794658441,0.17234100612021375,2.1921828007786544,0.1923070048761338,2.172216802022734,0 days 00:00:50.901632000,0.01,0.009,0.006,0.04,3.1
211,1.8396373525269392,0.441250686622946,2.280888039149885,0.5499219237500956,2.172216802022734,0 days 00:00:51.317907000,0.02,0.009,0.006,0.04,3.1
212,1.8688632885935816,0.6987854142456896,2.5676487028392714,1.094217315062226,2.172216802022734,0 days 00:00:50.271316000,0.03,0.009,0.006,0.04,3.1
213,2.1714195719210725,0.9147799261334254,3.086199498054498,1.8287626221651871,2.172216802022734,0 days 00:00:50.986704000,0.04,0.009,0.006,0.04,3.1
214,2.7343443848676987,1.0966960970800066,3.831040481947705,2.7555197770049777,2.172216802022734,0 days 00:00:50.835439000,0.05,0.009,0.006,0.04,3.1
215,2.217950781706068,0.08206425215584953,2.3000150338619174,0.20986248399503243,2.172216802022734,0 days 00:00:51.122392000,0.01,0.009,0.006,0.05,3.1
216,2.297161888963667,0.2663845905521276,2.5635464795157947,0.6577142680451882,2.172216802022734,0 days 00:00:49.878462000,0.02,0.009,0.006,0.05,3.1
217,N/A,N/A,N/A,N/A,2.172216802022734,0 days 00:00:50.919483000,0.03,0.009,0.006,0.05,3.1
218,2.7944272931697096,0.8461483620696102,3.64057565523932,2.314507215286197,2.172216802022734,0 days 00:00:51.003913000,0.04,0.009,0.006,0.05,3.1
219,3.5376843368467057,1.072840848501847,4.6105251853485525,3.511149231827665,2.172216802022734,0 days 00:00:51.338521000,0.05,0.009,0.006,0.05,3.1
220,2.402568288314435,0.0,2.402568288314435,0.2303514862917008,2.172216802022734,0 days 00:00:51.608950000,0.01,0.009,0.006,0.06,3.1
221,2.743077575257309,0.09646279933302046,2.8395403745903294,0.7637863719006166,2.172216802022734,0 days 00:00:50.785706000,0.02,0.009,0.006,0.06,3.1
222,3.1443327278405757,0.3173572250027648,3.4616899528433405,1.606830375823371,2.172216802022734,0 days 00:00:50.492137000,0.03,0.009,0.006,0.06,3.1
223,3.6413027261038886,0.6365751800829439,4.277877906186832,2.7422362842470442,2.172216802022734,0 days 00:00:52.205779000,0.04,0.009,0.006,0.06,3.1
224,4.329848054064344,0.9849732308752666,5.314821284939611,4.127577713792144,2.172216802022734,0 days 00:00:51.796489000,0.05,0.009,0.006,0.06,3.1
225,2.423320706294849,0.0,2.423320706294849,0.2511039042721151,2.172216802022734,0 days 00:00:52.875481000,0.01,0.009,0.006,0.07,3.1
226,N/A,N/A,N/A,N/A,2.172216802022734,0 days 00:00:51.135944000,0.02,0.009,0.006,0.07,3.1
227,3.644869579875868,0.17070918527446768,3.815578765150336,1.8140711484020684,2.172216802022734,0 days 00:00:51.189880000,0.03,0.009,0.006,0.07,3.1
228,4.321900200359385,0.46095376348406814,4.782853963843453,3.0715909253047857,2.172216802022734,0 days 00:00:51.001378000,0.04,0.009,0.006,0.07,3.1
229,4.987871637424419,0.8638577128528422,5.851729350277261,4.543370261107369,2.172216802022734,0 days 00:00:50.819375000,0.05,0.009,0.006,0.07,3.1
230,2.4424651718165666,0.0,2.4424651718165666,0.27024836979383243,2.172216802022734,0 days 00:00:51.552759000,0.01,0.009,0.006,0.08,3.1
231,3.1099892118321457,0.0,3.1099892118321457,0.9377724098094115,2.172216802022734,0 days 00:00:51.004941000,0.02,0.009,0.006,0.08,3.1
232,3.9928807323367064,0.0758629461114052,4.0687436784481115,1.9723898225367813,2.172216802022734,0 days 00:00:50.101525000,0.03,0.009,0.006,0.08,3.1
233,4.7939514701432335,0.33502494513618175,5.128976415279415,3.2917845583928633,2.172216802022734,0 days 00:00:51.414902000,0.04,0.009,0.006,0.08,3.1
234,5.489536244278835,0.7236967237573766,6.213232968036211,4.7647128897708555,2.172216802022734,0 days 00:00:50.627795000,0.05,0.009,0.006,0.08,3.1
235,N/A,N/A,N/A,N/A,2.172216802022734,0 days 00:00:50.738536000,0.01,0.009,0.006,0.09,3.1
236,3.171566685405839,0.0,3.171566685405839,0.9993498833831049,2.172216802022734,0 days 00:00:50.203684000,0.02,0.009,0.006,0.09,3.1
237,4.216406253305708,0.018937343236662525,4.2353435965423705,2.082064137756299,2.172216802022734,0 days 00:00:49.706065000,0.03,0.009,0.006,0.09,3.1
238,5.09987744731363,0.24309562243048682,5.342973069744117,3.413851890151869,2.172216802022734,0 days 00:00:50.433985000,0.04,0.009,0.006,0.09,3.1
239,5.780396038179376,0.6157784631589514,6.3961745013383275,4.839736162474543,2.172216802022734,0 days 00:00:49.974235000,0.05,0.009,0.006,0.09,3.1
240,2.436356124722105,0.0,2.436356124722105,0.26413932269937085,2.172216802022734,0 days 00:00:51.621544000,0.01,0.01,0.004,0.02,3.1
241,2.7034256678575224,0.0,2.7034256678575224,0.5312088658347882,2.172216802022734,0 days 00:00:50.718170000,0.02,0.01,0.004,0.02,3.1
242,3.0240737767521697,0.0,3.0240737767521697,0.8518569747294357,2.172216802022734,0 days 00:00:50.800415000,0.03,0.01,0.004,0.02,3.1
243,3.3983034355899377,0.0,3.3983034355899377,1.2260866335672034,2.172216802022734,0 days 00:00:51.005960000,0.04,0.01,0.004,0.02,3.1
244,3.8262028821080643,0.0,3.8262028821080643,1.6539860800853299,2.172216802022734,0 days 00:00:50.315218000,0.05,0.01,0.004,0.02,3.1
245,2.3802957234987776,0.0,2.3802957234987776,0.2080789214760433,2.172216802022734,0 days 00:00:50.706371000,0.01,0.01,0.004,0.03,3.1
246,2.6609012111253896,0.0,2.6609012111253896,0.48868440910265554,2.172216802022734,0 days 00:00:51.226397000,0.02,0.01,0.004,0.03,3.1
247,3.0411111957546035,0.0,3.0411111957546035,0.8688943937318696,2.172216802022734,0 days 00:00:50.499897000,0.03,0.01,0.004,0.03,3.1
248,3.521747891328356,0.0,3.521747891328356,1.3495310893056218,2.172216802022734,0 days 00:00:51.414061000,0.04,0.01,0.004,0.03,3.1
249,4.103728416382377,0.0,4.103728416382377,1.9315116143596427,2.172216802022734,0 days 00:00:51.631737000,0.05,0.01,0.004,0.03,3.1
250,2.362326413887691,0.0,2.362326413887691,0.19010961186495712,2.172216802022734,0 days 00:00:50.235789000,0.01,0.01,0.004,0.04,3.1
251,2.6797391598671565,0.0,2.6797391598671565,0.5075223578444225,2.172216802022734,0 days 00:00:51.047080000,0.02,0.01,0.004,0.04,3.1
252,3.1472459919006583,0.0,3.1472459919006583,0.975029189877924,2.172216802022734,0 days 00:00:50.616583000,0.03,0.01,0.004,0.04,3.1
253,3.7673401740540884,0.0,3.7673401740540884,1.5951233720313542,2.172216802022734,0 days 00:00:51.101669000,0.04,0.01,0.004,0.04,3.1
254,4.5399031161796515,0.0014276163678389067,4.5413307325474905,2.3705415468925937,2.172216802022734,0 days 00:00:51.000714000,0.05,0.01,0.004,0.04,3.1
255,2.359869241556597,0.0,2.359869241556597,0.187652439533863,2.172216802022734,0 days 00:00:51.182271000,0.01,0.01,0.004,0.05,3.1
256,2.729469148825712,0.0,2.729469148825712,0.557252346802978,2.172216802022734,0 days 00:00:50.453096000,0.02,0.01,0.004,0.05,3.1
257,3.2677657561470355,0.01677365322714218,3.2845394093741778,1.1290962605785841,2.172216802022734,0 days 00:00:51.791736000,0.03,0.01,0.004,0.05,3.1
258,3.8358516331429393,0.1223761374366684,3.9582277705796076,1.9083871059935433,2.172216802022734,0 days 00:00:51.458125000,0.04,0.01,0.004,0.05,3.1
259,4.379628673927486,0.34661753295847914,4.726246206885965,2.9006469378217097,2.172216802022734,0 days 00:00:50.918539000,0.05,0.01,0.004,0.05,3.1
260,2.3571869953061375,0.004905013011724086,2.3620920083178616,0.1947802193068514,2.172216802022734,0 days 00:00:50.943997000,0.01,0.01,0.004,0.06,3.1
261,2.6252750345358558,0.08582325311745635,2.711098287653312,0.624704738748035,2.172216802022734,0 days 00:00:52.196475000,0.02,0.01,0.004,0.06,3.1
262,2.8594196899522646,0.31065791968818657,3.170077609640451,1.3085187273059027,2.172216802022734,0 days 00:00:52.117311000,0.03,0.01,0.004,0.06,3.1
263,3.087808552206063,0.669203550667785,3.757012102873848,2.2539988515189,2.172216802022734,0 days 00:00:50.794757000,0.04,0.01,0.004,0.06,3.1
264,3.404803366015133,1.117875558236488,4.522678924251621,3.4683376804653765,2.172216802022734,0 days 00:00:51.819898000,0.05,0.01,0.004,0.06,3.1
265,2.157092559296032,0.11147404677435253,2.268566606070385,0.20782385082200222,2.172216802022734,0 days 00:00:50.800806000,0.01,0.01,0.004,0.07,3.1
266,2.126023902190972,0.37340523939360254,2.499429141584575,0.7006175789554434,2.172216802022734,0 days 00:00:51.329810000,0.02,0.01,0.004,0.07,3.1
267,2.0928815171033976,0.7876018319639495,2.8804833490673474,1.4958683790085645,2.172216802022734,0 days 00:00:50.833289000,0.03,0.01,0.004,0.07,3.1
268,2.4279031843363175,1.1732889685019419,3.6011921528382596,2.602264319317468,2.172216802022734,0 days 00:00:51.148922000,0.04,0.01,0.004,0.07,3.1
269,3.300496096384351,1.448577399998005,4.749073496382356,4.025434094357628,2.172216802022734,0 days 00:00:50.468832000,0.05,0.01,0.004,0.07,3.1
270,1.9482204960341614,0.22399630598857273,2.172216802022734,0.22399630598857273,2.172216802022734,0 days 00:00:51.303487000,0.01,0.01,0.004,0.08,3.1
271,1.6543667471984063,0.6480209113913381,2.3023876585897445,0.7781917679583499,2.172216802022734,0 days 00:00:51.093276000,0.02,0.01,0.004,0.08,3.1
272,1.8439366643807507,1.003267506133966,2.8472041705147166,1.67825487462595,2.172216802022734,0 days 00:00:51.047573000,0.03,0.01,0.004,0.08,3.1
273,2.5607855857795636,1.2711642176868374,3.831949803466401,2.930897219130507,2.172216802022734,0 days 00:00:51.524773000,0.04,0.01,0.004,0.08,3.1
274,3.701024950842828,1.5031414832863852,5.204166434129213,4.535091115392865,2.172216802022734,0 days 00:00:49.618377000,0.05,0.01,0.004,0.08,3.1
275,1.9313054316379663,0.2411110583113102,2.1724164899492764,0.2413107462378527,2.172216802022734,0 days 00:00:50.788004000,0.01,0.01,0.004,0.09,3.1
276,1.681986279370061,0.6715207164381446,2.3535069958082055,0.8528109102236154,2.172216802022734,0 days 00:00:51.814125000,0.02,0.01,0.004,0.09,3.1
277,2.0046990917404557,1.0072997737699887,3.0119988655104444,1.8470818372576974,2.172216802022734,0 days 00:00:52.183699000,0.03,0.01,0.004,0.09,3.1
278,2.860206885160599,1.268571036398259,4.128777921558858,3.2251321559343866,2.172216802022734,0 days 00:00:51.115427000,0.04,0.01,0.004,0.09,3.1
279,4.159985509905224,1.4925399156637498,5.652525425568974,4.972848539209986,2.172216802022734,0 days 00:00:51.304058000,0.05,0.01,0.004,0.09,3.1
280,2.4066586917949033,0.0,2.4066586917949033,0.23444188977216907,2.172216802022734,0 days 00:00:50.708875000,0.01,0.01,0.005,0.02,3.1
281,2.6538730024791564,0.0,2.6538730024791564,0.48165620045642205,2.172216802022734,0 days 00:00:52.037571000,0.02,0.01,0.005,0.02,3.1
282,2.9547305032104694,0.0,2.9547305032104694,0.782513701187735,2.172216802022734,0 days 00:00:51.294810000,0.03,0.01,0.005,0.02,3.1
283,3.3093470920546277,0.0,3.3093470920546277,1.1371302900318934,2.172216802022734,0 days 00:00:50.614936000,0.04,0.01,0.005,0.02,3.1
284,3.7179220057974245,0.0,3.7179220057974245,1.5457052037746906,2.172216802022734,0 days 00:00:49.906516000,0.05,0.01,0.005,0.02,3.1
285,2.3741343266861867,0.0,2.3741343266861867,0.20191752466345267,2.172216802022734,0 days 00:00:50.787662000,0.01,0.01,0.005,0.03,3.1
286,2.651307301250259,0.0,2.651307301250259,0.47909049922752495,2.172216802022734,0 days 00:00:52.196176000,0.02,0.01,0.005,0.03,3.1
287,3.031552268763618,0.0,3.031552268763618,0.8593354667408839,2.172216802022734,0 days 00:00:51.443483000,0.03,0.01,0.005,0.03,3.1
288,3.516012855360671,0.0,3.516012855360671,1.3437960533379367,2.172216802022734,0 days 00:00:51.011723000,0.04,0.01,0.005,0.03,3.1
289,4.105442452343244,0.0002562532294895197,4.105698705572733,1.9337381567794871,2.172216802022734,0 days 00:00:51.083773000,0.05,0.01,0.005,0.03,3.1
290,2.365458902479193,0.0,2.365458902479193,0.19324210045645884,2.172216802022734,0 days 00:00:51.227504000,0.01,0.01,0.005,0.04,3.1
291,2.6922436253304056,0.0006367428156253365,2.692880368146031,0.5213003089389237,2.172216802022734,0 days 00:00:51.529756000,0.02,0.01,0.005,0.04,3.1
292,3.1439921677246816,0.01829633427929746,3.162288502003979,1.0083680342605426,2.172216802022734,0 days 00:00:50.517879000,0.03,0.01,0.005,0.04,3.1
293,3.6406148158470484,0.09466452345626208,3.7352793393033106,1.6577270607368408,2.172216802022734,0 days 00:00:51.456051000,0.04,0.01,0.005,0.04,3.1
294,4.133850224789321,0.25567107419106494,4.3895212989803865,2.4729755711487167,2.172216802022734,0 days 00:00:51.393709000,0.05,0.01,0.005,0.04,3.1
295,2.3393009628072665,0.014787233108977447,2.354088195916244,0.19665862700248748,2.172216802022734,0 days 00:00:52.404356000,0.01,0.01,0.005,0.05,3.1
296,2.5537716731232623,0.10387338367457091,2.657645056797833,0.5893016384496716,2.172216802022734,0 days 00:00:51.048240000,0.02,0.01,0.005,0.05,3.1
297,2.745427257422658,0.31314413698165994,3.0585713944043182,1.199498729363245,2.172216802022734,0 days 00:00:51.966066000,0.03,0.01,0.005,0.05,3.1
298,2.923145280873583,0.6410874027200887,3.5642326835936715,2.033103284291026,2.172216802022734,0 days 00:00:50.788907000,0.04,0.01,0.005,0.05,3.1
299,3.2391162301693237,1.0143752193847637,4.253491449554088,3.095649866916121,2.172216802022734,0 days 00:00:52.289765000,0.05,0.01,0.005,0.05,3.1
300,2.0875643140069444,0.14643236727513556,2.23399668128208,0.208212246534481,2.172216802022734,0 days 00:00:51.181254000,0.01,0.01,0.005,0.06,3.1
301,1.997907294222694,0.4228385799015528,2.420745874124247,0.6713676520030654,2.172216802022734,0 days 00:00:50.588249000,0.02,0.01,0.005,0.06,3.1
302,1.9520183827170383,0.8144142844624259,2.766432667179464,1.4086301496191562,2.172216802022734,0 days 00:00:50.923047000,0.03,0.01,0.005,0.06,3.1
303,2.30772470572112,1.145611027970632,3.4533357336917523,2.4267299596396503,2.172216802022734,0 days 00:00:51.233031000,0.04,0.01,0.005,0.06,3.1
304,3.11066489455789,1.3956054151526696,4.506270309710559,3.7296589228404953,2.172216802022734,0 days 00:00:51.036124000,0.05,0.01,0.005,0.06,3.1
305,1.9477839230502947,0.22443287897243944,2.172216802022734,0.22443287897243944,2.172216802022734,0 days 00:00:51.269620000,0.01,0.01,0.005,0.07,3.1
306,1.614508925322673,0.6576941664592376,2.2722030917819107,0.7576804562184137,2.172216802022734,0 days 00:00:50.467781000,0.02,0.01,0.005,0.07,3.1
307,1.8374452523239324,0.9752723156861112,2.8127175680100436,1.6157730816734195,2.172216802022734,0 days 00:00:50.667307000,0.03,0.01,0.005,0.07,3.1
308,2.51893985056454,1.228012404069027,3.7469522546335674,2.80274785667986,2.172216802022734,0 days 00:00:50.522256000,0.04,0.01,0.005,0.07,3.1
309,3.5964530519664004,1.4451621565162194,5.04161520848262,4.314560562976106,2.172216802022734,0 days 00:00:51.411049000,0.05,0.01,0.005,0.07,3.1
310,1.9852741685091597,0.21477216882655556,2.2000463373357153,0.24260170413953755,2.172216802022734,0 days 00:00:50.966579000,0.01,0.01,0.005,0.08,3.1
311,1.9066731957145535,0.5533975267448584,2.460070722459412,0.8412514471815362,2.172216802022734,0 days 00:00:51.478720000,0.02,0.01,0.005,0.08,3.1
312,2.113145976565935,0.9331295031868976,3.0462754797528326,1.8071881809169956,2.172216802022734,0 days 00:00:51.743019000,0.03,0.01,0.005,0.08,3.1
313,2.8995036033528834,1.2047321171015595,4.104235720454443,3.1367510355332655,2.172216802022734,0 days 00:00:52.443078000,0.04,0.01,0.005,0.08,3.1
314,4.127068626894092,1.4271738142682078,5.554242441162299,4.809199453407775,2.172216802022734,0 days 00:00:51.235542000,0.05,0.01,0.005,0.08,3.1
315,2.1910632292842616,0.12100138469751916,2.312064613981781,0.2608491966565665,2.172216802022734,0 days 00:00:51.168625000,0.01,0.01,0.005,0.09,3.1
316,2.306371659400285,0.39179397277190475,2.6981656321721896,0.9177428029213599,2.172216802022734,0 days 00:00:51.657599000,0.02,0.01,0.005,0.09,3.1
317,2.5437659559647736,0.8016384127283092,3.345404368693083,1.9748259793986622,2.172216802022734,0 days 00:00:51.432257000,0.03,0.01,0.005,0.09,3.1
318,3.2980280665998887,1.144627827391983,4.442655893991872,3.415066919361119,2.172216802022734,0 days 00:00:51.347908000,0.04,0.01,0.005,0.09,3.1
319,4.589340506093343,1.3875994312742699,5.9769399373676135,5.192322566619149,2.172216802022734,0 days 00:00:51.580937000,0.05,0.01,0.005,0.09,3.1
320,2.3808142572097934,0.0,2.3808142572097934,0.2085974551870592,2.172216802022734,0 days 00:00:51.118860000,0.01,0.01,0.006,0.02,3.1
321,2.6093438608702595,0.0,2.6093438608702595,0.43712705884752556,2.172216802022734,0 days 00:00:51.648165000,0.02,0.01,0.006,0.02,3.1
322,2.89267371081827,0.0,2.89267371081827,0.7204569087955357,2.172216802022734,0 days 00:00:52.813326000,0.03,0.01,0.006,0.02,3.1
323,3.231148463414508,0.0,3.231148463414508,1.0589316613917736,2.172216802022734,0 days 00:00:52.533015000,0.04,0.01,0.006,0.02,3.1
324,3.624432564113408,0.000390274779463866,3.624822838892872,1.4529963116496016,2.172216802022734,0 days 00:00:51.622508000,0.05,0.01,0.006,0.02,3.1
325,2.368483870468751,0.00029925836734728605,2.3687831288360983,0.1968655851807105,2.172216802022734,0 days 00:00:51.435297000,0.01,0.01,0.006,0.03,3.1
326,2.637276848681252,0.004815207129036553,2.6420920558102883,0.47469046091659006,2.172216802022734,0 days 00:00:52.052560000,0.02,0.01,0.006,0.03,3.1
327,2.9843677010697345,0.024832943503401168,3.0092006445731356,0.8618167860538022,2.172216802022734,0 days 00:00:51.508350000,0.03,0.01,0.006,0.03,3.1
328,3.370001665387972,0.08107721219674764,3.45107887758472,1.3599392877587322,2.172216802022734,0 days 00:00:54.788346000,0.04,0.01,0.006,0.03,3.1
329,3.7611690737409713,0.19103029880123215,3.9521993725422035,1.9710128693207016,2.172216802022734,0 days 00:00:52.352226000,0.05,0.01,0.006,0.03,3.1
330,2.303768084400562,0.033393673627764256,2.3371617580283264,0.19833862963335783,2.172216802022734,0 days 00:00:50.985451000,0.01,0.01,0.006,0.04,3.1
331,2.4498465143788604,0.13340765827987502,2.5832541726587355,0.544445028915875,2.172216802022734,0 days 00:00:51.140813000,0.02,0.01,0.006,0.04,3.1
332,2.5787974757331993,0.3283814135312406,2.90717888926444,1.0633435007729448,2.172216802022734,0 days 00:00:52.880117000,0.03,0.01,0.006,0.04,3.1
333,2.706457992032652,0.6123534213110652,3.318811413343717,1.758948032632048,2.172216802022734,0 days 00:00:51.665712000,0.04,0.01,0.006,0.04,3.1
334,2.998177662167968,0.9045816275895556,3.902759289757524,2.635124115324345,2.172216802022734,0 days 00:00:51.728169000,0.05,0.01,0.006,0.04,3.1
335,2.002284945457619,0.18939489912402788,2.1916798445816466,0.20885794168294047,2.172216802022734,0 days 00:00:50.825877000,0.01,0.01,0.006,0.05,3.1
336,1.841329025137141,0.4824689070976514,2.3237979322347924,0.6340500373097094,2.172216802022734,0 days 00:00:51.373867000,0.02,0.01,0.006,0.05,3.1
337,1.823088362478634,0.8230370252565606,2.6461253877351947,1.2969456109690238,2.172216802022734,0 days 00:00:52.486156000,0.03,0.01,0.006,0.05,3.1
338,2.1731932104386367,1.1005217005424504,3.273714910981087,2.2020198095008046,2.172216802022734,0 days 00:00:51.696882000,0.04,0.01,0.006,0.05,3.1
339,2.8787265112223928,1.322425075329232,4.2011515865516245,3.351359859858125,2.172216802022734,0 days 00:00:51.590655000,0.05,0.01,0.006,0.05,3.1
340,1.9626028112762695,0.21738843543724792,2.1799912467135174,0.225162880128032,2.172216802022734,0 days 00:00:52.042303000,0.01,0.01,0.006,0.06,3.1
341,1.7487658828350217,0.5770922461928475,2.325858129027869,0.7307335731979832,2.172216802022734,0 days 00:00:52.382150000,0.02,0.01,0.006,0.06,3.1
342,N/A,N/A,N/A,N/A,2.172216802022734,0 days 00:00:51.936604000,0.03,0.01,0.006,0.06,3.1
343,2.502285980759141,1.1512862111372348,3.6535721918963757,2.6326416010108757,2.172216802022734,0 days 00:00:52.888341000,0.04,0.01,0.006,0.06,3.1
344,3.471039369979363,1.3611344451846785,4.832173815164041,4.021091458325986,2.172216802022734,0 days 00:00:51.908501000,0.05,0.01,0.006,0.06,3.1
345,2.151586776006857,0.1323584869699408,2.283945262976798,0.24408694792400445,2.172216802022734,0 days 00:00:52.203256000,0.01,0.01,0.006,0.07,3.1
346,2.2211094950362575,0.3878066976766395,2.608916192712897,0.8245060883668014,2.172216802022734,0 days 00:00:52.879619000,0.02,0.01,0.006,0.07,3.1
347,2.3955017130949137,0.7634343919645704,3.158936105059484,1.7501536950013197,2.172216802022734,0 days 00:00:52.603274000,0.03,0.01,0.006,0.07,3.1
348,2.992513537954218,1.0950205051470758,4.087534043101294,3.0103377462256358,2.172216802022734,0 days 00:00:51.552925000,0.04,0.01,0.006,0.07,3.1
349,4.089869052800729,1.328384781195442,5.418253833996172,4.57442181316888,2.172216802022734,0 days 00:00:52.536000000,0.05,0.01,0.006,0.07,3.1
350,2.35822792075285,0.038614975676788614,2.3968428964296384,0.2632410700836925,2.172216802022734,0 days 00:00:52.015593000,0.01,0.01,0.006,0.08,3.1
351,N/A,N/A,N/A,N/A,2.172216802022734,0 days 00:00:52.185346000,0.02,0.01,0.006,0.08,3.1
352,2.9887266889046527,0.5594753372176138,3.5482020261222664,1.9354605613171465,2.172216802022734,0 days 00:00:51.644994000,0.03,0.01,0.006,0.08,3.1
353,3.5100120762807117,0.9875591561136026,4.497571232394314,3.312913586485183,2.172216802022734,0 days 00:00:52.633443000,0.04,0.01,0.006,0.08,3.1
354,4.603026802714133,1.2734261780630267,5.8764529807771595,4.977662356817453,2.172216802022734,0 days 00:00:51.643917000,0.05,0.01,0.006,0.08,3.1
355,2.453312547715729,0.0,2.453312547715729,0.28109574569299484,2.172216802022734,0 days 00:00:52.198623000,0.01,0.01,0.006,0.09,3.1
356,2.9163523575932566,0.118462552756281,3.0348149103495374,0.9810606610830856,2.172216802022734,0 days 00:00:52.203379000,0.02,0.01,0.006,0.09,3.1
357,3.451168757393119,0.40238751785297644,3.8535562752460955,2.083726991076337,2.172216802022734,0 days 00:00:52.328258000,0.03,0.01,0.006,0.09,3.1
358,4.0514077377545945,0.8273693313920176,4.878777069146612,3.5339295985158974,2.172216802022734,0 days 00:00:52.222245000,0.04,0.01,0.006,0.09,3.1
359,4.9836839850930215,1.209255863715215,6.192939848808236,5.229978910500715,2.172216802022734,0 days 00:00:52.450431000,0.05,0.01,0.006,0.09,3.1
360,2.4729136808087087,0.0,2.4729136808087087,0.3006968787859747,2.172216802022734,0 days 00:00:52.084071000,0.01,0.011,0.004,0.02,3.1
361,2.7603772515705507,0.0,2.7603772515705507,0.5881604495478165,2.172216802022734,0 days 00:00:51.718667000,0.02,0.011,0.004,0.02,3.1
362,3.101920612223774,0.0,3.101920612223774,0.9297038102010399,2.172216802022734,0 days 00:00:51.855616000,0.03,0.011,0.004,0.02,3.1
363,3.4975102607848862,0.0,3.4975102607848862,1.325293458762152,2.172216802022734,0 days 00:00:53.065337000,0.04,0.011,0.004,0.02,3.1
364,3.947204942529102,0.0,3.947204942529102,1.7749881405063679,2.172216802022734,0 days 00:00:52.882070000,0.05,0.011,0.004,0.02,3.1
365,2.3963026851756855,0.0,2.3963026851756855,0.22408588315295144,2.172216802022734,0 days 00:00:51.890450000,0.01,0.011,0.004,0.03,3.1
366,2.6873835662986076,0.0,2.6873835662986076,0.5151667642758734,2.172216802022734,0 days 00:00:52.199736000,0.02,0.011,0.004,0.03,3.1
367,3.0772051422370263,0.0,3.0772051422370263,0.9049883402142923,2.172216802022734,0 days 00:00:53.298629000,0.03,0.011,0.004,0.03,3.1
368,3.5664019878171245,0.0,3.5664019878171245,1.3941851857943903,2.172216802022734,0 days 00:00:52.182050000,0.04,0.011,0.004,0.03,3.1
369,4.155701158366104,0.0,4.155701158366104,1.98348435634337,2.172216802022734,0 days 00:00:52.938467000,0.05,0.011,0.004,0.03,3.1
370,2.370976227479178,0.0,2.370976227479178,0.19875942545644393,2.172216802022734,0 days 00:00:51.941066000,0.01,0.011,0.004,0.04,3.1
371,2.691189271046391,0.0,2.691189271046391,0.5189724690236572,2.172216802022734,0 days 00:00:51.914904000,0.02,0.011,0.004,0.04,3.1
372,3.158350560198112,0.0,3.158350560198112,0.9861337581753776,2.172216802022734,0 days 00:00:51.024964000,0.03,0.011,0.004,0.04,3.1
373,3.7744730412075,0.0,3.7744730412075,1.602256239184766,2.172216802022734,0 days 00:00:52.108017000,0.04,0.011,0.004,0.04,3.1
374,4.541729459789968,0.0,4.541729459789968,2.3695126577672334,2.172216802022734,0 days 00:00:51.577520000,0.05,0.011,0.004,0.04,3.1
375,2.364302530468313,0.0,2.364302530468313,0.19208572844557892,2.172216802022734,0 days 00:00:52.085513000,0.01,0.011,0.004,0.05,3.1
376,2.7306407800397543,0.0,2.7306407800397543,0.55842397801702,2.172216802022734,0 days 00:00:51.694929000,0.02,0.011,0.004,0.05,3.1
377,3.2931157083066136,0.0,3.2931157083066136,1.1208989062838797,2.172216802022734,0 days 00:00:51.539590000,0.03,0.011,0.004,0.05,3.1
378,4.055980619671278,0.0,4.055980619671278,1.883763817648544,2.172216802022734,0 days 00:00:53.647183000,0.04,0.011,0.004,0.05,3.1
379,5.023397370512649,0.00021799358432826683,5.023615364096977,2.8516165556585724,2.172216802022734,0 days 00:00:53.104659000,0.05,0.011,0.004,0.05,3.1
380,2.3684521154746765,0.0,2.3684521154746765,0.19623531345194223,2.172216802022734,0 days 00:00:51.793861000,0.01,0.011,0.004,0.06,3.1
381,2.7901506714086137,0.0,2.7901506714086137,0.6179338693858795,2.172216802022734,0 days 00:00:51.317263000,0.02,0.011,0.004,0.06,3.1
382,3.4529754742248526,0.001870488378632565,3.454845962603485,1.2844996489593834,2.172216802022734,0 days 00:00:52.153774000,0.03,0.011,0.004,0.06,3.1
383,4.200043136186471,0.08744337712126486,4.287486513307736,2.2027130884062665,2.172216802022734,0 days 00:00:52.207172000,0.04,0.011,0.004,0.06,3.1
384,4.947916066780036,0.30182161571515354,5.24973768249519,3.379342496187607,2.172216802022734,0 days 00:00:52.203502000,0.05,0.011,0.004,0.06,3.1
385,2.3793787061061664,0.0,2.3793787061061664,0.20716190408343207,2.172216802022734,0 days 00:00:51.609409000,0.01,0.011,0.004,0.07,3.1
386,2.8063619559365423,0.026879634239239943,2.833241590175782,0.6879044223922873,2.172216802022734,0 days 00:00:52.835984000,0.02,0.011,0.004,0.07,3.1
387,3.260034702560807,0.18606260676364683,3.446097309324454,1.4599431140653676,2.172216802022734,0 days 00:00:52.306880000,0.03,0.011,0.004,0.07,3.1
388,3.6118735045841777,0.5460285080556174,4.157902012639795,2.5317137186726772,2.172216802022734,0 days 00:00:52.751604000,0.04,0.011,0.004,0.07,3.1
389,3.8988082831203617,1.0918562150572102,4.990664498177572,3.910303911212047,2.172216802022734,0 days 00:00:52.397221000,0.05,0.011,0.004,0.07,3.1
390,2.327646425447754,0.033247995180409586,2.3608944206281635,0.2219256137858398,2.172216802022734,0 days 00:00:51.610578000,0.01,0.011,0.004,0.08,3.1
391,2.5088840500739398,0.2123982716714345,2.7212823217453743,0.7614637913940743,2.172216802022734,0 days 00:00:52.846475000,0.02,0.011,0.004,0.08,3.1
392,2.5970002666264587,0.6049834372347801,3.201983703861239,1.6347503390732847,2.172216802022734,0 days 00:00:53.027181000,0.03,0.011,0.004,0.08,3.1
393,2.7815592732292,1.120344925645221,3.901904198874421,2.850032322496907,2.172216802022734,0 days 00:00:53.478524000,0.04,0.011,0.004,0.08,3.1
394,3.6892084083029033,1.447275157503845,5.136483565806748,4.411541921287861,2.172216802022734,0 days 00:00:51.856847000,0.05,0.011,0.004,0.08,3.1
395,2.115456848614776,0.14758975002209,2.263046598636866,0.23841954663622178,2.172216802022734,0 days 00:00:51.905316000,0.01,0.011,0.004,0.09,3.1
396,2.044482287749543,0.480799555757128,2.5252818435066713,0.8338645972410667,2.172216802022734,0 days 00:00:52.122565000,0.02,0.011,0.004,0.09,3.1
397,2.091583323236309,0.9404880014120791,3.032071324648388,1.800342524037733,2.172216802022734,0 days 00:00:52.524824000,0.03,0.011,0.004,0.09,3.1
398,2.7612298543579357,1.2771940244615454,4.038423878819481,3.143401101258291,2.172216802022734,0 days 00:00:51.525440000,0.04,0.011,0.004,0.09,3.1
399,3.9581201904850896,1.5371831008602777,5.495303291345367,4.860269590182914,2.172216802022734,0 days 00:00:51.932089000,0.05,0.011,0.004,0.09,3.1
400,2.4425363567847045,0.0,2.4425363567847045,0.27031955476197034,2.172216802022734,0 days 00:00:52.112455000,0.01,0.011,0.005,0.02,3.1
401,2.7116508029969366,0.0,2.7116508029969366,0.5394340009742025,2.172216802022734,0 days 00:00:53.004459000,0.02,0.011,0.005,0.02,3.1
402,3.03460489861738,0.0,3.03460489861738,0.8623880965946458,2.172216802022734,0 days 00:00:51.919882000,0.03,0.011,0.005,0.02,3.1
403,3.4114334660546293,0.0,3.4114334660546293,1.2392166640318951,2.172216802022734,0 days 00:00:52.565537000,0.04,0.011,0.005,0.02,3.1
404,3.8422567715545712,0.0,3.8422567715545712,1.6700399695318373,2.172216802022734,0 days 00:00:52.095218000,0.05,0.011,0.005,0.02,3.1
405,2.3907291382338003,0.0,2.3907291382338003,0.21851233621106625,2.172216802022734,0 days 00:00:52.493773000,0.01,0.011,0.005,0.03,3.1
406,2.677915194373945,0.0,2.677915194373945,0.505698392351211,2.172216802022734,0 days 00:00:53.168351000,0.02,0.011,0.005,0.03,3.1
407,3.066241996539753,0.0,3.066241996539753,0.8940251945170191,2.172216802022734,0 days 00:00:52.278795000,0.03,0.011,0.005,0.03,3.1
408,3.5565821269986513,0.0,3.5565821269986513,1.3843653249759171,2.172216802022734,0 days 00:00:53.392581000,0.04,0.011,0.005,0.03,3.1
409,4.1498892871728055,0.0,4.1498892871728055,1.9776724851500715,2.172216802022734,0 days 00:00:53.636231000,0.05,0.011,0.005,0.03,3.1
410,2.3740483575122724,0.0,2.3740483575122724,0.20183155548953835,2.172216802022734,0 days 00:00:52.551105000,0.01,0.011,0.005,0.04,3.1
411,2.7024033469173188,0.0,2.7024033469173188,0.5301865448945846,2.172216802022734,0 days 00:00:52.131966000,0.02,0.011,0.005,0.04,3.1
412,3.1843476719523345,0.0,3.1843476719523345,1.0121308699296006,2.172216802022734,0 days 00:00:51.896437000,0.03,0.011,0.005,0.04,3.1
413,3.8224230339374543,0.0,3.8224230339374543,1.6502062319147202,2.172216802022734,0 days 00:00:51.894806000,0.04,0.011,0.005,0.04,3.1
414,4.619422957147123,0.0,4.619422957147123,2.447206155124388,2.172216802022734,0 days 00:00:52.653170000,0.05,0.011,0.005,0.04,3.1
415,2.372200140232286,0.0,2.372200140232286,0.19998333820955175,2.172216802022734,0 days 00:00:51.883370000,0.01,0.011,0.005,0.05,3.1
416,2.756997276470864,0.0,2.756997276470864,0.5847804744481298,2.172216802022734,0 days 00:00:52.120966000,0.02,0.011,0.005,0.05,3.1
417,3.3435260711004444,0.003183341210233537,3.3467094123106778,1.1776759514981767,2.172216802022734,0 days 00:00:53.103396000,0.03,0.011,0.005,0.05,3.1
418,4.022945649851302,0.0664763647093681,4.08942201456067,1.983681577247308,2.172216802022734,0 days 00:00:51.587570000,0.04,0.011,0.005,0.05,3.1
419,4.706877800431941,0.23664191725179112,4.943519717683732,3.007944832912789,2.172216802022734,0 days 00:00:52.673708000,0.05,0.011,0.005,0.05,3.1
420,2.3792853207898363,0.00036105668705347445,2.37964637747689,0.207790632141209,2.172216802022734,0 days 00:00:52.104748000,0.01,0.011,0.005,0.06,3.1
421,2.7518996461668728,0.038546749266832464,2.790446395433705,0.6567763426778038,2.172216802022734,0 days 00:00:52.305665000,0.02,0.011,0.005,0.06,3.1
422,3.150421257039364,0.19456814617197973,3.344989403211344,1.3673407473605894,2.172216802022734,0 days 00:00:51.492033000,0.03,0.011,0.005,0.06,3.1
423,3.496294432039477,0.5111388421301014,4.007433274169578,2.3463553142769444,2.172216802022734,0 days 00:00:51.126119000,0.04,0.011,0.005,0.06,3.1
424,3.760386800979862,1.0057649251865972,4.766151726166459,3.5996998493303227,2.172216802022734,0 days 00:00:53.588647000,0.05,0.011,0.005,0.06,3.1
425,2.282234321295227,0.055748133661908485,2.3379824549571357,0.22151378659631066,2.172216802022734,0 days 00:00:53.264380000,0.01,0.011,0.005,0.07,3.1
426,2.404444941100331,0.25206655087769825,2.656511491978029,0.7363612408329943,2.172216802022734,0 days 00:00:52.607482000,0.02,0.011,0.005,0.07,3.1
427,2.443180807381763,0.6456398028196755,3.0888206102014384,1.56224361099838,2.172216802022734,0 days 00:00:52.010777000,0.03,0.011,0.005,0.07,3.1
428,2.661011923654068,1.1085443537178605,3.7695562773719287,2.705883829067055,2.172216802022734,0 days 00:00:53.922641000,0.04,0.011,0.005,0.07,3.1
429,3.5052305375430666,1.4186540036521786,4.923884541195245,4.17032174282469,2.172216802022734,0 days 00:00:52.800624000,0.05,0.011,0.005,0.07,3.1
430,2.0377679257495847,0.18633651102603688,2.2241044367756215,0.23822414577892534,2.172216802022734,0 days 00:00:52.745525000,0.01,0.011,0.005,0.08,3.1
431,1.8970898073540545,0.5457366751949043,2.4428264825489587,0.8163463557211305,2.172216802022734,0 days 00:00:52.567395000,0.02,0.011,0.005,0.08,3.1
432,2.0397486839038717,0.940642313696395,2.9803909976002667,1.7488165092739294,2.172216802022734,0 days 00:00:52.247050000,0.03,0.011,0.005,0.08,3.1
433,2.7014024654339304,1.2549725275156283,3.9563749929495584,3.039130718442451,2.172216802022734,0 days 00:00:55.094453000,0.04,0.011,0.005,0.08,3.1
434,3.838606825984618,1.507947735316156,5.346554561300774,4.682285494594196,2.172216802022734,0 days 00:00:53.531583000,0.05,0.011,0.005,0.08,3.1
435,1.9163705666818458,0.2558462353408884,2.172216802022734,0.2558462353408884,2.172216802022734,0 days 00:00:52.776634000,0.01,0.011,0.005,0.09,3.1
436,1.749434513979128,0.6573933186063354,2.4068278325854635,0.8920043491690652,2.172216802022734,0 days 00:00:53.219569000,0.02,0.011,0.005,0.09,3.1
437,2.1462475254599274,0.9722234544008476,3.118470979860775,1.9184776322388886,2.172216802022734,0 days 00:00:52.932509000,0.03,0.011,0.005,0.09,3.1
438,2.9631354840457345,1.2704363013539581,4.233571785399692,3.3317912847309152,2.172216802022734,0 days 00:00:52.144429000,0.04,0.011,0.005,0.09,3.1
439,4.2435591324365305,1.520720123300296,5.7642792557368265,5.11278257701439,2.172216802022734,0 days 00:00:51.992618000,0.05,0.011,0.005,0.09,3.1
440,2.414791163039663,0.0,2.414791163039663,0.24257436101692886,2.172216802022734,0 days 00:00:48.809215000,0.01,0.011,0.006,0.02,3.1
441,2.6654721395867074,0.0,2.6654721395867074,0.4932553375639731,2.172216802022734,0 days 00:00:47.954439000,0.02,0.011,0.006,0.02,3.1
442,2.9703449912418103,0.0,2.9703449912418103,0.7981281892190764,2.172216802022734,0 days 00:00:47.659304000,0.03,0.011,0.006,0.02,3.1
443,3.329571396362924,0.0,3.329571396362924,1.1573545943401897,2.172216802022734,0 days 00:00:47.278619000,0.04,0.011,0.006,0.02,3.1
444,3.7433958930645908,0.0,3.7433958930645908,1.5711790910418564,2.172216802022734,0 days 00:00:47.691649000,0.05,0.011,0.006,0.02,3.1
445,2.385758069601843,0.0,2.385758069601843,0.213541267579109,2.172216802022734,0 days 00:00:47.618259000,0.01,0.011,0.006,0.03,3.1
446,2.6713761632670914,0.0,2.6713761632670914,0.49915936124435717,2.172216802022734,0 days 00:00:46.753616000,0.02,0.011,0.006,0.03,3.1
447,3.0621917384858977,0.0,3.0621917384858977,0.8899749364631633,2.172216802022734,0 days 00:00:47.796488000,0.03,0.011,0.006,0.03,3.1
448,3.559381519629932,0.0,3.559381519629932,1.3871647176071982,2.172216802022734,0 days 00:00:47.601508000,0.04,0.011,0.006,0.03,3.1
449,4.164265428773144,0.0,4.164265428773144,1.9920486267504105,2.172216802022734,0 days 00:00:47.350575000,0.05,0.011,0.006,0.03,3.1
450,2.378151887391944,0.0,2.378151887391944,0.20593508536920968,2.172216802022734,0 days 00:00:46.886334000,0.01,0.011,0.006,0.04,3.1
451,2.719343170251686,0.0,2.719343170251686,0.5471263682289517,2.172216802022734,0 days 00:00:47.324070000,0.02,0.011,0.006,0.04,3.1
452,3.2101869464933785,0.00691250224715993,3.2170994487405387,1.051795148964965,2.172216802022734,0 days 00:00:47.322406000,0.03,0.011,0.006,0.04,3.1
453,3.78467476445501,0.055345884022401655,3.8400206484774113,1.7231497304770775,2.172216802022734,0 days 00:00:47.799317000,0.04,0.011,0.006,0.04,3.1
454,4.373252742300836,0.18179553187380043,4.555048274174636,2.564627004025705,2.172216802022734,0 days 00:00:47.208533000,0.05,0.011,0.006,0.04,3.1
455,2.3715368442886504,0.005374939414294954,2.3769117837029454,0.21006992109450476,2.172216802022734,0 days 00:00:47.505264000,0.01,0.011,0.006,0.05,3.1
456,2.675965635472484,0.058208746486209356,2.7341743819586934,0.6201663264221676,2.172216802022734,0 days 00:00:46.971970000,0.02,0.011,0.006,0.05,3.1
457,3.0000145601401966,0.21328377425406478,3.2132983343942616,1.254365306625592,2.172216802022734,0 days 00:00:47.848353000,0.03,0.011,0.006,0.05,3.1
458,3.313982965538735,0.48800949614639916,3.801992461685134,2.1177851558088014,2.172216802022734,0 days 00:00:47.047012000,0.04,0.011,0.006,0.05,3.1
459,3.574185573660447,0.9064734776664114,4.4806590513268585,3.214915726970542,2.172216802022734,0 days 00:00:47.447613000,0.05,0.011,0.006,0.05,3.1
460,2.213393741007126,0.09049416994532303,2.303887910952449,0.22216527887503928,2.172216802022734,0 days 00:00:47.330975000,0.01,0.011,0.006,0.06,3.1
461,2.262619365765932,0.3077999659612457,2.570419331727178,0.7060024956656902,2.172216802022734,0 days 00:00:47.052766000,0.02,0.011,0.006,0.06,3.1
462,2.258033580761335,0.6928419465956251,2.9508755273569602,1.4715006719298527,2.172216802022734,0 days 00:00:46.473606000,0.03,0.011,0.006,0.06,3.1
463,2.5188890659754755,1.0884401724492934,3.607329238424769,2.523552608851328,2.172216802022734,0 days 00:00:47.410712000,0.04,0.011,0.006,0.06,3.1
464,3.280528414760428,1.3777201317088028,4.658248546469231,3.863751876155301,2.172216802022734,0 days 00:00:47.608423000,0.05,0.011,0.006,0.06,3.1
465,1.9524505264953707,0.22922754554980307,2.1816780720451736,0.2386888155722431,2.172216802022734,0 days 00:00:47.363609000,0.01,0.011,0.006,0.07,3.1
466,1.7691832850584097,0.598729465556481,2.3679127506148907,0.7944254141486394,2.172216802022734,0 days 00:00:46.921259000,0.02,0.011,0.006,0.07,3.1
467,2.0106194381715685,0.9219813237740732,2.9326007619456416,1.6823652836969782,2.172216802022734,0 days 00:00:47.237306000,0.03,0.011,0.006,0.07,3.1
468,2.646684631667987,1.2144311088231703,3.861115740491157,2.903330047291594,2.172216802022734,0 days 00:00:46.995322000,0.04,0.011,0.006,0.07,3.1
469,3.69848803060305,1.4615407531605518,5.160028783763602,4.4493527349014235,2.172216802022734,0 days 00:00:46.870956000,0.05,0.011,0.006,0.07,3.1
470,1.939973756800038,0.24456244906937522,2.184536205869413,0.2568818529160537,2.172216802022734,0 days 00:00:48.386707000,0.01,0.011,0.006,0.08,3.1
471,1.830683303889667,0.6099687876853956,2.4406520915750627,0.8784040772377258,2.172216802022734,0 days 00:00:47.517626000,0.02,0.011,0.006,0.08,3.1
472,2.210454150664526,0.9175508685414638,3.12800501920599,1.873339085724719,2.172216802022734,0 days 00:00:47.390761000,0.03,0.011,0.006,0.08,3.1
473,2.9937266315924482,1.2059698423859337,4.199696473978382,3.2334495143415833,2.172216802022734,0 days 00:00:47.721650000,0.04,0.011,0.006,0.08,3.1
474,4.182087267060148,1.4616315663564443,5.643718833416592,4.933133597750301,2.172216802022734,0 days 00:00:47.194320000,0.05,0.011,0.006,0.08,3.1
475,2.1397734182419086,0.1536582954867315,2.29343171372864,0.27487320719263697,2.172216802022734,0 days 00:00:47.427467000,0.01,0.011,0.006,0.09,3.1
476,N/A,N/A,N/A,N/A,2.172216802022734,0 days 00:00:47.637788000,0.02,0.011,0.006,0.09,3.1
477,2.5113473770820613,0.8489645554759073,3.3603119325579685,2.0370596860111405,2.172216802022734,0 days 00:00:47.493203000,0.03,0.011,0.006,0.09,3.1
478,3.371488221395112,1.1514545061101376,4.522942727505249,3.502180431592652,2.172216802022734,0 days 00:00:47.209848000,0.04,0.011,0.006,0.09,3.1
479,4.615788026350934,1.427500987728256,6.04328901407919,5.298573199784713,2.172216802022734,0 days 00:00:47.152934000,0.05,0.011,0.006,0.09,3.1
480,2.5090254654301196,0.0,2.5090254654301196,0.3368086634073857,2.172216802022734,0 days 00:00:47.297934000,0.01,0.012,0.004,0.02,3.1
481,2.8145729933500614,0.0,2.8145729933500614,0.6423561913273274,2.172216802022734,0 days 00:00:47.328426000,0.02,0.012,0.004,0.02,3.1
482,3.1747389946155984,0.0,3.1747389946155984,1.002522192592864,2.172216802022734,0 days 00:00:46.731192000,0.03,0.012,0.004,0.02,3.1
483,3.5894674429249482,0.0,3.5894674429249482,1.4172506409022143,2.172216802022734,0 days 00:00:47.367981000,0.04,0.012,0.004,0.02,3.1
484,4.058802567981472,0.0,4.058802567981472,1.8865857659587377,2.172216802022734,0 days 00:00:46.785868000,0.05,0.012,0.004,0.02,3.1
485,2.4111451882051735,0.0,2.4111451882051735,0.2389283861824395,2.172216802022734,0 days 00:00:47.928951000,0.01,0.012,0.004,0.03,3.1
486,2.711570377367889,0.0,2.711570377367889,0.5393535753451549,2.172216802022734,0 days 00:00:47.637818000,0.02,0.012,0.004,0.03,3.1
487,3.1101802394217377,0.0,3.1101802394217377,0.9379634373990035,2.172216802022734,0 days 00:00:47.729169000,0.03,0.012,0.004,0.03,3.1
488,3.607478508135136,0.0,3.607478508135136,1.4352617061124022,2.172216802022734,0 days 00:00:46.342962000,0.04,0.012,0.004,0.03,3.1
489,4.204059787821026,0.0,4.204059787821026,2.031842985798292,2.172216802022734,0 days 00:00:47.672115000,0.05,0.012,0.004,0.03,3.1
490,2.378955132690354,0.0,2.378955132690354,0.20673833066761999,2.172216802022734,0 days 00:00:47.906696000,0.01,0.012,0.004,0.04,3.1
491,2.7019793685356013,0.0,2.7019793685356013,0.529762566512867,2.172216802022734,0 days 00:00:47.686721000,0.02,0.012,0.004,0.04,3.1
492,3.169562829270186,0.0,3.169562829270186,0.9973460272474519,2.172216802022734,0 days 00:00:47.731894000,0.03,0.012,0.004,0.04,3.1
493,3.783395895183042,0.0,3.783395895183042,1.6111790931603078,2.172216802022734,0 days 00:00:47.978884000,0.04,0.012,0.004,0.04,3.1
494,4.545278513493389,0.0,4.545278513493389,2.3730617114706547,2.172216802022734,0 days 00:00:47.634363000,0.05,0.012,0.004,0.04,3.1
495,2.368651804441006,0.0,2.368651804441006,0.1964350024182719,2.172216802022734,0 days 00:00:48.556228000,0.01,0.012,0.004,0.05,3.1
496,2.7328402361811746,0.0,2.7328402361811746,0.5606234341584403,2.172216802022734,0 days 00:00:47.968574000,0.02,0.012,0.004,0.05,3.1
497,3.2884474255265594,0.0,3.2884474255265594,1.116230623503825,2.172216802022734,0 days 00:00:48.072357000,0.03,0.012,0.004,0.05,3.1
498,4.039021836374763,0.0,4.039021836374763,1.8668050343520295,2.172216802022734,0 days 00:00:48.080041000,0.04,0.012,0.004,0.05,3.1
499,4.988408906847575,0.0,4.988408906847575,2.8161921048248413,2.172216802022734,0 days 00:00:48.205796000,0.05,0.012,0.004,0.05,3.1
500,2.3703008986138783,0.0,2.3703008986138783,0.19808409659114395,2.172216802022734,0 days 00:00:47.052421000,0.01,0.012,0.004,0.06,3.1
501,2.785821262408497,0.0,2.785821262408497,0.6136044603857628,2.172216802022734,0 days 00:00:46.893225000,0.02,0.012,0.004,0.06,3.1
502,3.4390565485189084,0.0,3.4390565485189084,1.266839746496174,2.172216802022734,0 days 00:00:47.294572000,0.03,0.012,0.004,0.06,3.1
503,4.33585421981211,0.0,4.33585421981211,2.163637417789376,2.172216802022734,0 days 00:00:48.134688000,0.04,0.012,0.004,0.06,3.1
504,5.4822693666062285,0.0,5.4822693666062285,3.310052564583494,2.172216802022734,0 days 00:00:47.905219000,0.05,0.012,0.004,0.06,3.1
505,2.379435873766694,0.0,2.379435873766694,0.2072190717439601,2.172216802022734,0 days 00:00:48.185376000,0.01,0.012,0.004,0.07,3.1
506,2.8508084899611026,0.0,2.8508084899611026,0.6785916879383685,2.172216802022734,0 days 00:00:48.122031000,0.02,0.012,0.004,0.07,3.1
507,3.6043137706076376,0.0,3.6043137706076376,1.4320969685849037,2.172216802022734,0 days 00:00:47.390597000,0.03,0.012,0.004,0.07,3.1
508,4.611489972328428,0.01809605080918202,4.62958602313761,2.4754652719240577,2.172216802022734,0 days 00:00:48.083620000,0.04,0.012,0.004,0.07,3.1
509,5.526517758228797,0.23078807372733612,5.757305831956133,3.8158771036607333,2.172216802022734,0 days 00:00:48.443556000,0.05,0.012,0.004,0.07,3.1
510,2.3929774051520942,0.0,2.3929774051520942,0.22076060312936013,2.172216802022734,0 days 00:00:47.271039000,0.01,0.012,0.004,0.08,3.1
511,2.9208307865340375,0.0,2.9208307865340375,0.7486139845113035,2.172216802022734,0 days 00:00:47.899749000,0.02,0.012,0.004,0.08,3.1
512,3.6553577119882683,0.05832963589480245,3.713687347883071,1.5998001817551388,2.172216802022734,0 days 00:00:47.388181000,0.03,0.012,0.004,0.08,3.1
513,4.168126763671899,0.3933989460637378,4.561525709735637,2.782707853776641,2.172216802022734,0 days 00:00:47.598987000,0.04,0.012,0.004,0.08,3.1
514,4.622162207891972,0.9267889008342293,5.548951108726202,4.303523207537699,2.172216802022734,0 days 00:00:46.780894000,0.05,0.012,0.004,0.08,3.1
515,2.4087240729091683,0.0,2.4087240729091683,0.23650727088643428,2.172216802022734,0 days 00:00:49.193999000,0.01,0.012,0.004,0.09,3.1
516,2.862000748369542,0.06452799005051917,2.9265287384200613,0.8188399264478469,2.172216802022734,0 days 00:00:48.319362000,0.02,0.012,0.004,0.09,3.1
517,3.1054242868647823,0.4141192682398684,3.519543555104651,1.7614460213217857,2.172216802022734,0 days 00:00:47.635012000,0.03,0.012,0.004,0.09,3.1
518,3.376387808944452,0.9337046222376453,4.310092431182097,3.0715802513970094,2.172216802022734,0 days 00:00:48.189488000,0.04,0.012,0.004,0.09,3.1
519,4.368160877924942,1.2778154539186302,5.645976331843572,4.75157498373947,2.172216802022734,0 days 00:00:48.261205000,0.05,0.012,0.004,0.09,3.1
520,2.4786273329113055,0.0,2.4786273329113055,0.30641053088857145,2.172216802022734,0 days 00:00:47.928412000,0.01,0.012,0.005,0.02,3.1
521,2.7676043280119718,0.0,2.7676043280119718,0.5953875259892375,2.172216802022734,0 days 00:00:47.404315000,0.02,0.012,0.005,0.02,3.1
522,3.1108031823664506,0.0,3.1108031823664506,0.9385863803437163,2.172216802022734,0 days 00:00:48.090755000,0.03,0.012,0.005,0.02,3.1
523,3.508212489896726,0.0,3.508212489896726,1.335995687873992,2.172216802022734,0 days 00:00:48.060616000,0.04,0.012,0.005,0.02,3.1
524,3.959913179221195,0.0,3.959913179221195,1.7876963771984609,2.172216802022734,0 days 00:00:46.928208000,0.05,0.012,0.005,0.02,3.1
525,2.4063741899554523,0.0,2.4063741899554523,0.23415738793271793,2.172216802022734,0 days 00:00:48.763068000,0.01,0.012,0.005,0.03,3.1
526,2.7030579781561794,0.0,2.7030579781561794,0.5308411761334452,2.172216802022734,0 days 00:00:47.545768000,0.02,0.012,0.005,0.03,3.1
527,3.0996595185804594,0.0,3.0996595185804594,0.9274427165577251,2.172216802022734,0 days 00:00:47.164735000,0.03,0.012,0.005,0.03,3.1
528,3.5968681918783125,0.0,3.5968681918783125,1.4246513898555784,2.172216802022734,0 days 00:00:48.018140000,0.04,0.012,0.005,0.03,3.1
529,4.195451818331257,0.0,4.195451818331257,2.0232350163085235,2.172216802022734,0 days 00:00:48.536193000,0.05,0.012,0.005,0.03,3.1
530,2.3822928694611276,0.0,2.3822928694611276,0.2100760674383934,2.172216802022734,0 days 00:00:47.722216000,0.01,0.012,0.005,0.04,3.1
531,2.7120647781858866,0.0,2.7120647781858866,0.5398479761631525,2.172216802022734,0 days 00:00:48.034581000,0.02,0.012,0.005,0.04,3.1
532,3.191596565993757,0.0,3.191596565993757,1.0193797639710227,2.172216802022734,0 days 00:00:47.887542000,0.03,0.012,0.005,0.04,3.1
533,3.822936251775364,0.0,3.822936251775364,1.6507194497526299,2.172216802022734,0 days 00:00:48.162331000,0.04,0.012,0.005,0.04,3.1
534,4.608309784344719,0.0,4.608309784344719,2.4360929823219846,2.172216802022734,0 days 00:00:47.433077000,0.05,0.012,0.005,0.04,3.1
535,2.3759844960059593,0.0,2.3759844960059593,0.20376769398322517,2.172216802022734,0 days 00:00:47.658677000,0.01,0.012,0.005,0.05,3.1
536,2.7556420688498426,0.0,2.7556420688498426,0.5834252668271086,2.172216802022734,0 days 00:00:48.496961000,0.02,0.012,0.005,0.05,3.1
537,3.3363350905245657,0.0,3.3363350905245657,1.1641182885018317,2.172216802022734,0 days 00:00:48.520771000,0.03,0.012,0.005,0.05,3.1
538,4.122264699986165,0.0,4.122264699986165,1.950047897963431,2.172216802022734,0 days 00:00:48.062744000,0.04,0.012,0.005,0.05,3.1
539,5.117891273584505,0.0,5.117891273584505,2.94567447156177,2.172216802022734,0 days 00:00:48.319748000,0.05,0.012,0.005,0.05,3.1
540,2.3806132922742904,0.0,2.3806132922742904,0.20839649025155635,2.172216802022734,0 days 00:00:47.798411000,0.01,0.012,0.005,0.06,3.1
541,2.8191974296836944,0.0,2.8191974296836944,0.6469806276609603,2.172216802022734,0 days 00:00:47.598829000,0.02,0.012,0.005,0.06,3.1
542,3.509417739527672,0.0,3.509417739527672,1.3372009375049378,2.172216802022734,0 days 00:00:48.069170000,0.03,0.012,0.005,0.06,3.1
543,4.434324019765677,0.011623248264854476,4.445947268030531,2.2853537142726497,2.172216802022734,0 days 00:00:47.524705000,0.04,0.012,0.005,0.06,3.1
544,5.362409034436407,0.15363091098021595,5.516039945416623,3.497454054374104,2.172216802022734,0 days 00:00:52.540500000,0.05,0.012,0.005,0.06,3.1
545,2.3921377683698277,0.0,2.3921377683698277,0.21992096634709343,2.172216802022734,0 days 00:00:48.682820000,0.01,0.012,0.005,0.07,3.1
546,2.892545419908033,0.00010625245463621622,2.892651672362669,0.7205411227945704,2.172216802022734,0 days 00:00:48.060233000,0.02,0.012,0.005,0.07,3.1
547,3.5690808596427512,0.061775295746485846,3.630856155389237,1.5204146491129875,2.172216802022734,0 days 00:00:48.181477000,0.03,0.012,0.005,0.07,3.1
548,4.058886307398211,0.37004476162901817,4.42893106902723,2.626759028633513,2.172216802022734,0 days 00:00:47.774895000,0.04,0.012,0.005,0.07,3.1
549,4.495911916651646,0.8606502913517581,5.356562208003404,4.044995697332432,2.172216802022734,0 days 00:00:47.977856000,0.05,0.012,0.005,0.07,3.1
550,2.4055759842394764,0.0009458818423495199,2.406521866081826,0.235250945901441,2.172216802022734,0 days 00:00:48.717017000,0.01,0.012,0.005,0.08,3.1
551,2.785648516235716,0.09168674757763509,2.877335263813351,0.7968052093682522,2.172216802022734,0 days 00:00:48.017747000,0.02,0.012,0.005,0.08,3.1
552,2.9769258282889304,0.4478684824708554,3.424794310759786,1.700445991207909,2.172216802022734,0 days 00:00:47.917487000,0.03,0.012,0.005,0.08,3.1
553,3.250858286558046,0.936818076100273,4.187676362658319,2.9522776367358605,2.172216802022734,0 days 00:00:48.019927000,0.04,0.012,0.005,0.08,3.1
554,4.201789815138046,1.2621134577081805,5.463903272846227,4.553799928531674,2.172216802022734,0 days 00:00:47.647244000,0.05,0.012,0.005,0.08,3.1
555,2.3161803477580216,0.05409887553016591,2.3702792232881875,0.2521612967956189,2.172216802022734,0 days 00:00:47.854383000,0.01,0.012,0.005,0.09,3.1
556,2.313177530166421,0.3649244063342701,2.678101936500691,0.8708095408122251,2.172216802022734,0 days 00:00:48.332439000,0.02,0.012,0.005,0.09,3.1
557,2.3976428300776025,0.8215219897566699,3.2191648198342726,1.868470007568208,2.172216802022734,0 days 00:00:48.443962000,0.03,0.012,0.005,0.09,3.1
558,3.1753937499887632,1.1221881577331587,4.297581907721922,3.2475532634323443,2.172216802022734,0 days 00:00:47.874812000,0.04,0.012,0.005,0.09,3.1
559,4.420085056050706,1.3768149184524898,5.796899974503195,5.001498090932951,2.172216802022734,0 days 00:00:48.047946000,0.05,0.012,0.005,0.09,3.1
560,2.449911112125106,0.0,2.449911112125106,0.27769431010237144,2.172216802022734,0 days 00:00:48.057446000,0.01,0.012,0.006,0.02,3.1
561,2.721594870950569,0.0,2.721594870950569,0.549378068927835,2.172216802022734,0 days 00:00:48.865935000,0.02,0.012,0.006,0.02,3.1
562,3.0474519202269237,0.0,3.0474519202269237,0.8752351182041896,2.172216802022734,0 days 00:00:47.770274000,0.03,0.012,0.006,0.02,3.1
563,3.427548758806262,0.0,3.427548758806262,1.255331956783528,2.172216802022734,0 days 00:00:49.061302000,0.04,0.012,0.006,0.02,3.1
564,3.862035924446755,0.0,3.862035924446755,1.6898191224240207,2.172216802022734,0 days 00:00:48.426744000,0.05,0.012,0.006,0.02,3.1
565,2.401935875464807,0.0,2.401935875464807,0.22971907344207285,2.172216802022734,0 days 00:00:47.911219000,0.01,0.012,0.006,0.03,3.1
566,2.696233128536607,0.0,2.696233128536607,0.5240163265138728,2.172216802022734,0 days 00:00:47.655708000,0.02,0.012,0.006,0.03,3.1
567,3.0932843773026235,0.0,3.0932843773026235,0.9210675752798896,2.172216802022734,0 days 00:00:48.066029000,0.03,0.012,0.006,0.03,3.1
568,3.593984187965887,0.0,3.593984187965887,1.421767385943153,2.172216802022734,0 days 00:00:48.181538000,0.04,0.012,0.006,0.03,3.1
569,4.199310421460597,0.0,4.199310421460597,2.0270936194378626,2.172216802022734,0 days 00:00:48.675553000,0.05,0.012,0.006,0.03,3.1
570,2.3861775645510934,0.0,2.3861775645510934,0.21396076252835944,2.172216802022734,0 days 00:00:48.116096000,0.01,0.012,0.006,0.04,3.1
571,2.725811425551389,0.0,2.725811425551389,0.5535946235286549,2.172216802022734,0 days 00:00:48.647827000,0.02,0.012,0.006,0.04,3.1
572,3.2226008246979845,0.0,3.2226008246979845,1.05038402267525,2.172216802022734,0 days 00:00:48.302732000,0.03,0.012,0.006,0.04,3.1
573,3.8790947919933743,0.0,3.8790947919933743,1.7068779899706403,2.172216802022734,0 days 00:00:48.462569000,0.04,0.012,0.006,0.04,3.1
574,4.698075766778348,0.0,4.698075766778348,2.5258589647556136,2.172216802022734,0 days 00:00:48.199257000,0.05,0.012,0.006,0.04,3.1
575,2.384807254035044,0.0,2.384807254035044,0.21259045201230967,2.172216802022734,0 days 00:00:49.148038000,0.01,0.012,0.006,0.05,3.1
576,2.7848667741491737,0.0,2.7848667741491737,0.6126499721264396,2.172216802022734,0 days 00:00:48.314885000,0.02,0.012,0.006,0.05,3.1
577,3.39869616415489,0.0,3.39869616415489,1.2264793621321555,2.172216802022734,0 days 00:00:48.583594000,0.03,0.012,0.006,0.05,3.1
578,4.209453167822862,0.01076280543376319,4.220215973256625,2.058761976667654,2.172216802022734,0 days 00:00:47.906826000,0.04,0.012,0.006,0.05,3.1
579,5.078848426721063,0.10374774471128392,5.182596171432347,3.1141271141208975,2.172216802022734,0 days 00:00:48.215886000,0.05,0.012,0.006,0.05,3.1
580,2.3931005032495527,0.0,2.3931005032495527,0.2208837012268187,2.172216802022734,0 days 00:00:47.604482000,0.01,0.012,0.006,0.06,3.1
581,2.8543218821693417,0.0031865170277400497,2.8575083991970818,0.6884781142020877,2.172216802022734,0 days 00:00:48.719706000,0.02,0.012,0.006,0.06,3.1
582,3.4513988806717277,0.07278142709917661,3.524180307770904,1.4247449328473452,2.172216802022734,0 days 00:00:48.425541000,0.03,0.012,0.006,0.06,3.1
583,3.9061411856516806,0.350792260082822,4.256933445734503,2.4355089037945894,2.172216802022734,0 days 00:00:49.839566000,0.04,0.012,0.006,0.06,3.1
584,4.3140343977797855,0.7917080344943873,5.105742432274173,3.7252336647458284,2.172216802022734,0 days 00:00:48.379101000,0.05,0.012,0.006,0.06,3.1
585,2.395969961188023,0.005630110768726729,2.4016000719567496,0.23501338070274183,2.172216802022734,0 days 00:00:48.598986000,0.01,0.012,0.006,0.07,3.1
586,2.6776005141516923,0.13269865182943225,2.8102991659811245,0.7707810157878243,2.172216802022734,0 days 00:00:47.740762000,0.02,0.012,0.006,0.07,3.1
587,2.8076957389055743,0.4948392052846932,3.3025349441902674,1.6251573474522278,2.172216802022734,0 days 00:00:47.898940000,0.03,0.012,0.006,0.07,3.1
588,3.0991120582747653,0.9379741242760816,4.037086182550847,2.802843504804194,2.172216802022734,0 days 00:00:48.422026000,0.04,0.012,0.006,0.07,3.1
589,3.995273326931077,1.2406283928183204,5.235901719749397,4.304313310544985,2.172216802022734,0 days 00:00:48.309707000,0.05,0.012,0.006,0.07,3.1
590,2.2282284050541614,0.09797140201588862,2.3261998070700503,0.2519544070632041,2.172216802022734,0 days 00:00:48.836546000,0.01,0.012,0.006,0.08,3.1
591,2.1521731879545527,0.43609338129302144,2.588266569247574,0.8521431485178613,2.172216802022734,0 days 00:00:48.709229000,0.02,0.012,0.006,0.08,3.1
592,2.310762767749858,0.8376411134476811,3.148403881197539,1.813828192622488,2.172216802022734,0 days 00:00:48.471700000,0.03,0.012,0.006,0.08,3.1
593,3.0824699138546983,1.113572446207623,4.196042360062322,3.1373980042472103,2.172216802022734,0 days 00:00:48.643709000,0.04,0.012,0.006,0.08,3.1
594,4.274098577735145,1.3561248333773843,5.630223411112529,4.814131442467179,2.172216802022734,0 days 00:00:48.811116000,0.05,0.012,0.006,0.08,3.1
595,1.9963291753270327,0.222736088705632,2.2190652640326647,0.26958455071556325,2.172216802022734,0 days 00:00:48.955701000,0.01,0.012,0.006,0.09,3.1
596,N/A,N/A,N/A,N/A,2.172216802022734,0 days 00:00:48.778805000,0.02,0.012,0.006,0.09,3.1
597,2.3529376083589044,0.900857248677854,3.2537948570367585,1.982435303691878,2.172216802022734,0 days 00:00:48.605782000,0.03,0.012,0.006,0.09,3.1
598,3.2850827979934456,1.1564296512441128,4.441512449237559,3.4257252984589424,2.172216802022734,0 days 00:00:48.654506000,0.04,0.012,0.006,0.09,3.1
599,4.627441947790233,1.3894554684332716,6.016897416223505,5.234136082634044,2.172216802022734,0 days 00:00:47.883279000,0.05,0.012,0.006,0.09,3.1
