,cost,intersection,union,A_m,A_e,time,a,delta_u,delta_ny,gamma_u,timestep
0,1.9806265678112673,0.2683683179356745,2.2489948857469417,0.3451464016598836,2.172216802022734,0 days 00:00:48.253264000,0.015,0.008,0.004,0.05,3.1
1,1.9773183206451916,0.3214837037066562,2.298802024351848,0.4480689260357699,2.172216802022734,0 days 00:00:47.266911000,0.0175,0.008,0.004,0.05,3.1
2,1.9884282327883633,0.37425841461291504,2.3626866474012784,0.5647282599914609,2.172216802022734,0 days 00:00:46.467315000,0.02,0.008,0.004,0.05,3.1
3,2.015312807507869,0.42612417606941383,2.4414369835772827,0.6953443576239612,2.172216802022734,0 days 00:00:46.845198000,0.0225,0.008,0.004,0.05,3.1
4,2.2167207260587447,0.1727311088647003,2.389451834923445,0.38996614176541106,2.172216802022734,0 days 00:00:47.146820000,0.015,0.008,0.004,0.06,3.1
5,2.233907286800854,0.2257486276817333,2.459655914482587,0.513187740141585,2.172216802022734,0 days 00:00:46.775647000,0.0175,0.008,0.004,0.06,3.1
6,2.2547557536742455,0.28561781534123604,2.5403735690154816,0.6537745823339859,2.172216802022734,0 days 00:00:46.907448000,0.02,0.008,0.004,0.06,3.1
7,2.2795060633829274,0.35234484356610013,2.6318509069490275,0.8119789484923942,2.172216802022734,0 days 00:00:46.873188000,0.0225,0.008,0.004,0.06,3.1
8,2.6118129636552503,0.011136765517178869,2.6229497291724293,0.46186969266687516,2.172216802022734,0 days 00:00:46.801482000,0.015,0.008,0.004,0.075,3.1
9,2.717162627516239,0.03456021108508141,2.7517228386013204,0.614066247663671,2.172216802022734,0 days 00:00:47.201873000,0.0175,0.008,0.004,0.075,3.1
10,2.824634243443662,0.06793328797563163,2.892567531419294,0.7882840173721897,2.172216802022734,0 days 00:00:46.854541000,0.02,0.008,0.004,0.075,3.1
11,2.935916828657369,0.11050278085369286,3.046419609511062,0.9847055883420218,2.172216802022734,0 days 00:00:46.674981000,0.0225,0.008,0.004,0.075,3.1
12,2.657301062592113,0.0,2.657301062592113,0.485084260569379,2.172216802022734,0 days 00:00:47.030822000,0.015,0.008,0.004,0.08,3.1
13,2.806787864555897,0.005724569323243624,2.8125124338791405,0.6460202011796485,2.172216802022734,0 days 00:00:47.610565000,0.0175,0.008,0.004,0.08,3.1
14,2.9481991498947786,0.027128816887325158,2.9753279667821038,0.8302399816466953,2.172216802022734,0 days 00:00:47.213492000,0.02,0.008,0.004,0.08,3.1
15,3.0900155314669324,0.060030311549500656,3.150045843016433,1.0378593525431992,2.172216802022734,0 days 00:00:46.575420000,0.0225,0.008,0.004,0.08,3.1
16,2.4366880102167903,0.05640939811038193,2.493097408327172,0.37729000441481975,2.172216802022734,0 days 00:00:46.883301000,0.015,0.008,0.005,0.05,3.1
17,2.4897232339608477,0.08696667561653978,2.5766899095773876,0.4914397831711957,2.172216802022734,0 days 00:00:46.901616000,0.0175,0.008,0.005,0.05,3.1
18,2.5460671743975754,0.12355059143851925,2.6696177658360947,0.6209515552518787,2.172216802022734,0 days 00:00:46.909320000,0.02,0.008,0.005,0.05,3.1
19,2.6060318565605884,0.16610089961529728,2.7721327561758855,0.7660168537684476,2.172216802022734,0 days 00:00:46.811760000,0.0225,0.008,0.005,0.05,3.1
20,2.604986350353738,0.0,2.604986350353738,0.4327695483310037,2.172216802022734,0 days 00:00:47.347981000,0.015,0.008,0.005,0.06,3.1
21,2.742290096537512,0.0,2.742290096537512,0.5700732945147776,2.172216802022734,0 days 00:00:47.309184000,0.0175,0.008,0.005,0.06,3.1
22,2.8799535478056932,0.009364578978642252,2.8893181267843353,0.7264659037402448,2.172216802022734,0 days 00:00:47.795842000,0.02,0.008,0.005,0.06,3.1
23,N/A,N/A,N/A,N/A,2.172216802022734,0 days 00:00:47.172916000,0.0225,0.008,0.005,0.06,3.1
24,N/A,N/A,N/A,N/A,2.172216802022734,0 days 00:00:47.001344000,0.015,0.008,0.005,0.075,3.1
25,N/A,N/A,N/A,N/A,2.172216802022734,0 days 00:00:47.290640000,0.0175,0.008,0.005,0.075,3.1
26,3.0395750096985634,0.0,3.0395750096985634,0.8673582076758294,2.172216802022734,0 days 00:00:46.890497000,0.02,0.008,0.005,0.075,3.1
27,3.2523000861402878,0.0,3.2523000861402878,1.0800832841175536,2.172216802022734,0 days 00:00:47.254265000,0.0225,0.008,0.005,0.075,3.1
28,N/A,N/A,N/A,N/A,2.172216802022734,0 days 00:00:47.345157000,0.015,0.008,0.005,0.08,3.1
29,2.880459844369194,0.0,2.880459844369194,0.7082430423464597,2.172216802022734,0 days 00:00:47.123747000,0.0175,0.008,0.005,0.08,3.1
30,3.0792995547613904,0.0,3.0792995547613904,0.9070827527386565,2.172216802022734,0 days 00:00:46.923466000,0.02,0.008,0.005,0.08,3.1
31,3.3015291576031482,0.0,3.3015291576031482,1.129312355580414,2.172216802022734,0 days 00:00:46.942854000,0.0225,0.008,0.005,0.08,3.1
32,2.5894071574461384,0.0,2.5894071574461384,0.4171903554234044,2.172216802022734,0 days 00:00:47.487348000,0.015,0.008,0.006,0.05,3.1
33,N/A,N/A,N/A,N/A,2.172216802022734,0 days 00:00:47.197833000,0.0175,0.008,0.006,0.05,3.1
34,N/A,N/A,N/A,N/A,2.172216802022734,0 days 00:00:46.904336000,0.02,0.008,0.006,0.05,3.1
35,N/A,N/A,N/A,N/A,2.172216802022734,0 days 00:00:47.168996000,0.0225,0.008,0.006,0.05,3.1
36,N/A,N/A,N/A,N/A,2.172216802022734,0 days 00:00:48.467356000,0.015,0.008,0.006,0.06,3.1
37,N/A,N/A,N/A,N/A,2.172216802022734,0 days 00:00:53.150582000,0.0175,0.008,0.006,0.06,3.1
38,N/A,N/A,N/A,N/A,2.172216802022734,0 days 00:00:51.257144000,0.02,0.008,0.006,0.06,3.1
39,3.15273390044818,0.0,3.15273390044818,0.980517098425446,2.172216802022734,0 days 00:00:46.378450000,0.0225,0.008,0.006,0.06,3.1
40,N/A,N/A,N/A,N/A,2.172216802022734,0 days 00:00:46.880977000,0.015,0.008,0.006,0.075,3.1
41,2.885661680884697,0.0,2.885661680884697,0.7134448788619628,2.172216802022734,0 days 00:00:47.217265000,0.0175,0.008,0.006,0.075,3.1
42,3.077971648899698,0.0,3.077971648899698,0.9057548468769643,2.172216802022734,0 days 00:00:47.979395000,0.02,0.008,0.006,0.075,3.1
43,3.2889128736072046,0.0,3.2889128736072046,1.1166960715844705,2.172216802022734,0 days 00:00:47.828095000,0.0225,0.008,0.006,0.075,3.1
44,N/A,N/A,N/A,N/A,2.172216802022734,0 days 00:00:48.057295000,0.015,0.008,0.006,0.08,3.1
45,2.9068127004178033,0.0,2.9068127004178033,0.7345958983950693,2.172216802022734,0 days 00:00:47.969487000,0.0175,0.008,0.006,0.08,3.1
46,3.1036612334552958,0.0,3.1036612334552958,0.9314444314325614,2.172216802022734,0 days 00:00:47.800751000,0.02,0.008,0.006,0.08,3.1
47,3.3185819333186375,0.0,3.3185819333186375,1.1463651312959033,2.172216802022734,0 days 00:00:47.952707000,0.0225,0.008,0.006,0.08,3.1
48,2.3866260335890823,0.06531895408424898,2.4519449876733312,0.3450471397348457,2.172216802022734,0 days 00:00:48.258993000,0.015,0.009,0.004,0.05,3.1
49,2.4244873162069713,0.09648948842866764,2.520976804635639,0.4452494910415728,2.172216802022734,0 days 00:00:53.465791000,0.0175,0.009,0.004,0.05,3.1
50,2.4598380212259277,0.13542408624458396,2.5952621074705116,0.5584693916923625,2.172216802022734,0 days 00:00:54.472455000,0.02,0.009,0.004,0.05,3.1
51,2.492119097559421,0.1824996221881724,2.6746187197475937,0.6849015399130323,2.172216802022734,0 days 00:00:53.376741000,0.0225,0.009,0.004,0.05,3.1
52,1.9607146730896239,0.29689108224011884,2.2576057553297426,0.3822800355471273,2.172216802022734,0 days 00:00:53.605144000,0.015,0.009,0.004,0.06,3.1
53,1.9240257138293377,0.3744758075385294,2.298501521367867,0.5007605268836642,2.172216802022734,0 days 00:00:48.820162000,0.0175,0.009,0.004,0.06,3.1
54,1.8921234826618885,0.4578728649904353,2.349996347652324,0.635652410620027,2.172216802022734,0 days 00:00:49.935625000,0.02,0.009,0.004,0.06,3.1
55,1.872640552249819,0.5433877346969174,2.4160282869467364,0.7871992196209181,2.172216802022734,0 days 00:00:43.702181000,0.0225,0.009,0.004,0.06,3.1
56,1.947133301602812,0.33625415469428377,2.283387456297096,0.4474248089686458,2.172216802022734,0 days 00:00:43.560285000,0.015,0.009,0.004,0.075,3.1
57,1.9225587558358386,0.4214241393278056,2.343982895163644,0.5931902324687156,2.172216802022734,0 days 00:00:43.907435000,0.0175,0.009,0.004,0.075,3.1
58,1.9070947638464189,0.5125367955964615,2.4196315594428803,0.7599515530166068,2.172216802022734,0 days 00:00:44.572594000,0.02,0.009,0.004,0.075,3.1
59,1.900205906541615,0.6099881041882436,2.5101940107298586,0.9479653128953676,2.172216802022734,0 days 00:05:47.248797000,0.0225,0.009,0.004,0.075,3.1
60,2.0989498708528473,0.2713832387773475,2.3703331096301947,0.46949954638480873,2.172216802022734,0 days 00:00:47.584537000,0.015,0.009,0.004,0.08,3.1
61,2.1038393270836324,0.34609389283276754,2.4499332199164,0.6238103107264343,2.172216802022734,0 days 00:00:47.856243000,0.0175,0.009,0.004,0.08,3.1
62,2.116704851085623,0.4279778129143426,2.5446826639999656,0.8004436748915733,2.172216802022734,0 days 00:00:48.154417000,0.02,0.009,0.004,0.08,3.1
63,2.1377754178437964,0.5170390016424719,2.6548144194862684,0.9996366191060059,2.172216802022734,0 days 00:00:46.927570000,0.0225,0.009,0.004,0.08,3.1
64,1.8774792487537235,0.3317567983855306,2.209236047139254,0.3687760435020505,2.172216802022734,0 days 00:02:13.874149000,0.015,0.009,0.005,0.05,3.1
65,1.8391182085244755,0.4051291507947736,2.244247359319249,0.4771597080912882,2.172216802022734,0 days 00:00:49.792030000,0.0175,0.009,0.005,0.05,3.1
66,1.8136558501382538,0.47918021916517084,2.2928360693034247,0.5997994864458635,2.172216802022734,0 days 00:00:47.761880000,0.02,0.009,0.005,0.05,3.1
67,1.802394486047921,0.5533649079962716,2.3557593940441928,0.7369075000177296,2.172216802022734,0 days 00:00:48.477679000,0.0225,0.009,0.005,0.05,3.1
68,1.9856873711228804,0.30136460061235454,2.287051971735235,0.41619977032485567,2.172216802022734,0 days 00:00:47.067845000,0.015,0.009,0.005,0.06,3.1
69,1.9635462882734065,0.37727336267297307,2.3408196509463797,0.5458762115966205,2.172216802022734,0 days 00:00:47.174192000,0.0175,0.009,0.005,0.06,3.1
70,1.9499315994799395,0.4578957777722181,2.4078273772521577,0.6935063530016409,2.172216802022734,0 days 00:00:47.393701000,0.02,0.009,0.005,0.06,3.1
71,1.9439559963906758,0.5437845397037508,2.4877405360944267,0.8593082737754422,2.172216802022734,0 days 00:00:47.285648000,0.0225,0.009,0.005,0.06,3.1
72,2.4726919082344034,0.09467685692192249,2.567368765156326,0.48982882005551376,2.172216802022734,0 days 00:02:48.757371000,0.015,0.009,0.005,0.075,3.1
73,2.5353322331703674,0.14294681033262827,2.6782790435029957,0.6490090518128899,2.172216802022734,0 days 00:00:48.475083000,0.0175,0.009,0.005,0.075,3.1
74,N/A,N/A,N/A,N/A,2.172216802022734,0 days 00:00:47.754094000,0.02,0.009,0.005,0.075,3.1
75,2.68215596801406,0.2625620902595946,2.9447180582736543,1.035063346510517,2.172216802022734,0 days 00:00:48.500564000,0.0225,0.009,0.005,0.075,3.1
76,2.5928555514509797,0.04619866847626958,2.639054219927249,0.5130360863807861,2.172216802022734,0 days 00:00:47.258145000,0.015,0.009,0.005,0.08,3.1
77,N/A,N/A,N/A,N/A,2.172216802022734,0 days 00:00:50.094407000,0.0175,0.009,0.005,0.08,3.1
78,N/A,N/A,N/A,N/A,2.172216802022734,0 days 00:00:47.060543000,0.02,0.009,0.005,0.08,3.1
79,2.8753345243761688,0.19233842372214546,3.067672948098314,1.087794569797727,2.172216802022734,0 days 00:00:47.229835000,0.0225,0.009,0.005,0.08,3.1
80,2.248912698849119,0.16274164654029533,2.4116543453894144,0.40217918990697704,2.172216802022734,0 days 00:00:48.117545000,0.015,0.009,0.006,0.05,3.1
81,2.270385295724137,0.21193580636474113,2.482321102088878,0.5220401064308848,2.172216802022734,0 days 00:00:47.629725000,0.0175,0.009,0.006,0.05,3.1
82,2.297161888963667,0.2663845905521276,2.5635464795157947,0.6577142680451882,2.172216802022734,0 days 00:00:47.858010000,0.02,0.009,0.006,0.05,3.1
83,2.3296621031845204,0.32595429211624904,2.6556163953007696,0.809353885394286,2.172216802022734,0 days 00:00:47.754136000,0.0225,0.009,0.006,0.05,3.1
84,2.5754268902822974,0.027386710360796256,2.6028136006430937,0.4579835089811548,2.172216802022734,0 days 00:00:49.100698000,0.015,0.009,0.006,0.06,3.1
85,2.6573339942300938,0.05802059808746598,2.71535459231756,0.601158388382292,2.172216802022734,0 days 00:00:48.004607000,0.0175,0.009,0.006,0.06,3.1
86,2.743077575257309,0.09646279933302046,2.8395403745903294,0.7637863719006166,2.172216802022734,0 days 00:00:53.203364000,0.02,0.009,0.006,0.06,3.1
87,N/A,N/A,N/A,N/A,2.172216802022734,0 days 00:00:48.874944000,0.0225,0.009,0.006,0.06,3.1
88,N/A,N/A,N/A,N/A,2.172216802022734,0 days 00:00:49.071500000,0.015,0.009,0.006,0.075,3.1
89,N/A,N/A,N/A,N/A,2.172216802022734,0 days 00:00:49.926772000,0.0175,0.009,0.006,0.075,3.1
90,N/A,N/A,N/A,N/A,2.172216802022734,0 days 00:00:48.845817000,0.02,0.009,0.006,0.075,3.1
91,3.2823988377713103,0.004000442435473643,3.286399280206784,1.1181829206195213,2.172216802022734,0 days 00:00:48.747428000,0.0225,0.009,0.006,0.075,3.1
92,N/A,N/A,N/A,N/A,2.172216802022734,0 days 00:00:49.362301000,0.015,0.009,0.006,0.08,3.1
93,N/A,N/A,N/A,N/A,2.172216802022734,0 days 00:00:48.638928000,0.0175,0.009,0.006,0.08,3.1
94,3.1099892118321457,0.0,3.1099892118321457,0.9377724098094115,2.172216802022734,0 days 00:00:49.056601000,0.02,0.009,0.006,0.08,3.1
95,3.3365321272759236,0.0,3.3365321272759236,1.1643153252531895,2.172216802022734,0 days 00:00:49.212366000,0.0225,0.009,0.006,0.08,3.1
96,2.5197125950411317,0.0,2.5197125950411317,0.34749579301839745,2.172216802022734,0 days 00:01:51.201423000,0.015,0.01,0.004,0.05,3.1
97,2.6183314024664575,0.0,2.6183314024664575,0.4461146004437234,2.172216802022734,0 days 00:00:50.623188000,0.0175,0.01,0.004,0.05,3.1
98,2.729469148825712,0.0,2.729469148825712,0.557252346802978,2.172216802022734,0 days 00:00:48.774503000,0.02,0.01,0.004,0.05,3.1
99,2.852920677019323,0.000189560383898757,2.8531102374032216,0.6810829957643857,2.172216802022734,0 days 00:00:49.593556000,0.0225,0.01,0.004,0.05,3.1
100,2.4919850544272264,0.02936714858194536,2.521352203009172,0.3785025495683848,2.172216802022734,0 days 00:00:52.654311000,0.015,0.01,0.004,0.06,3.1
101,2.559637599114009,0.05316686913422894,2.612804468248238,0.49375453535973274,2.172216802022734,0 days 00:00:49.154039000,0.0175,0.01,0.004,0.06,3.1
102,2.6252750345358558,0.08582325311745635,2.711098287653312,0.624704738748035,2.172216802022734,0 days 00:00:49.698623000,0.02,0.01,0.004,0.06,3.1
103,2.6879616744702215,0.1279154548265466,2.815877129296768,0.7715757821005804,2.172216802022734,0 days 00:00:48.263212000,0.0225,0.01,0.004,0.06,3.1
104,1.9507826702712419,0.3295225931551379,2.2803052634263796,0.43761105455878413,2.172216802022734,0 days 00:00:45.456436000,0.015,0.01,0.004,0.075,3.1
105,1.9105810735367625,0.42007707534868555,2.330658148885448,0.5785184222113993,2.172216802022734,0 days 00:00:44.692192000,0.0175,0.01,0.004,0.075,3.1
106,1.8692945540631678,0.5212273243223438,2.3905218783855116,0.7395324006851214,2.172216802022734,0 days 00:00:46.070079000,0.02,0.01,0.004,0.075,3.1
107,1.8267022376471886,0.6332160735331563,2.459918311180345,0.9209175826907668,2.172216802022734,0 days 00:01:00.061029000,0.0225,0.01,0.004,0.075,3.1
108,1.7935039568556301,0.4185912947762827,2.212095251631913,0.45846974438546095,2.172216802022734,0 days 00:00:51.616864000,0.015,0.01,0.004,0.08,3.1
109,1.7195868351277188,0.5301240727937817,2.2497109079215005,0.6076181786925487,2.172216802022734,0 days 00:00:51.164868000,0.0175,0.01,0.004,0.08,3.1
110,1.6543667471984063,0.6480209113913381,2.3023876585897445,0.7781917679583499,2.172216802022734,0 days 00:00:51.697443000,0.02,0.01,0.004,0.08,3.1
111,1.629973180446262,0.7563490938394284,2.3863222742856904,0.9704545661023855,2.172216802022734,0 days 00:00:51.042866000,0.0225,0.01,0.004,0.08,3.1
112,2.446449974093104,0.0459662551603615,2.4924162292534655,0.366165682391094,2.172216802022734,0 days 00:00:50.602410000,0.015,0.01,0.005,0.05,3.1
113,2.5006353034070683,0.07129356445315685,2.5719288678602252,0.4710056302906484,2.172216802022734,0 days 00:00:50.855144000,0.0175,0.01,0.005,0.05,3.1
114,2.5537716731232623,0.10387338367457091,2.657645056797833,0.5893016384496716,2.172216802022734,0 days 00:00:51.788241000,0.02,0.01,0.005,0.05,3.1
115,2.605160196237729,0.1441542726346739,2.7493144688724027,0.7212519394843422,2.172216802022734,0 days 00:00:50.768329000,0.0225,0.01,0.005,0.05,3.1
116,2.0459010166404834,0.2661668958695302,2.3120679125100136,0.4060180063568088,2.172216802022734,0 days 00:00:51.172081000,0.015,0.01,0.005,0.06,3.1
117,2.0224735717437516,0.3399773185182949,2.3624508902620467,0.5302114067576078,2.172216802022734,0 days 00:00:51.586964000,0.0175,0.01,0.005,0.06,3.1
118,1.997907294222694,0.4228385799015528,2.420745874124247,0.6713676520030654,2.172216802022734,0 days 00:00:51.415178000,0.02,0.01,0.005,0.06,3.1
119,1.97213079167449,0.514901801328675,2.487032593003165,0.8297175923091061,2.172216802022734,0 days 00:00:50.020944000,0.0225,0.01,0.005,0.06,3.1
120,1.785446361898758,0.43025601132214397,2.215702373220902,0.4737415825203113,2.172216802022734,0 days 00:00:50.827590000,0.015,0.01,0.005,0.075,3.1
121,1.735520546232231,0.5314231195574923,2.2669436657897233,0.6261499833244821,2.172216802022734,0 days 00:00:50.134336000,0.0175,0.01,0.005,0.075,3.1
122,1.698749120524754,0.6368017870172071,2.335550907541961,0.8001358925364352,2.172216802022734,0 days 00:00:59.853751000,0.02,0.01,0.005,0.075,3.1
123,1.7109187506537396,0.7286045151839201,2.4395232658376598,0.9959109789988463,2.172216802022734,0 days 00:00:59.286501000,0.0225,0.01,0.005,0.075,3.1
124,1.9312509451638864,0.36860178233029056,2.299852727494177,0.4962377078017331,2.172216802022734,0 days 00:00:52.564077000,0.015,0.01,0.005,0.08,3.1
125,1.9153002765411504,0.45711061572685835,2.3724108922680087,0.6573047059721335,2.172216802022734,0 days 00:00:50.936448000,0.0175,0.01,0.005,0.08,3.1
126,1.9066731957145535,0.5533975267448584,2.460070722459412,0.8412514471815362,2.172216802022734,0 days 00:00:51.181696000,0.02,0.01,0.005,0.08,3.1
127,N/A,N/A,N/A,N/A,2.172216802022734,0 days 00:00:51.383123000,0.0225,0.01,0.005,0.08,3.1
128,1.920475856495578,0.321916916859631,2.242392773355209,0.3920928881921063,2.172216802022734,0 days 00:00:50.758241000,0.015,0.01,0.006,0.05,3.1
129,1.8794976155061396,0.399214815901782,2.2787124314079215,0.5057104452869692,2.172216802022734,0 days 00:00:51.913307000,0.0175,0.01,0.006,0.05,3.1
130,1.841329025137141,0.4824689070976514,2.3237979322347924,0.6340500373097094,2.172216802022734,0 days 00:00:56.971336000,0.02,0.01,0.006,0.05,3.1
131,1.8109188281723447,0.5693047563628764,2.380223584535221,0.7773115388753645,2.172216802022734,0 days 00:00:54.543377000,0.0225,0.01,0.006,0.05,3.1
132,1.8319913127595346,0.3906684507108599,2.2226597634703946,0.44111141215852107,2.172216802022734,0 days 00:00:53.215289000,0.015,0.01,0.006,0.06,3.1
133,1.784702794481261,0.48210625450790884,2.26680904898917,0.5766985014743441,2.172216802022734,0 days 00:00:50.112196000,0.0175,0.01,0.006,0.06,3.1
134,1.7487658828350217,0.5770922461928475,2.325858129027869,0.7307335731979832,2.172216802022734,0 days 00:00:48.918388000,0.02,0.01,0.006,0.06,3.1
135,1.7330120656197403,0.671301914228369,2.4043139798481095,0.9033990920537437,2.172216802022734,0 days 00:00:49.322625000,0.0225,0.01,0.006,0.06,3.1
136,2.336762685330177,0.1752048298904313,2.5119675152206082,0.5149555430883072,2.172216802022734,0 days 00:00:49.594940000,0.015,0.01,0.006,0.075,3.1
137,2.3816801261157674,0.2353274666695799,2.617007592785347,0.6801182574321932,2.172216802022734,0 days 00:00:48.932408000,0.0175,0.01,0.006,0.075,3.1
138,N/A,N/A,N/A,N/A,2.172216802022734,0 days 00:00:49.395389000,0.02,0.01,0.006,0.075,3.1
139,N/A,N/A,N/A,N/A,2.172216802022734,0 days 00:00:49.424447000,0.0225,0.01,0.006,0.075,3.1
140,2.476395553745653,0.1167677256033236,2.5931632793489765,0.5377142029295645,2.172216802022734,0 days 00:00:49.798200000,0.015,0.01,0.006,0.08,3.1
141,N/A,N/A,N/A,N/A,2.172216802022734,0 days 00:00:49.588943000,0.0175,0.01,0.006,0.08,3.1
142,N/A,N/A,N/A,N/A,2.172216802022734,0 days 00:00:50.062718000,0.02,0.01,0.006,0.08,3.1
143,2.7016802665071546,0.30059906141699655,3.002279327924151,1.130661587318413,2.172216802022734,0 days 00:00:49.509075000,0.0225,0.01,0.006,0.08,3.1
144,2.523223356239247,0.0,2.523223356239247,0.3510065542165131,2.172216802022734,0 days 00:00:49.481499000,0.015,0.011,0.004,0.05,3.1
145,2.620855416934922,0.0,2.620855416934922,0.4486386149121878,2.172216802022734,0 days 00:00:49.384266000,0.0175,0.011,0.004,0.05,3.1
146,2.7306407800397543,0.0,2.7306407800397543,0.55842397801702,2.172216802022734,0 days 00:00:49.585502000,0.02,0.011,0.004,0.05,3.1
147,2.852738666291461,0.0,2.852738666291461,0.6805218642687271,2.172216802022734,0 days 00:00:49.542488000,0.0225,0.011,0.004,0.05,3.1
148,2.549116205662957,0.0,2.549116205662957,0.37689940364022284,2.172216802022734,0 days 00:00:48.998917000,0.015,0.011,0.004,0.06,3.1
149,2.662056687787043,0.0,2.662056687787043,0.4898398857643088,2.172216802022734,0 days 00:00:48.868839000,0.0175,0.011,0.004,0.06,3.1
150,2.7901506714086137,0.0,2.7901506714086137,0.6179338693858795,2.172216802022734,0 days 00:00:48.939930000,0.02,0.011,0.004,0.06,3.1
151,2.9336007749614748,0.0,2.9336007749614748,0.7613839729387404,2.172216802022734,0 days 00:00:48.837698000,0.0225,0.011,0.004,0.06,3.1
152,2.534355661133106,0.034356554442954754,2.568712215576061,0.43085196799628184,2.172216802022734,0 days 00:00:49.382696000,0.015,0.011,0.004,0.075,3.1
153,2.611517491257343,0.06436363157989045,2.6758811228372332,0.5680279523943896,2.172216802022734,0 days 00:00:49.024826000,0.0175,0.011,0.004,0.075,3.1
154,2.6884254656964055,0.10418405394496656,2.7926095196413723,0.7245767715636056,2.172216802022734,0 days 00:00:48.996999000,0.02,0.011,0.004,0.075,3.1
155,2.7709560074656636,0.15100662110429086,2.9219626285699545,0.9007524476515111,2.172216802022734,0 days 00:00:48.930279000,0.0225,0.011,0.004,0.075,3.1
156,2.417684514290066,0.1025601829574029,2.520244697247469,0.4505880781821385,2.172216802022734,0 days 00:00:49.131493000,0.015,0.011,0.004,0.08,3.1
157,2.4676832719820636,0.15011474522123655,2.6177980172033,0.595695960401802,2.172216802022734,0 days 00:00:48.891200000,0.0175,0.011,0.004,0.08,3.1
158,2.5088840500739398,0.2123982716714345,2.7212823217453743,0.7614637913940743,2.172216802022734,0 days 00:00:48.963630000,0.02,0.011,0.004,0.08,3.1
159,2.5427488746195306,0.28881069126144576,2.8315595658809762,0.9481534551196873,2.172216802022734,0 days 00:00:49.412806000,0.0225,0.011,0.004,0.08,3.1
160,2.53890530677886,0.0,2.53890530677886,0.36668850475612585,2.172216802022734,0 days 00:00:48.808807000,0.015,0.011,0.005,0.05,3.1
161,2.641510343754428,0.0,2.641510343754428,0.46929354173169346,2.172216802022734,0 days 00:00:48.954859000,0.0175,0.011,0.005,0.05,3.1
162,2.756997276470864,0.0,2.756997276470864,0.5847804744481298,2.172216802022734,0 days 00:00:49.464297000,0.02,0.011,0.005,0.05,3.1
163,2.885547208583594,0.0,2.885547208583594,0.7133304065608596,2.172216802022734,0 days 00:00:49.056395000,0.0225,0.011,0.005,0.05,3.1
164,2.5564809524321492,0.007889375821461653,2.5643703282536108,0.4000429020523377,2.172216802022734,0 days 00:00:48.568575000,0.015,0.011,0.005,0.06,3.1
165,2.653881096649104,0.019326129258631582,2.6732072259077357,0.5203165531436341,2.172216802022734,0 days 00:00:49.818726000,0.0175,0.011,0.005,0.06,3.1
166,2.7518996461668728,0.038546749266832464,2.790446395433705,0.6567763426778038,2.172216802022734,0 days 00:00:49.231545000,0.02,0.011,0.005,0.06,3.1
167,2.850337691330786,0.06576089621706085,2.916098587547847,0.809642681742174,2.172216802022734,0 days 00:00:49.669273000,0.0225,0.011,0.005,0.06,3.1
168,2.162999938138777,0.23558500988796954,2.3985849480267465,0.4619531558919825,2.172216802022734,0 days 00:00:49.282081000,0.015,0.011,0.005,0.075,3.1
169,2.1567269423931617,0.3122266365839631,2.468953578977125,0.6089634135383544,2.172216802022734,0 days 00:00:48.465827000,0.0175,0.011,0.005,0.075,3.1
170,2.146025150609146,0.40142190597054034,2.5474470565796863,0.7766521605274916,2.172216802022734,0 days 00:00:49.163734000,0.02,0.011,0.005,0.075,3.1
171,2.130390273645468,0.5035430846567625,2.6339333583022304,0.9652596409362598,2.172216802022734,0 days 00:00:49.371867000,0.0225,0.011,0.005,0.075,3.1
172,1.9754943657810555,0.3400795327680996,2.315573898549155,0.48343662929452,2.172216802022734,0 days 00:00:48.410658000,0.015,0.011,0.005,0.08,3.1
173,1.9385091874221518,0.4363005323177411,2.374809719739893,0.6388934500349001,2.172216802022734,0 days 00:00:48.996242000,0.0175,0.011,0.005,0.08,3.1
174,1.8970898073540545,0.5457366751949043,2.4428264825489587,0.8163463557211305,2.172216802022734,0 days 00:00:48.809265000,0.02,0.011,0.005,0.08,3.1
175,1.8694117667442627,0.659415795670098,2.5288275624143606,1.0160265560617248,2.172216802022734,0 days 00:00:49.740230000,0.0225,0.011,0.005,0.08,3.1
176,2.51795501223621,0.020857351818731114,2.538812364054941,0.3874529138509383,2.172216802022734,0 days 00:00:49.889111000,0.015,0.011,0.006,0.05,3.1
177,2.5965196171365656,0.03628578764247578,2.6328054047790412,0.4968743903987837,2.172216802022734,0 days 00:00:49.903256000,0.0175,0.011,0.006,0.05,3.1
178,2.675965635472484,0.058208746486209356,2.7341743819586934,0.6201663264221676,2.172216802022734,0 days 00:00:49.670586000,0.02,0.011,0.006,0.05,3.1
179,2.7561764057896005,0.08678358483576516,2.8429599906253658,0.7575267734383967,2.172216802022734,0 days 00:00:59.745632000,0.0225,0.011,0.006,0.05,3.1
180,2.244206762698445,0.17864352479375306,2.422850287492198,0.4292770102632165,2.172216802022734,0 days 00:01:01.298022000,0.015,0.011,0.006,0.06,3.1
181,2.2558308438429697,0.23764877563310371,2.4934796194760733,0.5589115930864424,2.172216802022734,0 days 00:00:51.042714000,0.0175,0.011,0.006,0.06,3.1
182,2.262619365765932,0.3077999659612457,2.570419331727178,0.7060024956656902,2.172216802022734,0 days 00:00:49.358811000,0.02,0.011,0.006,0.06,3.1
183,2.2648910158062816,0.38904538286285895,2.6539363986691407,0.8707649795092652,2.172216802022734,0 days 00:00:50.310967000,0.0225,0.011,0.006,0.06,3.1
184,1.743298993378996,0.4636628911534569,2.206961884532453,0.4984079736631763,2.172216802022734,0 days 00:00:49.769266000,0.015,0.011,0.006,0.075,3.1
185,1.727182360485969,0.5509270698697297,2.278109430355699,0.6568196982026946,2.172216802022734,0 days 00:00:49.967724000,0.0175,0.011,0.006,0.075,3.1
186,1.7477709803052126,0.6308677705412853,2.378638750846498,0.8372897193650491,2.172216802022734,0 days 00:00:49.981917000,0.02,0.011,0.006,0.075,3.1
187,1.7958127746411547,0.708194934853499,2.504007709494654,1.0399858423254182,2.172216802022734,0 days 00:00:49.738506000,0.0225,0.011,0.006,0.075,3.1
188,1.8458746859557114,0.4236425596352775,2.269517245590989,0.5209430032035333,2.172216802022734,0 days 00:00:50.002706000,0.015,0.011,0.006,0.08,3.1
189,1.8155878961269232,0.5223197703749646,2.337907666501888,0.6880106348541193,2.172216802022734,0 days 00:00:49.758086000,0.0175,0.011,0.006,0.08,3.1
190,1.830683303889667,0.6099687876853956,2.4406520915750627,0.8784040772377258,2.172216802022734,0 days 00:00:49.417186000,0.02,0.011,0.006,0.08,3.1
191,N/A,N/A,N/A,N/A,2.172216802022734,0 days 00:00:49.827595000,0.0225,0.011,0.006,0.08,3.1
192,2.5270483506810684,0.0,2.5270483506810684,0.35483154865833416,2.172216802022734,0 days 00:00:49.588281000,0.015,0.012,0.004,0.05,3.1
193,2.6240092108355246,0.0,2.6240092108355246,0.4517924088127905,2.172216802022734,0 days 00:00:49.942592000,0.0175,0.012,0.004,0.05,3.1
194,2.7328402361811746,0.0,2.7328402361811746,0.5606234341584403,2.172216802022734,0 days 00:00:50.129821000,0.02,0.012,0.004,0.05,3.1
195,2.853690291652594,0.0,2.853690291652594,0.6814734896298595,2.172216802022734,0 days 00:00:52.027194000,0.0225,0.012,0.004,0.05,3.1
196,2.5487098763631746,0.0,2.5487098763631746,0.3764930743404402,2.172216802022734,0 days 00:00:49.614406000,0.015,0.012,0.004,0.06,3.1
197,2.6599040556949074,0.0,2.6599040556949074,0.48768725367217347,2.172216802022734,0 days 00:00:50.225811000,0.0175,0.012,0.004,0.06,3.1
198,2.785821262408497,0.0,2.785821262408497,0.6136044603857628,2.172216802022734,0 days 00:00:49.418368000,0.02,0.012,0.004,0.06,3.1
199,2.926647634211948,0.0,2.926647634211948,0.7544308321892135,2.172216802022734,0 days 00:00:48.753334000,0.0225,0.012,0.004,0.06,3.1
200,2.598314375225958,0.0,2.598314375225958,0.42609757320322394,2.172216802022734,0 days 00:00:50.226224000,0.015,0.012,0.004,0.075,3.1
201,2.7325419035826455,0.0,2.7325419035826455,0.5603251015599116,2.172216802022734,0 days 00:00:49.391616000,0.0175,0.012,0.004,0.075,3.1
202,2.885535571202278,0.0,2.885535571202278,0.7133187691795436,2.172216802022734,0 days 00:00:49.520407000,0.02,0.012,0.004,0.075,3.1
203,3.057534208069187,0.0,3.057534208069187,0.8853174060464529,2.172216802022734,0 days 00:00:52.103196000,0.0225,0.012,0.004,0.075,3.1
204,2.6170625992997456,0.0,2.6170625992997456,0.44484579727701146,2.172216802022734,0 days 00:00:50.507355000,0.015,0.012,0.004,0.08,3.1
205,2.758939029437503,0.0,2.758939029437503,0.5867222274147689,2.172216802022734,0 days 00:00:49.956230000,0.0175,0.012,0.004,0.08,3.1
206,2.9208307865340375,0.0,2.9208307865340375,0.7486139845113035,2.172216802022734,0 days 00:00:50.336788000,0.02,0.012,0.004,0.08,3.1
207,3.1024413828813033,0.0002734885184888587,3.102714871399792,0.9307715578955464,2.172216802022734,0 days 00:00:49.190644000,0.0225,0.012,0.004,0.08,3.1
208,2.54095268458217,0.0,2.54095268458217,0.3687358825594357,2.172216802022734,0 days 00:00:48.898045000,0.015,0.012,0.005,0.05,3.1
209,2.6420698037415358,0.0,2.6420698037415358,0.46985300171880184,2.172216802022734,0 days 00:00:49.476183000,0.0175,0.012,0.005,0.05,3.1
210,2.7556420688498426,0.0,2.7556420688498426,0.5834252668271086,2.172216802022734,0 days 00:00:48.745441000,0.02,0.012,0.005,0.05,3.1
211,2.881836501902021,0.0,2.881836501902021,0.7096196998792871,2.172216802022734,0 days 00:00:49.134766000,0.0225,0.012,0.005,0.05,3.1
212,2.568855025265222,0.0,2.568855025265222,0.39663822324248793,2.172216802022734,0 days 00:00:49.055202000,0.015,0.012,0.005,0.06,3.1
213,2.686237170065877,0.0,2.686237170065877,0.5140203680431428,2.172216802022734,0 days 00:00:49.396121000,0.0175,0.012,0.005,0.06,3.1
214,2.8191974296836944,0.0,2.8191974296836944,0.6469806276609603,2.172216802022734,0 days 00:00:49.316514000,0.02,0.012,0.005,0.06,3.1
215,2.967941205445264,0.0,2.967941205445264,0.79572440342253,2.172216802022734,0 days 00:00:49.417561000,0.0225,0.012,0.005,0.06,3.1
216,2.6241260882034965,0.0007091053140545792,2.624835193517551,0.4533274968088718,2.172216802022734,0 days 00:00:58.389597000,0.015,0.012,0.005,0.075,3.1
217,2.7597678237222882,0.00425357785785422,2.7640214015801425,0.5960581774152616,2.172216802022734,0 days 00:00:51.110575000,0.0175,0.012,0.005,0.075,3.1
218,2.903120153455967,0.013896156547053349,2.9170163100030204,0.7586956645273398,2.172216802022734,0 days 00:00:49.909882000,0.02,0.012,0.005,0.075,3.1
219,3.0366777023473723,0.03851018856410373,3.0751878909114763,0.9414812774528446,2.172216802022734,0 days 00:00:51.367188000,0.0225,0.012,0.005,0.075,3.1
220,2.6201519059581413,0.0129187829792492,2.6330706889373907,0.4737726698939054,2.172216802022734,0 days 00:00:49.384758000,0.015,0.012,0.005,0.08,3.1
221,2.714064661102367,0.041418916142884774,2.755483577245252,0.6246856913654021,2.172216802022734,0 days 00:00:53.392242000,0.0175,0.012,0.005,0.08,3.1
222,2.785648516235716,0.09168674757763509,2.877335263813351,0.7968052093682522,2.172216802022734,0 days 00:00:59.218395000,0.02,0.012,0.005,0.08,3.1
223,2.8384077201253115,0.162091656640315,3.0004993767656267,0.9903742313832076,2.172216802022734,0 days 00:00:54.301449000,0.0225,0.012,0.005,0.08,3.1
224,2.5584225094611948,0.0,2.5584225094611948,0.3862057074384605,2.172216802022734,0 days 00:00:53.334923000,0.015,0.012,0.006,0.05,3.1
225,2.6650267925288946,0.0,2.6650267925288946,0.49280999050616037,2.172216802022734,0 days 00:00:53.510599000,0.0175,0.012,0.006,0.05,3.1
226,2.7848667741491737,0.0,2.7848667741491737,0.6126499721264396,2.172216802022734,0 days 00:00:53.037517000,0.02,0.012,0.006,0.05,3.1
227,2.9181285412083806,0.0,2.9181285412083806,0.7459117391856467,2.172216802022734,0 days 00:00:54.803700000,0.0225,0.012,0.006,0.05,3.1
228,2.5937122207804353,4.595064327376372e-06,2.5937168158447625,0.4215046088863555,2.172216802022734,0 days 00:00:54.043483000,0.015,0.012,0.006,0.06,3.1
229,2.7176222349937564,0.0006330882118371348,2.7182553232055935,0.5466716093946965,2.172216802022734,0 days 00:00:54.484628000,0.0175,0.012,0.006,0.06,3.1
230,2.8543218821693417,0.0031865170277400497,2.8575083991970818,0.6884781142020877,2.172216802022734,0 days 00:00:54.695603000,0.02,0.012,0.006,0.06,3.1
231,3.0010680483237633,0.009144067283517526,3.0102121156072807,0.8471393808680647,2.172216802022734,0 days 00:00:53.467720000,0.0225,0.012,0.006,0.06,3.1
232,2.3998520291397316,0.1288571175550337,2.5287091466947653,0.4853494622270654,2.172216802022734,0 days 00:00:53.365237000,0.015,0.012,0.006,0.075,3.1
233,2.4094234425172742,0.20042264002421994,2.609846082541494,0.6380519205429804,2.172216802022734,0 days 00:00:53.318768000,0.0175,0.012,0.006,0.075,3.1
234,2.4145421228461537,0.28480308876453186,2.6993452116106855,0.8119314983524845,2.172216802022734,0 days 00:01:02.664878000,0.02,0.012,0.006,0.075,3.1
235,2.4159714876791107,0.3817242587058445,2.797695746384955,1.0072032030680655,2.172216802022734,0 days 00:00:56.662993000,0.0225,0.012,0.006,0.075,3.1
236,2.198944965400461,0.24020870168015615,2.439153667080617,0.5071455667380386,2.172216802022734,0 days 00:00:54.360175000,0.015,0.012,0.006,0.08,3.1
237,2.1778964109739913,0.3313615905724964,2.509258001546488,0.6684027900962504,2.172216802022734,0 days 00:00:57.537639000,0.0175,0.012,0.006,0.08,3.1
238,2.1521731879545527,0.43609338129302144,2.588266569247574,0.8521431485178613,2.172216802022734,0 days 00:00:52.679552000,0.02,0.012,0.006,0.08,3.1
239,2.1244639686298785,0.5531589820225146,2.677622950652393,1.0585651306521762,2.172216802022734,0 days 00:00:49.137852000,0.0225,0.012,0.006,0.08,3.1
