,111,112,121,122,123,124,125,129,131,132,133,134,135,136,137,138,141,142,149,151,152,153,154,159,161,171,172,173,174,179,211,212,213,214,216,217,218,221,222,223,224,225,226,227,228,231,232,233,234,235,241,242,243,251,261,262,264,265,266,267,311,312,315,321,323,324,325,331,332,333,334,335,336,341,342,343,344,345,351,352,411,421,422,432,441,442,443,511,512,513,514,515,516,522,523,524,531,532,533,534,535,541,611,612,613,621,622,711,712,713,721,722,723,731,732,741,742,752,753,761,811,812,813,814,815,816,817,818,819,821,831,832,833,834,835,911,912,921,931,932,933,941,952,961,962
111,3036.0,37.0,14.0,0.0,33.0,0.0,0.0,24.0,21.0,0.0,0.0,11.0,0.0,0.0,0.0,0.0,16.0,0.0,0.0,0.0,11.0,12.0,0.0,50.0,0.0,0.0,0.0,0.0,0.0,0.0,0.0,0.0,0.0,0.0,0.0,0.0,0.0,0.0,0.0,0.0,0.0,0.0,0.0,0.0,0.0,0.0,0.0,0.0,0.0,0.0,13.0,65.0,0.0,0.0,0.0,0.0,0.0,0.0,0.0,0.0,0.0,0.0,0.0,0.0,0.0,0.0,0.0,0.0,0.0,0.0,0.0,0.0,0.0,0.0,0.0,0.0,0.0,0.0,0.0,0.0,0.0,0.0,0.0,0.0,0.0,0.0,0.0,0.0,0.0,0.0,0.0,0.0,0.0,0.0,0.0,0.0,0.0,0.0,0.0,0.0,0.0,0.0,0.0,0.0,0.0,0.0,0.0,0.0,0.0,0.0,0.0,0.0,0.0,0.0,0.0,0.0,0.0,0.0,0.0,0.0,0.0,0.0,0.0,0.0,0.0,0.0,0.0,0.0,0.0,0.0,0.0,0.0,0.0,0.0,0.0,0.0,0.0,0.0,0.0,0.0,0.0,0.0,0.0,0.0,0.0
112,27.0,16648.0,229.0,60.0,36.0,62.0,422.0,160.0,167.0,111.0,32.0,64.0,49.0,318.0,255.0,25.0,0.0,0.0,17.0,31.0,23.0,13.0,0.0,47.0,51.0,29.0,46.0,277.0,39.0,52.0,0.0,0.0,0.0,65.0,0.0,18.0,0.0,0.0,0.0,0.0,0.0,0.0,0.0,0.0,0.0,0.0,0.0,0.0,0.0,0.0,97.0,130.0,42.0,61.0,16.0,0.0,25.0,15.0,0.0,0.0,86.0,35.0,0.0,0.0,0.0,0.0,0.0,21.0,202.0,34.0,13.0,0.0,0.0,0.0,0.0,0.0,0.0,0.0,15.0,0.0,47.0,0.0,11.0,11.0,0.0,0.0,0.0,0.0,11.0,0.0,0.0,0.0,0.0,84.0,0.0,0.0,0.0,0.0,0.0,17.0,0.0,0.0,24.0,0.0,11.0,0.0,0.0,17.0,12.0,14.0,38.0,0.0,21.0,0.0,0.0,11.0,0.0,0.0,0.0,0.0,0.0,0.0,0.0,0.0,0.0,0.0,0.0,0.0,0.0,24.0,0.0,11.0,11.0,13.0,0.0,0.0,0.0,0.0,0.0,0.0,0.0,0.0,0.0,0.0,0.0
121,24.0,119.0,12879.0,50.0,73.0,0.0,77.0,92.0,23.0,0.0,0.0,12.0,0.0,17.0,19.0,0.0,0.0,0.0,0.0,0.0,0.0,0.0,0.0,29.0,21.0,0.0,0.0,11.0,0.0,0.0,0.0,0.0,0.0,15.0,0.0,0.0,0.0,0.0,0.0,0.0,0.0,0.0,0.0,0.0,0.0,0.0,0.0,0.0,0.0,0.0,521.0,87.0,17.0,22.0,15.0,0.0,0.0,0.0,0.0,0.0,25.0,0.0,0.0,0.0,0.0,0.0,0.0,354.0,55.0,11.0,13.0,0.0,0.0,0.0,0.0,0.0,0.0,0.0,0.0,0.0,202.0,0.0,0.0,0.0,0.0,0.0,0.0,0.0,0.0,0.0,0.0,0.0,0.0,19.0,0.0,0.0,0.0,0.0,0.0,0.0,0.0,0.0,0.0,0.0,0.0,0.0,0.0,0.0,0.0,0.0,0.0,0.0,0.0,0.0,0.0,0.0,0.0,0.0,0.0,0.0,0.0,0.0,0.0,0.0,0.0,0.0,0.0,0.0,0.0,0.0,0.0,0.0,0.0,0.0,0.0,0.0,0.0,0.0,0.0,0.0,0.0,0.0,0.0,0.0,0.0
122,12.0,33.0,45.0,5891.0,57.0,0.0,38.0,61.0,14.0,14.0,0.0,0.0,0.0,18.0,42.0,0.0,0.0,0.0,0.0,15.0,0.0,12.0,0.0,30.0,0.0,0.0,0.0,0.0,0.0,0.0,0.0,0.0,0.0,12.0,0.0,0.0,0.0,0.0,0.0,0.0,0.0,0.0,0.0,0.0,0.0,0.0,0.0,0.0,0.0,0.0,24.0,341.0,14.0,22.0,0.0,0.0,0.0,0.0,11.0,0.0,25.0,16.0,0.0,0.0,0.0,0.0,0.0,19.0,31.0,18.0,17.0,15.0,0.0,0.0,0.0,0.0,0.0,0.0,0.0,0.0,72.0,0.0,0.0,20.0,0.0,0.0,0.0,0.0,0.0,0.0,0.0,0.0,0.0,22.0,0.0,0.0,0.0,0.0,0.0,15.0,0.0,0.0,0.0,0.0,0.0,0.0,0.0,0.0,0.0,0.0,0.0,0.0,0.0,0.0,0.0,0.0,0.0,0.0,0.0,0.0,0.0,0.0,0.0,0.0,0.0,0.0,0.0,0.0,0.0,0.0,0.0,0.0,0.0,0.0,0.0,0.0,0.0,0.0,0.0,0.0,0.0,0.0,0.0,0.0,0.0
123,58.0,56.0,167.0,44.0,7708.0,15.0,83.0,121.0,28.0,26.0,17.0,44.0,14.0,94.0,88.0,0.0,15.0,0.0,0.0,24.0,26.0,20.0,0.0,126.0,0.0,0.0,0.0,0.0,0.0,0.0,0.0,0.0,0.0,74.0,0.0,0.0,0.0,0.0,0.0,0.0,0.0,0.0,0.0,0.0,0.0,0.0,0.0,0.0,0.0,13.0,78.0,348.0,0.0,36.0,26.0,0.0,0.0,0.0,0.0,0.0,61.0,25.0,0.0,0.0,0.0,0.0,0.0,14.0,42.0,12.0,19.0,41.0,0.0,0.0,0.0,0.0,0.0,0.0,0.0,0.0,49.0,0.0,0.0,12.0,0.0,0.0,0.0,0.0,0.0,0.0,0.0,0.0,0.0,0.0,0.0,0.0,0.0,0.0,0.0,0.0,0.0,0.0,0.0,0.0,0.0,0.0,0.0,0.0,0.0,0.0,0.0,0.0,0.0,0.0,0.0,0.0,0.0,0.0,0.0,0.0,0.0,0.0,0.0,0.0,0.0,0.0,0.0,0.0,0.0,0.0,0.0,0.0,0.0,0.0,0.0,0.0,0.0,0.0,0.0,0.0,0.0,0.0,0.0,0.0,0.0
124,0.0,28.0,14.0,0.0,18.0,2755.0,70.0,26.0,0.0,0.0,0.0,0.0,0.0,0.0,0.0,0.0,0.0,0.0,0.0,0.0,0.0,0.0,0.0,14.0,0.0,0.0,0.0,0.0,0.0,0.0,0.0,0.0,0.0,11.0,0.0,0.0,0.0,0.0,0.0,0.0,0.0,0.0,0.0,0.0,0.0,0.0,0.0,0.0,0.0,0.0,12.0,50.0,206.0,25.0,0.0,0.0,11.0,0.0,0.0,0.0,0.0,0.0,0.0,0.0,0.0,0.0,0.0,0.0,19.0,0.0,12.0,0.0,0.0,0.0,0.0,0.0,0.0,0.0,0.0,0.0,16.0,0.0,0.0,0.0,0.0,0.0,0.0,0.0,0.0,0.0,0.0,0.0,0.0,0.0,0.0,0.0,0.0,0.0,0.0,0.0,0.0,0.0,0.0,0.0,0.0,0.0,0.0,0.0,0.0,0.0,0.0,0.0,0.0,0.0,0.0,0.0,0.0,0.0,0.0,0.0,0.0,0.0,0.0,0.0,0.0,0.0,0.0,0.0,0.0,0.0,0.0,0.0,0.0,0.0,0.0,0.0,0.0,0.0,0.0,0.0,0.0,0.0,0.0,0.0,0.0
125,0.0,312.0,76.0,34.0,92.0,74.0,21564.0,190.0,87.0,81.0,46.0,44.0,16.0,59.0,102.0,0.0,0.0,0.0,0.0,13.0,0.0,0.0,0.0,15.0,21.0,0.0,0.0,104.0,0.0,44.0,0.0,0.0,16.0,92.0,0.0,23.0,0.0,0.0,0.0,0.0,0.0,0.0,0.0,0.0,0.0,0.0,0.0,0.0,11.0,0.0,79.0,234.0,295.0,214.0,0.0,0.0,13.0,0.0,0.0,0.0,90.0,12.0,0.0,0.0,0.0,0.0,0.0,34.0,1231.0,45.0,34.0,14.0,0.0,0.0,13.0,0.0,0.0,0.0,61.0,0.0,118.0,0.0,44.0,23.0,0.0,0.0,0.0,0.0,0.0,0.0,0.0,0.0,0.0,199.0,0.0,34.0,0.0,0.0,0.0,11.0,0.0,0.0,0.0,0.0,0.0,0.0,0.0,0.0,0.0,0.0,0.0,0.0,0.0,0.0,0.0,0.0,0.0,0.0,0.0,0.0,0.0,0.0,0.0,0.0,0.0,0.0,0.0,0.0,0.0,0.0,0.0,0.0,0.0,0.0,0.0,0.0,0.0,0.0,0.0,0.0,0.0,0.0,0.0,0.0,0.0
129,16.0,124.0,104.0,70.0,100.0,32.0,213.0,15166.0,78.0,75.0,32.0,49.0,48.0,74.0,84.0,0.0,0.0,0.0,29.0,18.0,20.0,27.0,0.0,57.0,11.0,0.0,14.0,27.0,11.0,43.0,0.0,0.0,0.0,141.0,0.0,28.0,19.0,0.0,0.0,0.0,0.0,0.0,0.0,0.0,0.0,0.0,0.0,0.0,0.0,0.0,108.0,287.0,63.0,167.0,20.0,0.0,0.0,0.0,15.0,0.0,152.0,32.0,0.0,0.0,0.0,0.0,0.0,59.0,227.0,62.0,96.0,85.0,0.0,0.0,12.0,15.0,16.0,0.0,36.0,0.0,227.0,0.0,79.0,91.0,0.0,0.0,0.0,0.0,0.0,0.0,0.0,34.0,0.0,57.0,0.0,12.0,11.0,0.0,0.0,18.0,0.0,33.0,0.0,0.0,0.0,0.0,0.0,0.0,0.0,0.0,0.0,0.0,13.0,0.0,0.0,0.0,0.0,0.0,0.0,0.0,0.0,0.0,0.0,0.0,0.0,0.0,0.0,0.0,0.0,0.0,0.0,0.0,0.0,0.0,0.0,45.0,0.0,0.0,0.0,0.0,0.0,0.0,0.0,0.0,0.0
131,0.0,70.0,34.0,11.0,20.0,11.0,93.0,58.0,8012.0,0.0,36.0,43.0,0.0,59.0,0.0,0.0,0.0,0.0,0.0,0.0,0.0,0.0,0.0,15.0,11.0,0.0,0.0,0.0,0.0,0.0,0.0,0.0,0.0,36.0,0.0,0.0,0.0,0.0,0.0,0.0,0.0,0.0,0.0,0.0,0.0,0.0,0.0,0.0,0.0,0.0,35.0,101.0,30.0,664.0,0.0,0.0,0.0,0.0,0.0,0.0,37.0,0.0,0.0,0.0,0.0,0.0,0.0,0.0,49.0,0.0,19.0,18.0,0.0,0.0,0.0,0.0,0.0,0.0,129.0,0.0,14.0,0.0,12.0,0.0,0.0,0.0,0.0,0.0,0.0,0.0,0.0,0.0,0.0,0.0,0.0,0.0,0.0,0.0,0.0,0.0,0.0,0.0,0.0,0.0,0.0,0.0,0.0,0.0,0.0,0.0,0.0,0.0,0.0,0.0,0.0,0.0,0.0,0.0,0.0,0.0,0.0,0.0,0.0,0.0,0.0,0.0,0.0,0.0,0.0,0.0,0.0,0.0,0.0,0.0,0.0,0.0,0.0,0.0,0.0,0.0,0.0,0.0,0.0,0.0,0.0
132,0.0,52.0,19.0,0.0,31.0,0.0,112.0,72.0,16.0,8372.0,0.0,13.0,0.0,39.0,85.0,0.0,0.0,0.0,0.0,0.0,0.0,0.0,0.0,0.0,0.0,0.0,0.0,19.0,0.0,14.0,0.0,0.0,0.0,88.0,0.0,0.0,0.0,0.0,0.0,0.0,0.0,0.0,0.0,0.0,0.0,0.0,0.0,0.0,0.0,0.0,24.0,43.0,15.0,24.0,0.0,0.0,0.0,0.0,0.0,0.0,45.0,31.0,0.0,0.0,0.0,0.0,0.0,0.0,299.0,37.0,16.0,0.0,0.0,0.0,0.0,0.0,0.0,0.0,0.0,0.0,66.0,0.0,12.0,214.0,0.0,0.0,0.0,0.0,0.0,0.0,0.0,0.0,0.0,50.0,0.0,0.0,0.0,0.0,0.0,0.0,0.0,0.0,0.0,0.0,0.0,0.0,0.0,0.0,0.0,0.0,0.0,0.0,0.0,0.0,0.0,0.0,0.0,0.0,0.0,0.0,0.0,0.0,0.0,0.0,0.0,0.0,0.0,0.0,51.0,0.0,0.0,0.0,28.0,0.0,0.0,0.0,0.0,0.0,0.0,0.0,0.0,0.0,0.0,0.0,0.0
133,0.0,46.0,13.0,0.0,27.0,0.0,59.0,44.0,36.0,0.0,4944.0,32.0,0.0,16.0,44.0,0.0,0.0,0.0,0.0,0.0,0.0,0.0,0.0,13.0,0.0,0.0,0.0,0.0,0.0,0.0,29.0,0.0,19.0,122.0,0.0,0.0,0.0,0.0,0.0,0.0,0.0,0.0,0.0,0.0,0.0,13.0,0.0,0.0,0.0,0.0,11.0,64.0,23.0,56.0,0.0,0.0,0.0,0.0,0.0,0.0,63.0,0.0,0.0,18.0,0.0,0.0,0.0,0.0,21.0,0.0,0.0,0.0,0.0,0.0,0.0,0.0,0.0,0.0,0.0,0.0,0.0,0.0,0.0,0.0,0.0,0.0,0.0,0.0,0.0,0.0,0.0,0.0,0.0,0.0,0.0,0.0,0.0,0.0,0.0,0.0,0.0,0.0,0.0,0.0,0.0,0.0,0.0,0.0,0.0,0.0,0.0,0.0,0.0,0.0,0.0,0.0,0.0,0.0,0.0,0.0,0.0,0.0,0.0,0.0,0.0,0.0,0.0,0.0,0.0,0.0,0.0,0.0,0.0,0.0,0.0,0.0,0.0,0.0,0.0,0.0,0.0,0.0,0.0,0.0,0.0
134,23.0,43.0,16.0,15.0,32.0,0.0,58.0,44.0,25.0,0.0,20.0,7682.0,11.0,51.0,40.0,0.0,0.0,0.0,0.0,0.0,0.0,0.0,0.0,46.0,0.0,0.0,0.0,0.0,0.0,0.0,0.0,0.0,0.0,324.0,132.0,0.0,0.0,0.0,0.0,0.0,0.0,0.0,0.0,0.0,0.0,0.0,0.0,0.0,0.0,0.0,11.0,94.0,11.0,58.0,0.0,0.0,0.0,0.0,0.0,0.0,170.0,18.0,0.0,0.0,0.0,0.0,0.0,0.0,48.0,0.0,11.0,11.0,0.0,0.0,0.0,0.0,0.0,0.0,0.0,0.0,13.0,0.0,0.0,0.0,0.0,0.0,0.0,0.0,0.0,0.0,0.0,0.0,0.0,0.0,0.0,0.0,0.0,0.0,0.0,0.0,0.0,0.0,0.0,0.0,0.0,0.0,0.0,0.0,0.0,0.0,0.0,0.0,0.0,0.0,0.0,0.0,0.0,0.0,0.0,0.0,0.0,0.0,0.0,0.0,0.0,0.0,0.0,0.0,12.0,0.0,0.0,0.0,0.0,0.0,0.0,0.0,0.0,0.0,0.0,0.0,0.0,0.0,0.0,0.0,0.0
135,0.0,53.0,14.0,0.0,16.0,0.0,22.0,29.0,0.0,0.0,0.0,18.0,2768.0,17.0,0.0,0.0,0.0,0.0,0.0,0.0,0.0,0.0,0.0,24.0,0.0,0.0,0.0,0.0,0.0,0.0,0.0,0.0,0.0,18.0,0.0,0.0,0.0,0.0,0.0,0.0,0.0,0.0,0.0,0.0,0.0,0.0,0.0,0.0,0.0,0.0,16.0,21.0,0.0,0.0,0.0,0.0,0.0,0.0,0.0,0.0,19.0,0.0,0.0,0.0,0.0,0.0,0.0,0.0,18.0,129.0,0.0,0.0,0.0,0.0,0.0,0.0,0.0,0.0,0.0,0.0,20.0,0.0,0.0,0.0,0.0,0.0,0.0,0.0,0.0,0.0,0.0,25.0,0.0,0.0,0.0,0.0,0.0,0.0,0.0,0.0,0.0,0.0,0.0,0.0,0.0,0.0,0.0,0.0,0.0,0.0,0.0,0.0,0.0,0.0,0.0,0.0,0.0,0.0,0.0,0.0,0.0,0.0,0.0,0.0,0.0,0.0,0.0,0.0,0.0,0.0,0.0,0.0,0.0,0.0,0.0,0.0,0.0,0.0,0.0,0.0,0.0,0.0,0.0,0.0,0.0
136,0.0,109.0,34.0,0.0,24.0,0.0,69.0,54.0,31.0,19.0,0.0,60.0,22.0,13097.0,50.0,0.0,0.0,0.0,0.0,0.0,0.0,0.0,0.0,0.0,0.0,0.0,0.0,14.0,0.0,27.0,0.0,0.0,0.0,172.0,0.0,0.0,0.0,0.0,0.0,0.0,0.0,0.0,0.0,0.0,0.0,0.0,0.0,0.0,0.0,0.0,22.0,31.0,0.0,22.0,0.0,0.0,0.0,0.0,0.0,0.0,320.0,219.0,0.0,0.0,0.0,0.0,0.0,0.0,64.0,15.0,19.0,11.0,0.0,0.0,0.0,0.0,0.0,0.0,0.0,0.0,25.0,0.0,0.0,19.0,0.0,0.0,0.0,0.0,0.0,0.0,0.0,14.0,0.0,0.0,0.0,0.0,0.0,0.0,0.0,0.0,0.0,0.0,0.0,0.0,0.0,0.0,0.0,187.0,42.0,47.0,0.0,0.0,0.0,0.0,0.0,17.0,0.0,0.0,0.0,0.0,11.0,0.0,0.0,0.0,0.0,0.0,0.0,0.0,0.0,0.0,0.0,0.0,0.0,16.0,0.0,0.0,0.0,0.0,0.0,0.0,0.0,0.0,0.0,0.0,0.0
137,0.0,180.0,47.0,48.0,37.0,0.0,123.0,78.0,24.0,67.0,46.0,47.0,19.0,149.0,12384.0,0.0,0.0,0.0,0.0,0.0,0.0,0.0,0.0,16.0,0.0,0.0,0.0,26.0,0.0,34.0,0.0,0.0,0.0,202.0,0.0,0.0,0.0,0.0,0.0,0.0,0.0,0.0,0.0,0.0,0.0,0.0,0.0,0.0,0.0,0.0,14.0,51.0,20.0,32.0,0.0,0.0,0.0,0.0,0.0,0.0,256.0,187.0,0.0,14.0,0.0,0.0,0.0,0.0,162.0,15.0,13.0,14.0,0.0,0.0,0.0,0.0,0.0,0.0,0.0,0.0,30.0,0.0,0.0,47.0,0.0,0.0,0.0,0.0,0.0,0.0,0.0,0.0,0.0,24.0,0.0,0.0,0.0,0.0,0.0,0.0,0.0,0.0,0.0,0.0,0.0,0.0,0.0,18.0,0.0,13.0,24.0,53.0,49.0,0.0,14.0,11.0,0.0,24.0,0.0,0.0,0.0,0.0,0.0,0.0,0.0,33.0,0.0,0.0,14.0,66.0,0.0,0.0,0.0,0.0,0.0,0.0,0.0,0.0,0.0,0.0,0.0,0.0,0.0,0.0,0.0
138,0.0,0.0,0.0,0.0,0.0,0.0,0.0,0.0,0.0,0.0,0.0,0.0,0.0,0.0,0.0,466.0,0.0,0.0,0.0,0.0,0.0,0.0,0.0,0.0,0.0,0.0,0.0,0.0,0.0,0.0,0.0,0.0,18.0,0.0,0.0,0.0,0.0,0.0,0.0,0.0,0.0,0.0,0.0,0.0,0.0,0.0,0.0,0.0,0.0,0.0,0.0,0.0,0.0,0.0,0.0,0.0,0.0,0.0,0.0,0.0,0.0,0.0,0.0,0.0,0.0,0.0,0.0,0.0,0.0,0.0,0.0,0.0,0.0,0.0,0.0,0.0,0.0,0.0,0.0,0.0,0.0,0.0,0.0,0.0,0.0,0.0,0.0,0.0,0.0,0.0,0.0,0.0,0.0,0.0,0.0,0.0,0.0,0.0,0.0,0.0,0.0,0.0,0.0,0.0,0.0,0.0,0.0,0.0,0.0,0.0,0.0,0.0,0.0,0.0,0.0,0.0,0.0,0.0,0.0,0.0,0.0,0.0,0.0,0.0,0.0,0.0,0.0,0.0,0.0,0.0,0.0,0.0,0.0,0.0,0.0,0.0,0.0,0.0,0.0,0.0,0.0,0.0,0.0,0.0,0.0
141,30.0,20.0,0.0,0.0,31.0,0.0,11.0,0.0,0.0,0.0,0.0,0.0,0.0,0.0,0.0,0.0,8698.0,87.0,22.0,15.0,11.0,0.0,0.0,62.0,0.0,0.0,0.0,0.0,0.0,0.0,0.0,0.0,0.0,0.0,0.0,0.0,0.0,0.0,0.0,0.0,0.0,0.0,0.0,0.0,0.0,0.0,17.0,51.0,144.0,68.0,0.0,170.0,0.0,0.0,0.0,0.0,0.0,0.0,0.0,0.0,0.0,0.0,0.0,0.0,0.0,0.0,0.0,0.0,0.0,0.0,0.0,0.0,0.0,0.0,0.0,0.0,0.0,0.0,0.0,0.0,25.0,0.0,0.0,0.0,0.0,0.0,0.0,0.0,0.0,0.0,0.0,0.0,0.0,0.0,0.0,0.0,0.0,0.0,0.0,0.0,0.0,0.0,0.0,0.0,0.0,0.0,0.0,0.0,0.0,0.0,0.0,0.0,0.0,0.0,0.0,0.0,0.0,0.0,0.0,0.0,0.0,0.0,0.0,0.0,0.0,0.0,0.0,0.0,0.0,0.0,0.0,0.0,0.0,0.0,0.0,0.0,0.0,0.0,0.0,0.0,0.0,0.0,0.0,0.0,0.0
142,0.0,0.0,0.0,0.0,0.0,0.0,0.0,0.0,0.0,0.0,0.0,0.0,0.0,0.0,0.0,0.0,104.0,3709.0,0.0,0.0,0.0,0.0,0.0,0.0,0.0,0.0,0.0,0.0,0.0,0.0,0.0,0.0,0.0,0.0,0.0,0.0,0.0,0.0,0.0,0.0,0.0,0.0,0.0,0.0,0.0,0.0,0.0,0.0,162.0,20.0,0.0,39.0,0.0,0.0,0.0,0.0,0.0,0.0,0.0,0.0,0.0,0.0,0.0,0.0,0.0,0.0,0.0,0.0,0.0,0.0,0.0,0.0,0.0,0.0,0.0,0.0,0.0,0.0,0.0,0.0,0.0,0.0,0.0,0.0,0.0,0.0,0.0,0.0,0.0,0.0,0.0,0.0,0.0,0.0,0.0,0.0,11.0,0.0,0.0,0.0,0.0,0.0,0.0,0.0,0.0,0.0,0.0,0.0,0.0,0.0,0.0,0.0,0.0,0.0,0.0,0.0,0.0,0.0,0.0,0.0,0.0,0.0,0.0,0.0,0.0,0.0,0.0,0.0,0.0,0.0,0.0,0.0,0.0,0.0,0.0,0.0,0.0,0.0,0.0,0.0,0.0,0.0,0.0,0.0,0.0
149,0.0,19.0,0.0,0.0,0.0,0.0,0.0,16.0,0.0,0.0,0.0,0.0,0.0,0.0,0.0,0.0,18.0,0.0,788.0,0.0,0.0,0.0,0.0,0.0,0.0,0.0,0.0,0.0,0.0,0.0,0.0,0.0,0.0,0.0,0.0,0.0,0.0,0.0,0.0,0.0,0.0,0.0,0.0,0.0,0.0,0.0,0.0,0.0,0.0,0.0,0.0,25.0,0.0,0.0,0.0,0.0,0.0,0.0,0.0,0.0,0.0,0.0,0.0,0.0,0.0,0.0,0.0,0.0,0.0,0.0,0.0,0.0,0.0,0.0,0.0,0.0,21.0,0.0,0.0,0.0,0.0,0.0,0.0,0.0,0.0,0.0,0.0,0.0,0.0,0.0,0.0,0.0,0.0,0.0,0.0,0.0,0.0,0.0,0.0,0.0,0.0,0.0,0.0,0.0,0.0,0.0,0.0,0.0,0.0,0.0,0.0,0.0,0.0,0.0,0.0,0.0,0.0,0.0,0.0,0.0,0.0,0.0,0.0,0.0,0.0,0.0,0.0,0.0,0.0,0.0,0.0,0.0,0.0,0.0,0.0,0.0,0.0,0.0,0.0,0.0,0.0,0.0,0.0,0.0,0.0
151,20.0,33.0,0.0,12.0,45.0,0.0,0.0,21.0,0.0,0.0,0.0,0.0,0.0,0.0,0.0,0.0,12.0,0.0,0.0,9114.0,69.0,107.0,0.0,34.0,0.0,0.0,0.0,0.0,0.0,0.0,0.0,0.0,0.0,0.0,0.0,0.0,0.0,180.0,431.0,135.0,26.0,0.0,16.0,49.0,17.0,0.0,0.0,0.0,0.0,0.0,0.0,229.0,0.0,14.0,0.0,0.0,0.0,0.0,50.0,0.0,0.0,0.0,0.0,46.0,0.0,0.0,0.0,0.0,14.0,0.0,0.0,0.0,0.0,25.0,0.0,0.0,0.0,0.0,0.0,0.0,67.0,0.0,0.0,0.0,0.0,0.0,0.0,0.0,0.0,0.0,0.0,0.0,0.0,0.0,0.0,0.0,0.0,45.0,0.0,49.0,16.0,0.0,0.0,0.0,0.0,0.0,0.0,0.0,0.0,0.0,0.0,0.0,0.0,0.0,0.0,0.0,0.0,0.0,0.0,0.0,0.0,0.0,0.0,0.0,0.0,0.0,0.0,0.0,0.0,0.0,0.0,0.0,0.0,0.0,0.0,0.0,0.0,0.0,0.0,0.0,0.0,0.0,0.0,0.0,0.0
152,23.0,14.0,0.0,15.0,24.0,0.0,0.0,0.0,0.0,0.0,0.0,0.0,0.0,0.0,0.0,0.0,15.0,0.0,0.0,88.0,3548.0,170.0,0.0,63.0,0.0,0.0,0.0,0.0,0.0,0.0,0.0,0.0,0.0,0.0,0.0,0.0,0.0,0.0,14.0,0.0,0.0,0.0,0.0,0.0,0.0,0.0,0.0,0.0,0.0,0.0,0.0,83.0,0.0,0.0,0.0,0.0,0.0,0.0,177.0,0.0,0.0,0.0,0.0,0.0,0.0,0.0,0.0,0.0,0.0,17.0,0.0,0.0,0.0,45.0,0.0,0.0,0.0,0.0,0.0,0.0,24.0,0.0,0.0,0.0,0.0,0.0,0.0,0.0,0.0,0.0,0.0,0.0,0.0,0.0,0.0,0.0,0.0,0.0,0.0,64.0,0.0,0.0,0.0,0.0,0.0,0.0,0.0,0.0,0.0,0.0,0.0,0.0,0.0,0.0,0.0,0.0,0.0,0.0,0.0,0.0,0.0,0.0,0.0,0.0,0.0,0.0,0.0,0.0,0.0,0.0,0.0,0.0,0.0,0.0,0.0,0.0,0.0,0.0,0.0,0.0,0.0,0.0,0.0,0.0,0.0
153,21.0,0.0,0.0,17.0,37.0,0.0,0.0,20.0,0.0,0.0,0.0,0.0,0.0,0.0,0.0,0.0,18.0,0.0,0.0,141.0,322.0,7785.0,0.0,67.0,0.0,0.0,0.0,0.0,0.0,0.0,0.0,0.0,0.0,0.0,0.0,0.0,0.0,0.0,60.0,22.0,0.0,0.0,0.0,18.0,0.0,0.0,0.0,0.0,0.0,0.0,0.0,192.0,0.0,0.0,0.0,0.0,0.0,0.0,162.0,0.0,0.0,0.0,0.0,0.0,0.0,0.0,0.0,0.0,0.0,22.0,0.0,12.0,0.0,21.0,0.0,0.0,0.0,0.0,0.0,0.0,56.0,0.0,0.0,0.0,0.0,0.0,0.0,0.0,0.0,0.0,0.0,0.0,0.0,0.0,0.0,0.0,0.0,52.0,0.0,34.0,0.0,0.0,0.0,0.0,0.0,0.0,0.0,0.0,0.0,0.0,0.0,0.0,0.0,0.0,0.0,0.0,0.0,0.0,0.0,0.0,0.0,0.0,0.0,0.0,0.0,0.0,0.0,0.0,0.0,0.0,0.0,0.0,0.0,0.0,0.0,0.0,0.0,0.0,0.0,0.0,0.0,0.0,0.0,0.0,0.0
154,0.0,0.0,0.0,0.0,0.0,0.0,0.0,0.0,0.0,0.0,0.0,0.0,0.0,0.0,0.0,0.0,0.0,0.0,0.0,0.0,0.0,0.0,561.0,0.0,0.0,0.0,0.0,0.0,0.0,0.0,0.0,0.0,0.0,0.0,0.0,0.0,0.0,0.0,0.0,0.0,0.0,0.0,0.0,0.0,0.0,0.0,0.0,0.0,0.0,0.0,0.0,0.0,0.0,0.0,0.0,0.0,0.0,0.0,0.0,49.0,0.0,0.0,0.0,0.0,0.0,0.0,0.0,0.0,0.0,0.0,0.0,0.0,0.0,0.0,0.0,0.0,0.0,0.0,0.0,0.0,0.0,0.0,0.0,0.0,0.0,0.0,0.0,0.0,0.0,0.0,0.0,0.0,0.0,0.0,0.0,0.0,0.0,0.0,0.0,0.0,0.0,0.0,0.0,0.0,0.0,0.0,0.0,0.0,0.0,0.0,0.0,0.0,0.0,0.0,0.0,0.0,0.0,0.0,0.0,0.0,0.0,0.0,0.0,0.0,0.0,0.0,0.0,0.0,0.0,0.0,0.0,0.0,0.0,0.0,0.0,0.0,0.0,0.0,0.0,0.0,0.0,0.0,0.0,0.0,0.0
159,106.0,42.0,41.0,36.0,171.0,22.0,22.0,111.0,15.0,0.0,0.0,61.0,0.0,12.0,0.0,0.0,31.0,0.0,0.0,68.0,128.0,62.0,0.0,12450.0,0.0,0.0,0.0,0.0,0.0,0.0,0.0,0.0,0.0,35.0,0.0,0.0,11.0,0.0,0.0,0.0,0.0,0.0,0.0,0.0,0.0,190.0,0.0,0.0,12.0,48.0,27.0,345.0,25.0,26.0,71.0,43.0,86.0,0.0,43.0,0.0,15.0,0.0,0.0,0.0,0.0,0.0,0.0,16.0,23.0,36.0,16.0,89.0,206.0,0.0,0.0,0.0,0.0,0.0,0.0,0.0,57.0,0.0,0.0,14.0,0.0,0.0,0.0,0.0,67.0,0.0,0.0,13.0,0.0,74.0,0.0,0.0,0.0,0.0,0.0,0.0,0.0,17.0,0.0,0.0,0.0,0.0,0.0,0.0,0.0,0.0,0.0,0.0,0.0,0.0,0.0,0.0,0.0,0.0,0.0,0.0,0.0,0.0,0.0,0.0,0.0,0.0,0.0,0.0,0.0,0.0,0.0,0.0,0.0,0.0,0.0,0.0,0.0,0.0,0.0,0.0,0.0,11.0,0.0,0.0,0.0
161,0.0,53.0,40.0,0.0,0.0,0.0,31.0,16.0,15.0,0.0,0.0,0.0,0.0,0.0,0.0,0.0,0.0,0.0,0.0,0.0,0.0,0.0,0.0,0.0,4040.0,0.0,0.0,0.0,0.0,0.0,0.0,0.0,0.0,0.0,0.0,0.0,0.0,0.0,0.0,0.0,0.0,0.0,0.0,0.0,0.0,0.0,0.0,0.0,0.0,0.0,89.0,82.0,15.0,0.0,36.0,0.0,0.0,0.0,0.0,0.0,0.0,0.0,0.0,0.0,0.0,0.0,0.0,278.0,43.0,0.0,0.0,0.0,0.0,0.0,0.0,0.0,0.0,0.0,0.0,0.0,13.0,0.0,0.0,0.0,0.0,0.0,0.0,0.0,0.0,0.0,0.0,0.0,0.0,0.0,0.0,0.0,0.0,0.0,0.0,0.0,0.0,0.0,0.0,0.0,0.0,0.0,0.0,0.0,0.0,0.0,0.0,0.0,0.0,0.0,0.0,0.0,0.0,0.0,0.0,0.0,0.0,0.0,0.0,0.0,0.0,0.0,0.0,0.0,0.0,0.0,0.0,0.0,0.0,0.0,0.0,0.0,0.0,0.0,0.0,0.0,0.0,0.0,0.0,0.0,0.0
171,0.0,28.0,0.0,0.0,0.0,0.0,0.0,13.0,0.0,0.0,0.0,0.0,0.0,0.0,0.0,0.0,0.0,0.0,0.0,0.0,0.0,0.0,0.0,0.0,0.0,1057.0,25.0,0.0,0.0,0.0,0.0,0.0,0.0,0.0,0.0,0.0,0.0,0.0,0.0,0.0,0.0,0.0,0.0,0.0,0.0,0.0,0.0,0.0,0.0,0.0,0.0,0.0,0.0,0.0,0.0,0.0,0.0,0.0,0.0,0.0,0.0,0.0,0.0,0.0,0.0,0.0,0.0,0.0,0.0,0.0,0.0,0.0,0.0,0.0,0.0,0.0,0.0,0.0,0.0,0.0,16.0,0.0,28.0,0.0,0.0,0.0,0.0,0.0,0.0,0.0,0.0,0.0,0.0,0.0,0.0,0.0,0.0,0.0,0.0,0.0,0.0,0.0,0.0,0.0,0.0,0.0,0.0,0.0,0.0,0.0,0.0,0.0,0.0,0.0,0.0,0.0,0.0,0.0,0.0,0.0,0.0,0.0,0.0,0.0,0.0,0.0,0.0,0.0,0.0,0.0,0.0,0.0,0.0,0.0,0.0,0.0,0.0,0.0,0.0,0.0,0.0,0.0,0.0,0.0,0.0
172,0.0,33.0,0.0,0.0,0.0,0.0,0.0,27.0,0.0,0.0,0.0,0.0,0.0,0.0,0.0,0.0,0.0,0.0,0.0,0.0,0.0,0.0,0.0,17.0,0.0,36.0,5638.0,0.0,0.0,0.0,0.0,0.0,0.0,0.0,0.0,0.0,0.0,0.0,0.0,0.0,0.0,0.0,0.0,0.0,0.0,0.0,0.0,0.0,0.0,0.0,0.0,21.0,0.0,0.0,0.0,0.0,0.0,0.0,0.0,0.0,0.0,0.0,0.0,0.0,0.0,0.0,0.0,0.0,34.0,15.0,0.0,0.0,0.0,0.0,0.0,0.0,0.0,91.0,0.0,0.0,32.0,0.0,32.0,0.0,0.0,0.0,0.0,0.0,213.0,191.0,0.0,0.0,0.0,96.0,0.0,0.0,0.0,0.0,0.0,17.0,0.0,11.0,0.0,0.0,0.0,0.0,0.0,0.0,0.0,0.0,0.0,0.0,0.0,0.0,0.0,0.0,0.0,0.0,0.0,0.0,0.0,0.0,0.0,0.0,0.0,0.0,0.0,0.0,0.0,0.0,0.0,0.0,0.0,0.0,0.0,0.0,0.0,0.0,0.0,0.0,0.0,149.0,0.0,0.0,0.0
173,0.0,147.0,53.0,18.0,0.0,0.0,232.0,62.0,23.0,28.0,0.0,0.0,0.0,20.0,64.0,0.0,0.0,0.0,0.0,0.0,0.0,0.0,0.0,0.0,0.0,0.0,14.0,7888.0,0.0,30.0,0.0,0.0,0.0,13.0,0.0,0.0,0.0,0.0,0.0,0.0,0.0,0.0,0.0,0.0,22.0,0.0,0.0,0.0,0.0,0.0,11.0,24.0,12.0,12.0,0.0,0.0,0.0,0.0,0.0,0.0,16.0,0.0,0.0,0.0,0.0,0.0,0.0,0.0,166.0,14.0,0.0,0.0,0.0,0.0,0.0,0.0,0.0,0.0,0.0,0.0,37.0,0.0,0.0,26.0,0.0,0.0,0.0,0.0,0.0,0.0,0.0,0.0,0.0,429.0,0.0,0.0,0.0,0.0,0.0,0.0,0.0,0.0,0.0,0.0,0.0,0.0,0.0,0.0,0.0,0.0,0.0,0.0,16.0,0.0,0.0,0.0,0.0,0.0,0.0,0.0,0.0,0.0,0.0,0.0,0.0,0.0,0.0,0.0,0.0,0.0,0.0,0.0,0.0,0.0,0.0,0.0,0.0,0.0,0.0,0.0,0.0,0.0,0.0,0.0,0.0
174,0.0,17.0,0.0,0.0,0.0,0.0,11.0,0.0,0.0,0.0,0.0,0.0,0.0,0.0,0.0,0.0,0.0,0.0,0.0,0.0,0.0,0.0,0.0,0.0,0.0,0.0,0.0,0.0,956.0,0.0,0.0,0.0,0.0,0.0,0.0,0.0,0.0,0.0,0.0,0.0,0.0,0.0,0.0,0.0,0.0,0.0,0.0,0.0,0.0,0.0,0.0,0.0,0.0,0.0,0.0,0.0,0.0,0.0,0.0,0.0,0.0,0.0,0.0,0.0,0.0,0.0,0.0,0.0,0.0,0.0,0.0,0.0,0.0,0.0,58.0,0.0,0.0,0.0,0.0,0.0,12.0,0.0,0.0,0.0,0.0,0.0,0.0,0.0,0.0,0.0,0.0,0.0,0.0,0.0,0.0,0.0,0.0,0.0,0.0,0.0,0.0,0.0,0.0,0.0,0.0,0.0,0.0,0.0,0.0,0.0,0.0,0.0,0.0,0.0,0.0,0.0,0.0,0.0,0.0,0.0,0.0,0.0,0.0,0.0,0.0,0.0,0.0,0.0,0.0,0.0,0.0,0.0,0.0,0.0,0.0,0.0,0.0,0.0,0.0,0.0,0.0,0.0,0.0,0.0,0.0
179,0.0,23.0,0.0,0.0,15.0,0.0,49.0,61.0,0.0,0.0,0.0,18.0,0.0,19.0,20.0,0.0,0.0,0.0,0.0,0.0,0.0,0.0,0.0,11.0,0.0,0.0,0.0,30.0,16.0,5333.0,0.0,0.0,0.0,22.0,0.0,0.0,0.0,0.0,0.0,0.0,0.0,0.0,0.0,0.0,59.0,0.0,0.0,0.0,0.0,0.0,0.0,40.0,0.0,0.0,0.0,0.0,0.0,0.0,0.0,0.0,16.0,17.0,0.0,16.0,0.0,0.0,0.0,13.0,84.0,41.0,0.0,22.0,0.0,0.0,17.0,0.0,0.0,0.0,0.0,0.0,37.0,0.0,36.0,15.0,0.0,0.0,0.0,0.0,0.0,0.0,0.0,0.0,0.0,38.0,0.0,0.0,0.0,0.0,0.0,0.0,0.0,0.0,0.0,0.0,0.0,0.0,0.0,0.0,0.0,0.0,0.0,0.0,45.0,0.0,0.0,0.0,0.0,0.0,0.0,0.0,0.0,0.0,0.0,0.0,0.0,0.0,0.0,0.0,0.0,0.0,0.0,0.0,0.0,0.0,0.0,0.0,0.0,0.0,0.0,0.0,0.0,0.0,0.0,0.0,0.0
211,0.0,0.0,0.0,0.0,0.0,0.0,0.0,0.0,0.0,0.0,36.0,12.0,0.0,0.0,0.0,0.0,0.0,0.0,0.0,12.0,0.0,0.0,0.0,0.0,0.0,0.0,0.0,0.0,0.0,0.0,4918.0,0.0,41.0,232.0,0.0,0.0,12.0,15.0,0.0,0.0,0.0,0.0,0.0,0.0,0.0,138.0,0.0,0.0,0.0,0.0,0.0,32.0,0.0,39.0,0.0,0.0,0.0,0.0,0.0,0.0,77.0,18.0,0.0,96.0,0.0,0.0,0.0,0.0,20.0,0.0,0.0,16.0,0.0,0.0,0.0,0.0,0.0,0.0,0.0,0.0,0.0,0.0,0.0,0.0,0.0,0.0,0.0,0.0,0.0,0.0,0.0,0.0,0.0,0.0,0.0,0.0,0.0,0.0,0.0,0.0,0.0,0.0,0.0,0.0,0.0,0.0,0.0,0.0,0.0,0.0,0.0,0.0,0.0,0.0,0.0,0.0,0.0,0.0,0.0,0.0,0.0,0.0,0.0,0.0,0.0,0.0,0.0,0.0,0.0,0.0,0.0,0.0,0.0,0.0,0.0,0.0,0.0,0.0,0.0,0.0,0.0,0.0,0.0,0.0,0.0
212,0.0,0.0,0.0,0.0,0.0,0.0,0.0,0.0,0.0,0.0,0.0,0.0,0.0,0.0,0.0,0.0,0.0,0.0,0.0,0.0,0.0,0.0,0.0,0.0,0.0,0.0,0.0,0.0,0.0,0.0,0.0,1530.0,0.0,0.0,0.0,0.0,0.0,0.0,0.0,0.0,0.0,0.0,0.0,0.0,0.0,0.0,0.0,0.0,0.0,0.0,28.0,93.0,21.0,31.0,0.0,0.0,0.0,0.0,0.0,0.0,0.0,0.0,0.0,0.0,0.0,0.0,0.0,0.0,14.0,0.0,0.0,0.0,0.0,0.0,0.0,0.0,0.0,0.0,0.0,0.0,0.0,0.0,0.0,0.0,0.0,0.0,0.0,0.0,0.0,0.0,0.0,0.0,0.0,0.0,0.0,0.0,0.0,0.0,0.0,0.0,0.0,0.0,0.0,0.0,0.0,0.0,0.0,0.0,0.0,0.0,0.0,0.0,0.0,0.0,0.0,0.0,0.0,0.0,0.0,0.0,0.0,0.0,0.0,0.0,0.0,0.0,0.0,0.0,0.0,0.0,0.0,0.0,0.0,0.0,0.0,0.0,0.0,0.0,0.0,0.0,0.0,0.0,0.0,0.0,0.0
213,0.0,0.0,12.0,0.0,0.0,0.0,15.0,13.0,0.0,0.0,41.0,0.0,0.0,0.0,0.0,13.0,0.0,0.0,0.0,0.0,0.0,0.0,0.0,15.0,0.0,0.0,0.0,0.0,0.0,0.0,55.0,0.0,4889.0,71.0,0.0,0.0,59.0,22.0,0.0,0.0,0.0,0.0,0.0,0.0,16.0,147.0,0.0,0.0,0.0,0.0,0.0,116.0,13.0,68.0,0.0,0.0,0.0,0.0,0.0,0.0,29.0,0.0,0.0,104.0,0.0,0.0,0.0,0.0,60.0,0.0,0.0,13.0,0.0,0.0,0.0,0.0,0.0,0.0,0.0,0.0,17.0,0.0,0.0,0.0,0.0,0.0,0.0,0.0,0.0,0.0,0.0,0.0,0.0,0.0,0.0,0.0,0.0,0.0,0.0,0.0,0.0,0.0,18.0,12.0,11.0,22.0,0.0,0.0,0.0,0.0,0.0,0.0,0.0,0.0,0.0,0.0,0.0,0.0,0.0,0.0,0.0,0.0,0.0,0.0,0.0,0.0,0.0,0.0,0.0,0.0,0.0,0.0,0.0,0.0,0.0,0.0,0.0,0.0,0.0,0.0,0.0,0.0,0.0,0.0,0.0
214,0.0,46.0,23.0,11.0,61.0,21.0,174.0,166.0,51.0,86.0,222.0,501.0,22.0,227.0,227.0,0.0,0.0,0.0,0.0,0.0,0.0,0.0,0.0,18.0,0.0,0.0,0.0,0.0,0.0,25.0,121.0,0.0,67.0,71571.0,141.0,95.0,124.0,0.0,0.0,0.0,0.0,0.0,0.0,0.0,0.0,176.0,0.0,12.0,31.0,0.0,135.0,505.0,154.0,1633.0,29.0,0.0,16.0,0.0,0.0,0.0,2656.0,205.0,0.0,192.0,0.0,0.0,0.0,23.0,453.0,59.0,54.0,187.0,0.0,0.0,0.0,0.0,0.0,0.0,139.0,0.0,170.0,0.0,41.0,80.0,0.0,0.0,0.0,0.0,0.0,0.0,0.0,11.0,0.0,20.0,0.0,0.0,0.0,0.0,0.0,19.0,0.0,0.0,0.0,0.0,13.0,0.0,0.0,21.0,14.0,0.0,16.0,17.0,44.0,0.0,0.0,37.0,13.0,0.0,0.0,0.0,0.0,0.0,26.0,0.0,0.0,0.0,105.0,0.0,79.0,50.0,0.0,0.0,0.0,0.0,0.0,0.0,0.0,0.0,0.0,0.0,0.0,0.0,0.0,0.0,0.0
216,0.0,0.0,0.0,0.0,0.0,0.0,0.0,0.0,0.0,0.0,0.0,188.0,0.0,0.0,0.0,0.0,0.0,0.0,0.0,0.0,0.0,0.0,0.0,34.0,0.0,0.0,0.0,0.0,0.0,0.0,0.0,0.0,0.0,155.0,9664.0,20.0,0.0,0.0,0.0,0.0,0.0,0.0,0.0,0.0,0.0,18.0,0.0,0.0,0.0,0.0,12.0,134.0,0.0,15.0,0.0,0.0,0.0,0.0,0.0,0.0,207.0,0.0,0.0,0.0,0.0,0.0,0.0,0.0,13.0,13.0,0.0,25.0,0.0,0.0,0.0,0.0,0.0,0.0,0.0,0.0,26.0,0.0,0.0,0.0,0.0,0.0,0.0,0.0,0.0,0.0,0.0,0.0,0.0,0.0,0.0,0.0,0.0,0.0,0.0,0.0,0.0,0.0,0.0,0.0,0.0,0.0,0.0,0.0,0.0,0.0,0.0,0.0,0.0,0.0,0.0,0.0,0.0,0.0,0.0,0.0,0.0,0.0,0.0,0.0,0.0,0.0,0.0,0.0,0.0,0.0,0.0,0.0,0.0,0.0,0.0,0.0,0.0,0.0,0.0,0.0,0.0,0.0,0.0,0.0,0.0
217,0.0,0.0,0.0,0.0,0.0,25.0,30.0,21.0,11.0,0.0,0.0,0.0,0.0,0.0,12.0,0.0,0.0,0.0,0.0,0.0,0.0,0.0,0.0,0.0,0.0,0.0,0.0,0.0,0.0,0.0,0.0,0.0,0.0,109.0,15.0,12100.0,0.0,0.0,0.0,0.0,0.0,0.0,0.0,0.0,0.0,11.0,0.0,0.0,17.0,0.0,18.0,42.0,259.0,324.0,0.0,0.0,55.0,44.0,0.0,0.0,81.0,0.0,0.0,0.0,0.0,0.0,0.0,0.0,86.0,22.0,32.0,0.0,0.0,0.0,0.0,56.0,0.0,0.0,28.0,15.0,79.0,0.0,12.0,0.0,0.0,0.0,0.0,0.0,0.0,0.0,0.0,0.0,0.0,36.0,0.0,0.0,0.0,0.0,0.0,22.0,0.0,0.0,0.0,0.0,0.0,0.0,0.0,0.0,0.0,0.0,0.0,27.0,0.0,0.0,71.0,0.0,0.0,0.0,22.0,0.0,0.0,0.0,0.0,0.0,0.0,0.0,0.0,0.0,0.0,11.0,0.0,0.0,0.0,0.0,0.0,0.0,0.0,0.0,0.0,0.0,0.0,0.0,0.0,0.0,0.0
218,0.0,0.0,0.0,0.0,0.0,0.0,0.0,23.0,0.0,0.0,0.0,18.0,0.0,0.0,0.0,0.0,0.0,0.0,0.0,0.0,0.0,0.0,0.0,31.0,0.0,0.0,0.0,0.0,0.0,0.0,0.0,0.0,44.0,139.0,18.0,0.0,6354.0,0.0,0.0,0.0,0.0,0.0,0.0,0.0,0.0,0.0,0.0,0.0,0.0,15.0,0.0,203.0,11.0,0.0,13.0,0.0,0.0,0.0,0.0,0.0,101.0,0.0,0.0,0.0,0.0,0.0,0.0,0.0,18.0,0.0,0.0,49.0,0.0,0.0,0.0,0.0,0.0,0.0,0.0,0.0,27.0,0.0,0.0,0.0,0.0,0.0,0.0,0.0,0.0,0.0,0.0,0.0,0.0,0.0,0.0,0.0,0.0,0.0,0.0,0.0,0.0,0.0,0.0,0.0,0.0,0.0,0.0,0.0,0.0,0.0,0.0,0.0,0.0,0.0,0.0,0.0,0.0,0.0,0.0,0.0,0.0,0.0,0.0,0.0,0.0,0.0,0.0,0.0,0.0,0.0,0.0,0.0,0.0,0.0,0.0,0.0,0.0,0.0,0.0,0.0,0.0,0.0,0.0,0.0,0.0
221,0.0,0.0,0.0,0.0,0.0,0.0,0.0,0.0,0.0,0.0,46.0,0.0,0.0,0.0,0.0,0.0,0.0,0.0,0.0,257.0,0.0,0.0,0.0,0.0,0.0,0.0,0.0,0.0,0.0,0.0,0.0,33.0,24.0,0.0,0.0,0.0,0.0,35350.0,55.0,0.0,0.0,0.0,0.0,0.0,21.0,270.0,0.0,0.0,0.0,0.0,0.0,74.0,0.0,0.0,0.0,0.0,0.0,0.0,0.0,0.0,0.0,0.0,0.0,54.0,0.0,0.0,0.0,0.0,0.0,0.0,0.0,0.0,0.0,0.0,0.0,0.0,0.0,0.0,0.0,0.0,0.0,0.0,0.0,0.0,0.0,0.0,0.0,0.0,0.0,0.0,0.0,0.0,0.0,0.0,0.0,0.0,0.0,0.0,0.0,0.0,0.0,0.0,0.0,0.0,0.0,0.0,0.0,0.0,0.0,0.0,0.0,0.0,0.0,0.0,0.0,0.0,0.0,0.0,0.0,0.0,0.0,0.0,0.0,0.0,0.0,0.0,0.0,0.0,0.0,0.0,0.0,0.0,0.0,0.0,0.0,0.0,0.0,0.0,0.0,0.0,0.0,0.0,0.0,0.0,0.0
222,0.0,0.0,0.0,0.0,0.0,0.0,0.0,0.0,0.0,0.0,0.0,0.0,0.0,0.0,0.0,0.0,0.0,0.0,0.0,610.0,0.0,143.0,0.0,21.0,0.0,0.0,0.0,0.0,0.0,0.0,0.0,0.0,0.0,0.0,0.0,0.0,0.0,57.0,75071.0,2143.0,0.0,0.0,0.0,20.0,32.0,77.0,65.0,19.0,0.0,23.0,0.0,222.0,0.0,31.0,0.0,0.0,0.0,0.0,16.0,0.0,0.0,0.0,0.0,27.0,0.0,0.0,0.0,17.0,39.0,0.0,0.0,12.0,0.0,31.0,13.0,0.0,13.0,0.0,0.0,0.0,82.0,0.0,0.0,0.0,0.0,0.0,0.0,0.0,0.0,0.0,14.0,0.0,0.0,23.0,0.0,0.0,13.0,67.0,21.0,51.0,0.0,0.0,0.0,0.0,0.0,0.0,0.0,0.0,0.0,0.0,0.0,0.0,0.0,0.0,0.0,0.0,0.0,0.0,0.0,0.0,0.0,0.0,0.0,0.0,0.0,0.0,0.0,0.0,0.0,0.0,0.0,0.0,0.0,0.0,0.0,0.0,0.0,0.0,0.0,0.0,0.0,0.0,0.0,0.0,0.0
223,0.0,0.0,0.0,0.0,0.0,0.0,0.0,0.0,0.0,0.0,0.0,0.0,0.0,0.0,0.0,0.0,0.0,0.0,0.0,176.0,0.0,25.0,0.0,0.0,0.0,0.0,0.0,0.0,0.0,0.0,0.0,0.0,0.0,0.0,0.0,0.0,0.0,11.0,1226.0,18618.0,0.0,0.0,0.0,12.0,0.0,34.0,25.0,0.0,0.0,0.0,0.0,67.0,0.0,0.0,0.0,0.0,0.0,0.0,11.0,0.0,0.0,0.0,0.0,0.0,0.0,0.0,0.0,0.0,17.0,0.0,0.0,0.0,0.0,0.0,0.0,0.0,0.0,0.0,0.0,0.0,29.0,0.0,0.0,0.0,0.0,0.0,0.0,0.0,0.0,0.0,0.0,0.0,0.0,0.0,0.0,0.0,0.0,12.0,0.0,11.0,0.0,0.0,0.0,0.0,0.0,0.0,0.0,0.0,0.0,0.0,0.0,0.0,0.0,0.0,0.0,0.0,0.0,0.0,0.0,0.0,0.0,0.0,0.0,0.0,0.0,0.0,0.0,0.0,0.0,0.0,0.0,0.0,0.0,0.0,0.0,0.0,0.0,0.0,0.0,0.0,0.0,0.0,0.0,0.0,0.0
224,0.0,0.0,0.0,0.0,0.0,0.0,0.0,0.0,0.0,0.0,0.0,0.0,0.0,0.0,0.0,0.0,0.0,0.0,0.0,45.0,0.0,0.0,0.0,0.0,0.0,0.0,0.0,0.0,0.0,0.0,0.0,0.0,0.0,0.0,0.0,0.0,0.0,20.0,0.0,0.0,7964.0,0.0,0.0,0.0,12.0,53.0,0.0,0.0,0.0,0.0,0.0,66.0,0.0,0.0,0.0,0.0,0.0,0.0,54.0,0.0,0.0,0.0,0.0,0.0,0.0,0.0,0.0,0.0,0.0,0.0,0.0,0.0,0.0,16.0,0.0,0.0,0.0,0.0,0.0,0.0,0.0,0.0,0.0,0.0,0.0,0.0,0.0,0.0,0.0,0.0,0.0,0.0,0.0,0.0,0.0,0.0,0.0,0.0,0.0,15.0,0.0,0.0,0.0,0.0,0.0,0.0,0.0,0.0,0.0,0.0,0.0,0.0,0.0,0.0,0.0,0.0,0.0,0.0,0.0,0.0,0.0,0.0,0.0,0.0,0.0,0.0,0.0,0.0,0.0,0.0,0.0,0.0,0.0,0.0,0.0,0.0,0.0,0.0,0.0,0.0,0.0,0.0,0.0,0.0,0.0
225,0.0,0.0,0.0,0.0,0.0,0.0,0.0,0.0,0.0,0.0,0.0,0.0,0.0,0.0,0.0,0.0,0.0,0.0,0.0,0.0,0.0,0.0,0.0,17.0,0.0,0.0,0.0,0.0,0.0,0.0,0.0,0.0,0.0,0.0,0.0,0.0,13.0,0.0,0.0,0.0,0.0,2151.0,0.0,0.0,0.0,16.0,0.0,0.0,0.0,0.0,0.0,0.0,0.0,0.0,0.0,0.0,0.0,0.0,0.0,0.0,0.0,0.0,0.0,0.0,0.0,0.0,0.0,0.0,0.0,0.0,0.0,0.0,0.0,0.0,0.0,0.0,0.0,0.0,0.0,0.0,0.0,0.0,0.0,0.0,0.0,0.0,0.0,0.0,0.0,0.0,0.0,0.0,0.0,0.0,0.0,0.0,0.0,0.0,0.0,0.0,0.0,0.0,0.0,0.0,0.0,0.0,0.0,0.0,0.0,0.0,0.0,0.0,0.0,0.0,0.0,0.0,0.0,0.0,0.0,0.0,0.0,0.0,0.0,0.0,0.0,0.0,0.0,0.0,0.0,0.0,0.0,0.0,0.0,0.0,0.0,0.0,0.0,0.0,0.0,0.0,0.0,0.0,0.0,0.0,0.0
226,0.0,0.0,0.0,0.0,0.0,0.0,0.0,0.0,0.0,0.0,0.0,0.0,0.0,0.0,0.0,0.0,0.0,0.0,0.0,39.0,0.0,0.0,0.0,0.0,0.0,0.0,0.0,0.0,0.0,0.0,0.0,0.0,0.0,0.0,0.0,0.0,0.0,0.0,0.0,0.0,0.0,0.0,5253.0,0.0,0.0,42.0,0.0,0.0,0.0,0.0,0.0,0.0,0.0,0.0,0.0,0.0,0.0,0.0,0.0,0.0,0.0,0.0,0.0,0.0,0.0,0.0,0.0,0.0,0.0,0.0,0.0,0.0,0.0,0.0,0.0,0.0,0.0,0.0,0.0,0.0,0.0,0.0,0.0,0.0,0.0,0.0,0.0,0.0,0.0,0.0,0.0,0.0,0.0,0.0,0.0,0.0,0.0,0.0,0.0,0.0,0.0,0.0,0.0,0.0,0.0,0.0,0.0,0.0,0.0,0.0,0.0,0.0,0.0,0.0,0.0,0.0,0.0,0.0,0.0,0.0,0.0,0.0,0.0,0.0,0.0,0.0,0.0,0.0,0.0,0.0,0.0,0.0,0.0,0.0,0.0,0.0,0.0,0.0,0.0,0.0,0.0,0.0,0.0,0.0,0.0
227,0.0,0.0,0.0,0.0,0.0,0.0,0.0,0.0,0.0,0.0,0.0,0.0,0.0,0.0,0.0,0.0,0.0,0.0,0.0,71.0,0.0,44.0,0.0,0.0,0.0,0.0,0.0,0.0,0.0,0.0,0.0,0.0,0.0,0.0,0.0,0.0,0.0,33.0,21.0,0.0,0.0,0.0,0.0,18792.0,22.0,12.0,0.0,0.0,0.0,25.0,0.0,115.0,0.0,0.0,0.0,0.0,0.0,0.0,38.0,0.0,0.0,0.0,0.0,0.0,0.0,0.0,0.0,0.0,21.0,36.0,0.0,18.0,0.0,188.0,18.0,0.0,20.0,0.0,0.0,0.0,26.0,0.0,0.0,0.0,0.0,0.0,0.0,0.0,0.0,0.0,0.0,0.0,0.0,0.0,0.0,0.0,11.0,21.0,11.0,86.0,0.0,0.0,0.0,0.0,0.0,0.0,0.0,0.0,0.0,0.0,0.0,0.0,0.0,0.0,0.0,0.0,0.0,0.0,0.0,0.0,0.0,0.0,0.0,0.0,0.0,0.0,0.0,0.0,0.0,0.0,0.0,0.0,0.0,0.0,0.0,0.0,0.0,0.0,0.0,0.0,0.0,0.0,0.0,0.0,0.0
228,0.0,0.0,0.0,0.0,0.0,0.0,0.0,0.0,0.0,0.0,0.0,0.0,0.0,0.0,0.0,0.0,0.0,0.0,0.0,28.0,0.0,0.0,0.0,12.0,0.0,0.0,0.0,0.0,0.0,73.0,0.0,0.0,27.0,0.0,0.0,0.0,0.0,0.0,11.0,0.0,0.0,0.0,0.0,0.0,8399.0,18.0,0.0,0.0,0.0,24.0,0.0,55.0,0.0,0.0,0.0,0.0,0.0,0.0,0.0,0.0,0.0,0.0,0.0,131.0,0.0,0.0,0.0,0.0,19.0,0.0,0.0,0.0,0.0,0.0,0.0,0.0,0.0,0.0,0.0,0.0,15.0,0.0,0.0,0.0,0.0,0.0,0.0,0.0,0.0,0.0,0.0,0.0,0.0,27.0,0.0,0.0,0.0,0.0,0.0,22.0,0.0,0.0,0.0,0.0,0.0,0.0,0.0,0.0,0.0,0.0,0.0,0.0,0.0,0.0,0.0,0.0,0.0,0.0,0.0,0.0,0.0,0.0,0.0,0.0,0.0,0.0,0.0,0.0,0.0,0.0,0.0,0.0,0.0,0.0,0.0,0.0,0.0,0.0,0.0,0.0,0.0,0.0,0.0,0.0,0.0
231,0.0,14.0,0.0,0.0,14.0,0.0,0.0,12.0,0.0,0.0,31.0,0.0,0.0,0.0,0.0,0.0,12.0,0.0,0.0,0.0,0.0,0.0,0.0,221.0,0.0,0.0,0.0,0.0,0.0,0.0,179.0,21.0,182.0,280.0,27.0,14.0,21.0,266.0,18.0,0.0,30.0,13.0,24.0,21.0,29.0,29156.0,13.0,44.0,48.0,53.0,47.0,303.0,30.0,168.0,38.0,138.0,43.0,21.0,16.0,0.0,87.0,0.0,0.0,283.0,0.0,0.0,0.0,0.0,11.0,0.0,0.0,82.0,28.0,0.0,0.0,0.0,0.0,0.0,0.0,0.0,49.0,0.0,0.0,0.0,0.0,0.0,0.0,0.0,0.0,0.0,0.0,0.0,0.0,0.0,0.0,0.0,0.0,0.0,0.0,31.0,0.0,0.0,0.0,0.0,0.0,0.0,0.0,0.0,0.0,0.0,0.0,0.0,0.0,0.0,0.0,0.0,0.0,0.0,0.0,0.0,0.0,0.0,0.0,0.0,0.0,0.0,0.0,0.0,0.0,0.0,0.0,0.0,0.0,0.0,0.0,0.0,0.0,0.0,0.0,0.0,0.0,0.0,0.0,0.0,0.0
232,0.0,0.0,0.0,0.0,0.0,0.0,0.0,0.0,0.0,0.0,0.0,0.0,0.0,0.0,0.0,0.0,37.0,0.0,0.0,0.0,0.0,0.0,0.0,0.0,0.0,0.0,0.0,0.0,0.0,0.0,0.0,0.0,0.0,0.0,0.0,0.0,0.0,0.0,38.0,0.0,0.0,0.0,0.0,0.0,0.0,17.0,7878.0,305.0,210.0,134.0,0.0,44.0,0.0,0.0,0.0,0.0,0.0,0.0,0.0,0.0,14.0,0.0,0.0,0.0,0.0,0.0,0.0,0.0,12.0,0.0,0.0,0.0,0.0,0.0,0.0,0.0,50.0,0.0,0.0,0.0,19.0,0.0,0.0,0.0,0.0,0.0,0.0,0.0,0.0,0.0,13.0,0.0,0.0,11.0,0.0,0.0,22.0,0.0,0.0,22.0,0.0,0.0,0.0,12.0,0.0,0.0,0.0,0.0,0.0,0.0,0.0,0.0,0.0,0.0,0.0,0.0,0.0,0.0,0.0,0.0,0.0,0.0,0.0,0.0,0.0,0.0,0.0,0.0,0.0,0.0,0.0,0.0,0.0,0.0,0.0,0.0,0.0,0.0,0.0,0.0,0.0,0.0,0.0,0.0,0.0
233,0.0,0.0,0.0,0.0,0.0,0.0,0.0,0.0,0.0,0.0,0.0,0.0,0.0,0.0,0.0,0.0,214.0,0.0,0.0,0.0,0.0,0.0,0.0,0.0,0.0,0.0,0.0,0.0,0.0,0.0,0.0,0.0,0.0,14.0,0.0,0.0,0.0,0.0,0.0,0.0,0.0,0.0,0.0,0.0,0.0,96.0,378.0,24605.0,1142.0,531.0,0.0,101.0,0.0,15.0,0.0,11.0,18.0,29.0,18.0,0.0,0.0,0.0,0.0,0.0,0.0,0.0,0.0,0.0,0.0,25.0,0.0,12.0,0.0,22.0,47.0,0.0,43.0,0.0,0.0,0.0,84.0,0.0,16.0,0.0,0.0,0.0,0.0,0.0,0.0,0.0,0.0,0.0,0.0,35.0,0.0,0.0,137.0,12.0,16.0,41.0,0.0,0.0,0.0,0.0,0.0,0.0,0.0,0.0,0.0,0.0,0.0,0.0,0.0,0.0,0.0,0.0,0.0,0.0,0.0,0.0,0.0,0.0,0.0,0.0,0.0,0.0,0.0,0.0,0.0,0.0,0.0,0.0,0.0,0.0,0.0,0.0,0.0,0.0,0.0,0.0,0.0,13.0,0.0,0.0,0.0
234,0.0,0.0,0.0,0.0,0.0,0.0,0.0,20.0,0.0,0.0,0.0,0.0,0.0,0.0,0.0,0.0,641.0,431.0,0.0,0.0,0.0,0.0,0.0,24.0,0.0,0.0,0.0,0.0,0.0,0.0,0.0,0.0,0.0,26.0,0.0,0.0,14.0,0.0,0.0,0.0,0.0,0.0,0.0,0.0,0.0,105.0,267.0,1399.0,164493.0,2280.0,24.0,261.0,29.0,40.0,0.0,46.0,44.0,56.0,82.0,0.0,34.0,0.0,0.0,25.0,0.0,0.0,0.0,28.0,66.0,91.0,0.0,44.0,0.0,131.0,451.0,15.0,68.0,0.0,31.0,0.0,351.0,0.0,128.0,107.0,23.0,20.0,0.0,14.0,39.0,61.0,27.0,37.0,0.0,369.0,37.0,26.0,3132.0,108.0,173.0,441.0,0.0,59.0,23.0,24.0,0.0,19.0,0.0,29.0,0.0,0.0,0.0,27.0,13.0,0.0,0.0,0.0,0.0,0.0,0.0,0.0,0.0,0.0,0.0,12.0,0.0,13.0,0.0,0.0,14.0,61.0,0.0,0.0,40.0,20.0,0.0,74.0,0.0,0.0,0.0,15.0,0.0,113.0,0.0,0.0,29.0
235,0.0,0.0,0.0,0.0,18.0,0.0,0.0,17.0,0.0,0.0,0.0,0.0,0.0,0.0,0.0,0.0,199.0,32.0,14.0,12.0,0.0,13.0,0.0,69.0,0.0,0.0,0.0,0.0,0.0,0.0,0.0,0.0,0.0,0.0,0.0,0.0,0.0,0.0,16.0,0.0,0.0,0.0,0.0,17.0,20.0,119.0,122.0,374.0,1353.0,27445.0,43.0,327.0,25.0,32.0,26.0,19.0,34.0,59.0,66.0,0.0,34.0,0.0,0.0,0.0,0.0,0.0,0.0,0.0,26.0,113.0,0.0,73.0,34.0,73.0,86.0,0.0,120.0,0.0,14.0,0.0,113.0,0.0,32.0,12.0,0.0,0.0,0.0,0.0,0.0,11.0,0.0,12.0,0.0,71.0,12.0,0.0,387.0,27.0,42.0,128.0,0.0,35.0,0.0,0.0,0.0,0.0,0.0,11.0,0.0,0.0,0.0,0.0,0.0,0.0,0.0,0.0,0.0,0.0,0.0,0.0,0.0,0.0,0.0,0.0,0.0,0.0,0.0,0.0,0.0,0.0,0.0,0.0,0.0,0.0,0.0,0.0,0.0,0.0,0.0,0.0,0.0,24.0,0.0,0.0,0.0
241,0.0,68.0,877.0,41.0,80.0,16.0,100.0,107.0,30.0,32.0,0.0,17.0,18.0,12.0,21.0,0.0,0.0,0.0,0.0,0.0,0.0,0.0,0.0,33.0,77.0,0.0,0.0,15.0,0.0,0.0,0.0,29.0,0.0,146.0,0.0,0.0,13.0,0.0,0.0,0.0,0.0,0.0,0.0,0.0,0.0,33.0,0.0,0.0,0.0,0.0,35603.0,1059.0,264.0,229.0,92.0,16.0,27.0,0.0,0.0,0.0,89.0,11.0,0.0,0.0,0.0,0.0,0.0,1142.0,248.0,82.0,56.0,167.0,0.0,0.0,0.0,16.0,0.0,0.0,44.0,0.0,600.0,0.0,41.0,14.0,0.0,0.0,0.0,0.0,0.0,0.0,0.0,0.0,0.0,27.0,0.0,0.0,0.0,0.0,0.0,13.0,0.0,0.0,0.0,0.0,0.0,0.0,0.0,0.0,0.0,0.0,0.0,0.0,0.0,0.0,0.0,0.0,0.0,0.0,0.0,0.0,0.0,0.0,0.0,0.0,0.0,0.0,0.0,0.0,0.0,0.0,0.0,0.0,0.0,0.0,0.0,0.0,0.0,0.0,0.0,0.0,0.0,0.0,0.0,0.0,0.0
242,70.0,86.0,112.0,527.0,527.0,53.0,258.0,315.0,106.0,41.0,40.0,117.0,26.0,47.0,53.0,0.0,125.0,31.0,20.0,168.0,119.0,194.0,0.0,1101.0,56.0,0.0,0.0,24.0,0.0,30.0,23.0,81.0,98.0,388.0,181.0,17.0,265.0,87.0,70.0,43.0,27.0,0.0,0.0,32.0,33.0,197.0,22.0,54.0,122.0,243.0,1031.0,79000.0,413.0,1093.0,519.0,128.0,40.0,42.0,323.0,0.0,319.0,26.0,0.0,44.0,0.0,0.0,0.0,186.0,493.0,476.0,203.0,1020.0,669.0,84.0,101.0,25.0,80.0,0.0,148.0,0.0,1285.0,0.0,530.0,46.0,13.0,0.0,18.0,0.0,0.0,0.0,0.0,29.0,0.0,59.0,0.0,18.0,43.0,54.0,29.0,133.0,0.0,39.0,0.0,0.0,14.0,13.0,0.0,16.0,0.0,0.0,0.0,0.0,0.0,0.0,0.0,0.0,0.0,0.0,0.0,0.0,0.0,0.0,0.0,0.0,0.0,0.0,0.0,0.0,17.0,0.0,0.0,0.0,0.0,0.0,0.0,13.0,0.0,0.0,0.0,0.0,0.0,16.0,0.0,0.0,14.0
243,12.0,41.0,31.0,20.0,29.0,291.0,442.0,113.0,30.0,17.0,34.0,26.0,0.0,0.0,33.0,0.0,0.0,0.0,0.0,0.0,0.0,0.0,0.0,36.0,15.0,0.0,0.0,18.0,0.0,16.0,0.0,17.0,13.0,2619.0,12.0,203.0,13.0,0.0,0.0,0.0,0.0,0.0,0.0,0.0,0.0,13.0,0.0,0.0,32.0,26.0,232.0,579.0,26187.0,348.0,16.0,31.0,147.0,31.0,13.0,0.0,94.0,12.0,0.0,0.0,0.0,0.0,0.0,52.0,545.0,92.0,80.0,86.0,0.0,0.0,35.0,34.0,17.0,0.0,103.0,0.0,446.0,0.0,75.0,0.0,0.0,0.0,0.0,0.0,0.0,0.0,0.0,0.0,0.0,58.0,0.0,28.0,0.0,0.0,0.0,20.0,0.0,0.0,0.0,0.0,0.0,0.0,0.0,0.0,0.0,0.0,0.0,0.0,0.0,0.0,0.0,0.0,0.0,0.0,0.0,0.0,0.0,0.0,0.0,0.0,0.0,0.0,0.0,0.0,0.0,0.0,0.0,0.0,0.0,0.0,0.0,0.0,0.0,0.0,0.0,0.0,0.0,0.0,0.0,0.0,0.0
251,0.0,61.0,51.0,27.0,57.0,19.0,203.0,190.0,811.0,20.0,72.0,87.0,0.0,49.0,55.0,0.0,0.0,0.0,0.0,12.0,0.0,0.0,0.0,39.0,23.0,0.0,0.0,0.0,0.0,0.0,29.0,33.0,143.0,1304.0,20.0,415.0,0.0,0.0,0.0,0.0,0.0,0.0,0.0,0.0,0.0,44.0,0.0,13.0,34.0,17.0,259.0,1181.0,309.0,91851.0,26.0,26.0,43.0,15.0,0.0,0.0,528.0,25.0,0.0,31.0,0.0,0.0,0.0,81.0,474.0,32.0,115.0,177.0,20.0,0.0,12.0,23.0,21.0,0.0,2533.0,13.0,245.0,0.0,48.0,37.0,0.0,0.0,0.0,0.0,0.0,0.0,0.0,0.0,0.0,30.0,0.0,12.0,0.0,0.0,11.0,26.0,0.0,16.0,0.0,0.0,0.0,0.0,0.0,0.0,0.0,0.0,0.0,0.0,0.0,0.0,0.0,15.0,0.0,0.0,0.0,0.0,0.0,0.0,0.0,0.0,0.0,0.0,0.0,0.0,11.0,12.0,0.0,0.0,0.0,0.0,0.0,0.0,0.0,0.0,0.0,0.0,0.0,0.0,0.0,0.0,11.0
261,11.0,0.0,25.0,14.0,29.0,0.0,13.0,29.0,0.0,0.0,0.0,0.0,0.0,0.0,0.0,0.0,0.0,0.0,0.0,0.0,0.0,0.0,0.0,155.0,25.0,0.0,0.0,0.0,0.0,0.0,0.0,0.0,0.0,31.0,15.0,0.0,12.0,0.0,0.0,0.0,0.0,0.0,0.0,0.0,0.0,30.0,0.0,0.0,0.0,0.0,172.0,428.0,0.0,23.0,18198.0,0.0,0.0,0.0,0.0,0.0,27.0,0.0,0.0,0.0,0.0,0.0,0.0,42.0,45.0,20.0,101.0,126.0,0.0,0.0,0.0,0.0,0.0,0.0,0.0,0.0,108.0,23.0,0.0,0.0,0.0,0.0,0.0,0.0,0.0,0.0,0.0,0.0,0.0,0.0,0.0,0.0,0.0,0.0,0.0,0.0,0.0,0.0,0.0,0.0,0.0,0.0,0.0,0.0,0.0,0.0,0.0,0.0,0.0,0.0,0.0,0.0,0.0,0.0,0.0,0.0,0.0,0.0,0.0,0.0,0.0,0.0,0.0,0.0,0.0,0.0,0.0,0.0,0.0,0.0,0.0,0.0,0.0,0.0,0.0,0.0,0.0,0.0,0.0,0.0,0.0
262,0.0,0.0,0.0,0.0,0.0,0.0,0.0,12.0,0.0,0.0,0.0,0.0,0.0,0.0,0.0,0.0,0.0,0.0,0.0,0.0,0.0,0.0,0.0,70.0,0.0,0.0,0.0,0.0,0.0,0.0,0.0,0.0,0.0,18.0,0.0,0.0,24.0,0.0,0.0,0.0,0.0,0.0,0.0,0.0,0.0,98.0,0.0,0.0,24.0,27.0,22.0,197.0,50.0,45.0,0.0,8723.0,0.0,21.0,0.0,0.0,16.0,0.0,0.0,0.0,0.0,0.0,0.0,0.0,0.0,0.0,0.0,29.0,0.0,0.0,0.0,0.0,0.0,0.0,0.0,0.0,59.0,0.0,0.0,0.0,50.0,0.0,0.0,0.0,0.0,0.0,0.0,0.0,0.0,11.0,0.0,0.0,0.0,0.0,0.0,0.0,0.0,0.0,0.0,0.0,0.0,0.0,0.0,0.0,0.0,0.0,0.0,0.0,0.0,0.0,0.0,0.0,0.0,0.0,0.0,0.0,0.0,0.0,0.0,0.0,0.0,0.0,0.0,0.0,0.0,0.0,0.0,0.0,0.0,0.0,0.0,0.0,0.0,0.0,0.0,0.0,0.0,0.0,0.0,0.0,0.0
264,0.0,20.0,0.0,0.0,0.0,21.0,23.0,16.0,0.0,0.0,0.0,0.0,0.0,0.0,0.0,0.0,0.0,0.0,0.0,0.0,0.0,0.0,0.0,151.0,0.0,0.0,0.0,0.0,0.0,0.0,0.0,0.0,0.0,42.0,0.0,43.0,0.0,0.0,0.0,0.0,0.0,0.0,0.0,0.0,0.0,38.0,0.0,25.0,46.0,22.0,19.0,66.0,359.0,66.0,0.0,17.0,12519.0,163.0,0.0,0.0,33.0,0.0,0.0,0.0,0.0,0.0,0.0,0.0,45.0,17.0,14.0,25.0,0.0,0.0,19.0,69.0,0.0,0.0,37.0,15.0,97.0,0.0,21.0,0.0,0.0,0.0,0.0,0.0,0.0,0.0,0.0,0.0,0.0,21.0,0.0,0.0,29.0,0.0,0.0,28.0,0.0,0.0,0.0,0.0,0.0,0.0,0.0,0.0,0.0,0.0,0.0,0.0,0.0,0.0,0.0,0.0,0.0,0.0,0.0,0.0,0.0,0.0,0.0,0.0,0.0,0.0,0.0,0.0,0.0,0.0,0.0,0.0,0.0,0.0,0.0,0.0,0.0,0.0,0.0,0.0,0.0,0.0,0.0,0.0,0.0
265,0.0,0.0,0.0,0.0,0.0,0.0,11.0,16.0,0.0,0.0,0.0,0.0,0.0,0.0,0.0,0.0,0.0,0.0,0.0,0.0,0.0,0.0,0.0,31.0,0.0,0.0,0.0,0.0,0.0,0.0,0.0,0.0,0.0,0.0,0.0,59.0,0.0,0.0,0.0,0.0,0.0,0.0,0.0,0.0,0.0,39.0,0.0,38.0,55.0,81.0,0.0,42.0,41.0,15.0,0.0,14.0,48.0,9317.0,0.0,0.0,0.0,0.0,0.0,0.0,0.0,0.0,0.0,0.0,18.0,12.0,0.0,0.0,0.0,0.0,34.0,63.0,11.0,0.0,0.0,32.0,24.0,0.0,16.0,0.0,0.0,0.0,0.0,0.0,0.0,17.0,0.0,12.0,0.0,50.0,0.0,0.0,29.0,11.0,13.0,36.0,0.0,0.0,0.0,0.0,0.0,0.0,0.0,0.0,0.0,14.0,0.0,0.0,0.0,0.0,0.0,0.0,0.0,0.0,0.0,0.0,0.0,0.0,0.0,0.0,0.0,0.0,0.0,0.0,0.0,0.0,0.0,0.0,0.0,0.0,0.0,0.0,0.0,0.0,0.0,0.0,0.0,12.0,0.0,0.0,0.0
266,0.0,0.0,0.0,0.0,0.0,0.0,0.0,0.0,0.0,0.0,0.0,0.0,0.0,0.0,0.0,0.0,27.0,0.0,0.0,58.0,269.0,218.0,0.0,49.0,0.0,0.0,0.0,0.0,0.0,0.0,0.0,0.0,0.0,0.0,0.0,0.0,0.0,0.0,22.0,13.0,134.0,0.0,0.0,23.0,0.0,23.0,0.0,19.0,48.0,63.0,0.0,452.0,14.0,13.0,11.0,16.0,0.0,0.0,33464.0,0.0,0.0,0.0,0.0,0.0,0.0,0.0,0.0,0.0,0.0,215.0,0.0,141.0,0.0,405.0,46.0,0.0,18.0,0.0,0.0,0.0,92.0,0.0,14.0,0.0,0.0,0.0,0.0,0.0,0.0,0.0,0.0,0.0,0.0,12.0,0.0,0.0,54.0,47.0,22.0,200.0,0.0,0.0,0.0,0.0,0.0,0.0,0.0,0.0,0.0,0.0,0.0,0.0,0.0,0.0,0.0,0.0,0.0,0.0,0.0,0.0,0.0,0.0,0.0,0.0,0.0,0.0,0.0,0.0,0.0,0.0,0.0,0.0,0.0,0.0,0.0,0.0,0.0,0.0,0.0,0.0,0.0,0.0,0.0,0.0,0.0
267,0.0,0.0,0.0,0.0,0.0,0.0,0.0,0.0,0.0,0.0,0.0,0.0,0.0,0.0,0.0,0.0,0.0,0.0,0.0,0.0,0.0,0.0,73.0,0.0,0.0,0.0,0.0,0.0,0.0,0.0,0.0,0.0,0.0,0.0,0.0,0.0,0.0,0.0,0.0,0.0,0.0,0.0,0.0,0.0,0.0,0.0,0.0,0.0,0.0,0.0,0.0,0.0,0.0,0.0,0.0,0.0,0.0,0.0,0.0,3341.0,0.0,0.0,0.0,0.0,0.0,0.0,0.0,0.0,0.0,0.0,0.0,0.0,0.0,0.0,11.0,0.0,0.0,0.0,0.0,0.0,0.0,0.0,0.0,0.0,0.0,0.0,0.0,0.0,0.0,0.0,0.0,0.0,0.0,0.0,0.0,0.0,0.0,0.0,0.0,0.0,0.0,0.0,0.0,0.0,0.0,0.0,0.0,0.0,0.0,0.0,0.0,0.0,0.0,0.0,0.0,0.0,0.0,0.0,0.0,0.0,0.0,0.0,0.0,0.0,0.0,0.0,0.0,0.0,0.0,0.0,0.0,0.0,0.0,0.0,0.0,0.0,0.0,0.0,0.0,0.0,0.0,0.0,0.0,0.0,0.0
311,0.0,37.0,30.0,19.0,70.0,0.0,167.0,177.0,40.0,85.0,79.0,380.0,32.0,352.0,289.0,0.0,0.0,0.0,0.0,0.0,0.0,0.0,0.0,25.0,0.0,0.0,0.0,13.0,0.0,29.0,109.0,0.0,31.0,3969.0,310.0,76.0,81.0,0.0,0.0,0.0,0.0,0.0,0.0,0.0,0.0,18.0,16.0,0.0,22.0,11.0,111.0,413.0,90.0,794.0,13.0,0.0,14.0,0.0,0.0,0.0,76916.0,575.0,30.0,313.0,0.0,0.0,0.0,70.0,791.0,126.0,70.0,172.0,0.0,0.0,0.0,0.0,18.0,0.0,323.0,0.0,305.0,0.0,96.0,184.0,0.0,0.0,0.0,0.0,0.0,0.0,0.0,145.0,0.0,69.0,0.0,0.0,18.0,0.0,13.0,43.0,0.0,26.0,24.0,0.0,20.0,0.0,0.0,128.0,99.0,32.0,67.0,171.0,345.0,25.0,0.0,264.0,125.0,14.0,0.0,0.0,0.0,28.0,61.0,25.0,0.0,18.0,36.0,16.0,269.0,233.0,27.0,0.0,27.0,37.0,0.0,18.0,0.0,0.0,0.0,0.0,0.0,0.0,0.0,0.0,14.0
312,0.0,22.0,0.0,0.0,20.0,0.0,29.0,37.0,0.0,25.0,0.0,43.0,0.0,652.0,259.0,0.0,0.0,0.0,0.0,0.0,0.0,0.0,0.0,15.0,0.0,0.0,0.0,0.0,0.0,22.0,0.0,0.0,0.0,163.0,14.0,0.0,0.0,0.0,0.0,0.0,0.0,0.0,0.0,0.0,0.0,0.0,0.0,0.0,0.0,0.0,0.0,30.0,0.0,54.0,0.0,0.0,0.0,0.0,0.0,0.0,651.0,15710.0,0.0,15.0,0.0,0.0,0.0,0.0,148.0,30.0,0.0,30.0,0.0,0.0,0.0,0.0,0.0,0.0,61.0,0.0,53.0,0.0,68.0,111.0,0.0,0.0,0.0,0.0,0.0,0.0,0.0,25.0,0.0,77.0,0.0,0.0,0.0,0.0,0.0,12.0,0.0,0.0,12.0,0.0,0.0,11.0,0.0,266.0,54.0,29.0,32.0,25.0,48.0,0.0,14.0,22.0,16.0,20.0,0.0,0.0,19.0,0.0,11.0,13.0,0.0,18.0,14.0,0.0,35.0,54.0,0.0,0.0,12.0,38.0,0.0,0.0,0.0,0.0,13.0,0.0,0.0,0.0,0.0,0.0,0.0
315,0.0,0.0,0.0,0.0,0.0,0.0,0.0,0.0,0.0,0.0,0.0,0.0,0.0,0.0,0.0,0.0,0.0,0.0,0.0,0.0,0.0,0.0,0.0,12.0,0.0,0.0,0.0,0.0,0.0,0.0,0.0,0.0,0.0,18.0,0.0,0.0,0.0,0.0,0.0,0.0,0.0,0.0,0.0,0.0,0.0,0.0,0.0,0.0,0.0,0.0,0.0,0.0,0.0,0.0,0.0,0.0,0.0,0.0,0.0,0.0,16.0,0.0,4392.0,0.0,0.0,0.0,0.0,0.0,0.0,0.0,0.0,12.0,0.0,0.0,0.0,0.0,0.0,0.0,0.0,0.0,0.0,0.0,0.0,0.0,0.0,0.0,0.0,0.0,0.0,0.0,0.0,0.0,0.0,0.0,0.0,0.0,0.0,0.0,0.0,0.0,0.0,0.0,0.0,0.0,0.0,0.0,0.0,0.0,0.0,0.0,0.0,0.0,14.0,0.0,0.0,0.0,0.0,0.0,0.0,0.0,0.0,0.0,0.0,0.0,0.0,0.0,0.0,0.0,0.0,0.0,0.0,0.0,0.0,0.0,179.0,0.0,0.0,0.0,0.0,0.0,0.0,0.0,0.0,0.0,0.0
321,0.0,0.0,0.0,0.0,0.0,0.0,0.0,14.0,0.0,0.0,33.0,11.0,0.0,0.0,31.0,0.0,0.0,0.0,0.0,61.0,0.0,0.0,0.0,0.0,0.0,0.0,0.0,0.0,0.0,32.0,105.0,27.0,67.0,235.0,0.0,0.0,15.0,51.0,20.0,0.0,12.0,0.0,0.0,0.0,455.0,330.0,0.0,0.0,19.0,0.0,0.0,117.0,0.0,81.0,0.0,0.0,0.0,0.0,0.0,0.0,840.0,0.0,0.0,21551.0,0.0,116.0,0.0,0.0,38.0,0.0,14.0,63.0,0.0,0.0,0.0,0.0,0.0,0.0,20.0,0.0,63.0,0.0,23.0,25.0,0.0,0.0,0.0,0.0,0.0,13.0,0.0,0.0,0.0,89.0,0.0,0.0,16.0,23.0,11.0,66.0,0.0,0.0,0.0,11.0,0.0,0.0,0.0,0.0,0.0,0.0,0.0,0.0,15.0,0.0,0.0,0.0,0.0,0.0,0.0,0.0,0.0,0.0,19.0,0.0,0.0,0.0,14.0,0.0,21.0,0.0,0.0,0.0,0.0,0.0,0.0,0.0,0.0,0.0,0.0,0.0,0.0,0.0,0.0,0.0,0.0
323,0.0,0.0,0.0,0.0,0.0,0.0,0.0,0.0,0.0,0.0,0.0,0.0,0.0,0.0,0.0,0.0,0.0,0.0,0.0,0.0,0.0,0.0,0.0,0.0,0.0,0.0,0.0,0.0,0.0,0.0,0.0,0.0,0.0,0.0,0.0,0.0,0.0,0.0,0.0,0.0,0.0,0.0,0.0,0.0,0.0,0.0,0.0,0.0,0.0,0.0,0.0,0.0,0.0,0.0,0.0,0.0,0.0,0.0,0.0,0.0,0.0,0.0,0.0,0.0,522.0,0.0,0.0,0.0,0.0,0.0,0.0,0.0,0.0,0.0,0.0,0.0,0.0,0.0,0.0,0.0,0.0,0.0,0.0,0.0,0.0,0.0,0.0,0.0,0.0,0.0,0.0,0.0,0.0,0.0,0.0,0.0,0.0,0.0,0.0,0.0,0.0,0.0,0.0,0.0,0.0,0.0,0.0,0.0,0.0,0.0,0.0,0.0,0.0,0.0,0.0,0.0,0.0,0.0,0.0,0.0,0.0,0.0,0.0,0.0,0.0,0.0,0.0,0.0,0.0,0.0,0.0,0.0,0.0,0.0,0.0,0.0,0.0,0.0,0.0,0.0,0.0,0.0,0.0,0.0,0.0
324,0.0,0.0,0.0,0.0,0.0,0.0,0.0,0.0,0.0,0.0,0.0,0.0,0.0,0.0,0.0,0.0,0.0,0.0,0.0,0.0,0.0,0.0,0.0,0.0,0.0,0.0,0.0,0.0,0.0,0.0,0.0,0.0,0.0,0.0,0.0,0.0,0.0,0.0,0.0,0.0,0.0,22.0,0.0,0.0,0.0,0.0,0.0,0.0,0.0,0.0,0.0,0.0,0.0,0.0,0.0,0.0,0.0,0.0,0.0,0.0,0.0,0.0,0.0,0.0,0.0,1764.0,0.0,0.0,0.0,0.0,0.0,0.0,0.0,0.0,0.0,0.0,0.0,0.0,0.0,0.0,15.0,0.0,0.0,0.0,0.0,0.0,0.0,0.0,0.0,0.0,0.0,0.0,0.0,0.0,0.0,0.0,0.0,0.0,0.0,0.0,0.0,0.0,0.0,30.0,0.0,0.0,0.0,0.0,0.0,0.0,0.0,0.0,0.0,0.0,0.0,0.0,0.0,0.0,0.0,0.0,0.0,0.0,0.0,0.0,0.0,0.0,0.0,0.0,0.0,0.0,0.0,0.0,0.0,0.0,0.0,0.0,0.0,0.0,0.0,0.0,0.0,0.0,0.0,0.0,0.0
325,0.0,0.0,0.0,0.0,0.0,0.0,0.0,0.0,0.0,0.0,0.0,0.0,0.0,0.0,0.0,0.0,0.0,0.0,0.0,16.0,0.0,0.0,0.0,0.0,0.0,0.0,0.0,0.0,0.0,0.0,0.0,0.0,0.0,0.0,0.0,0.0,0.0,0.0,0.0,0.0,0.0,0.0,0.0,0.0,0.0,0.0,0.0,0.0,0.0,0.0,0.0,0.0,0.0,0.0,0.0,0.0,0.0,0.0,0.0,0.0,0.0,0.0,0.0,0.0,0.0,0.0,3418.0,0.0,0.0,0.0,0.0,0.0,0.0,0.0,0.0,0.0,0.0,0.0,0.0,0.0,0.0,0.0,0.0,0.0,0.0,0.0,0.0,0.0,0.0,0.0,0.0,0.0,0.0,0.0,0.0,0.0,0.0,0.0,0.0,0.0,27.0,0.0,0.0,0.0,0.0,0.0,0.0,0.0,0.0,0.0,0.0,0.0,0.0,0.0,0.0,0.0,0.0,0.0,0.0,0.0,0.0,0.0,0.0,0.0,0.0,0.0,0.0,0.0,0.0,0.0,0.0,0.0,0.0,0.0,0.0,0.0,0.0,0.0,0.0,0.0,0.0,0.0,0.0,0.0,0.0
331,0.0,22.0,494.0,19.0,18.0,0.0,46.0,53.0,0.0,0.0,0.0,0.0,0.0,11.0,0.0,0.0,0.0,0.0,0.0,0.0,0.0,0.0,0.0,0.0,308.0,0.0,0.0,12.0,0.0,0.0,0.0,0.0,0.0,30.0,0.0,0.0,0.0,0.0,11.0,0.0,0.0,0.0,0.0,0.0,0.0,0.0,0.0,11.0,34.0,12.0,1629.0,436.0,80.0,155.0,100.0,0.0,0.0,0.0,0.0,0.0,49.0,0.0,0.0,0.0,0.0,0.0,0.0,45874.0,465.0,109.0,44.0,222.0,0.0,0.0,29.0,74.0,0.0,0.0,40.0,0.0,1417.0,16.0,117.0,13.0,0.0,0.0,0.0,0.0,0.0,14.0,0.0,0.0,0.0,89.0,60.0,14.0,28.0,12.0,14.0,34.0,0.0,11.0,13.0,0.0,0.0,0.0,0.0,0.0,0.0,0.0,0.0,0.0,0.0,0.0,0.0,0.0,0.0,0.0,0.0,0.0,0.0,0.0,0.0,0.0,0.0,0.0,0.0,0.0,0.0,0.0,0.0,0.0,0.0,0.0,0.0,12.0,0.0,0.0,0.0,0.0,0.0,20.0,0.0,0.0,0.0
332,0.0,176.0,97.0,47.0,85.0,43.0,1758.0,278.0,87.0,378.0,43.0,73.0,15.0,158.0,147.0,14.0,0.0,0.0,12.0,15.0,0.0,0.0,0.0,51.0,32.0,0.0,20.0,141.0,18.0,146.0,0.0,13.0,56.0,504.0,20.0,79.0,19.0,0.0,24.0,14.0,0.0,0.0,0.0,0.0,15.0,0.0,22.0,13.0,91.0,24.0,387.0,663.0,617.0,581.0,48.0,14.0,39.0,22.0,16.0,0.0,693.0,120.0,0.0,43.0,0.0,0.0,0.0,502.0,102607.0,321.0,196.0,156.0,0.0,23.0,97.0,47.0,39.0,0.0,256.0,20.0,1406.0,0.0,530.0,431.0,0.0,17.0,0.0,12.0,26.0,45.0,19.0,47.0,15.0,1305.0,30.0,345.0,96.0,29.0,38.0,104.0,0.0,60.0,30.0,25.0,18.0,14.0,0.0,73.0,46.0,16.0,17.0,54.0,172.0,0.0,25.0,33.0,44.0,12.0,11.0,0.0,0.0,0.0,0.0,12.0,0.0,15.0,0.0,0.0,15.0,83.0,0.0,23.0,91.0,39.0,0.0,24.0,0.0,0.0,0.0,16.0,15.0,50.0,0.0,17.0,38.0
333,0.0,21.0,18.0,18.0,19.0,18.0,70.0,90.0,0.0,36.0,0.0,12.0,160.0,17.0,14.0,0.0,0.0,0.0,0.0,0.0,25.0,40.0,0.0,133.0,0.0,0.0,0.0,0.0,0.0,38.0,0.0,37.0,0.0,76.0,20.0,27.0,11.0,0.0,0.0,0.0,0.0,0.0,0.0,36.0,0.0,12.0,0.0,25.0,115.0,240.0,96.0,568.0,167.0,50.0,11.0,0.0,16.0,35.0,439.0,0.0,131.0,23.0,0.0,0.0,0.0,0.0,0.0,84.0,351.0,28183.0,50.0,170.0,0.0,193.0,67.0,21.0,36.0,0.0,34.0,0.0,458.0,0.0,145.0,124.0,0.0,0.0,0.0,0.0,0.0,12.0,0.0,82.0,0.0,81.0,0.0,0.0,78.0,49.0,38.0,228.0,0.0,24.0,0.0,0.0,0.0,0.0,0.0,22.0,0.0,0.0,0.0,0.0,43.0,0.0,0.0,0.0,0.0,13.0,0.0,0.0,0.0,0.0,0.0,0.0,0.0,0.0,0.0,0.0,0.0,17.0,0.0,0.0,23.0,0.0,0.0,17.0,0.0,0.0,0.0,0.0,0.0,25.0,0.0,0.0,17.0
334,0.0,11.0,18.0,23.0,23.0,0.0,37.0,119.0,0.0,16.0,0.0,0.0,0.0,15.0,11.0,0.0,0.0,0.0,11.0,11.0,0.0,0.0,0.0,24.0,0.0,0.0,0.0,0.0,0.0,18.0,0.0,0.0,0.0,64.0,0.0,0.0,0.0,0.0,0.0,0.0,0.0,0.0,0.0,0.0,0.0,0.0,0.0,0.0,11.0,0.0,95.0,223.0,85.0,69.0,149.0,0.0,0.0,13.0,13.0,0.0,72.0,17.0,0.0,0.0,0.0,0.0,0.0,59.0,111.0,48.0,8163.0,132.0,0.0,0.0,13.0,15.0,23.0,0.0,20.0,0.0,345.0,0.0,84.0,41.0,0.0,0.0,0.0,0.0,0.0,0.0,0.0,0.0,0.0,29.0,0.0,0.0,0.0,11.0,0.0,12.0,0.0,19.0,0.0,0.0,0.0,0.0,0.0,0.0,0.0,0.0,0.0,0.0,0.0,0.0,0.0,0.0,0.0,0.0,0.0,0.0,0.0,0.0,0.0,0.0,0.0,0.0,0.0,0.0,0.0,0.0,0.0,0.0,0.0,0.0,0.0,0.0,0.0,0.0,0.0,0.0,0.0,0.0,0.0,0.0,0.0
335,0.0,0.0,21.0,18.0,597.0,0.0,34.0,84.0,75.0,0.0,0.0,29.0,0.0,14.0,13.0,0.0,0.0,0.0,17.0,0.0,0.0,41.0,0.0,170.0,0.0,0.0,0.0,0.0,0.0,24.0,0.0,35.0,16.0,153.0,64.0,0.0,70.0,46.0,0.0,0.0,0.0,0.0,0.0,30.0,0.0,96.0,0.0,14.0,40.0,74.0,421.0,1779.0,156.0,303.0,241.0,54.0,20.0,0.0,206.0,0.0,209.0,27.0,11.0,25.0,0.0,0.0,0.0,118.0,123.0,185.0,134.0,34290.0,74.0,32.0,28.0,36.0,54.0,0.0,74.0,11.0,861.0,15.0,1788.0,45.0,11.0,0.0,0.0,0.0,0.0,0.0,0.0,17.0,0.0,50.0,0.0,0.0,20.0,31.0,15.0,63.0,0.0,145.0,0.0,0.0,0.0,0.0,0.0,23.0,15.0,0.0,0.0,0.0,22.0,0.0,0.0,0.0,0.0,0.0,0.0,0.0,0.0,0.0,0.0,0.0,0.0,0.0,0.0,0.0,19.0,22.0,0.0,0.0,17.0,0.0,0.0,0.0,0.0,0.0,0.0,0.0,0.0,0.0,0.0,0.0,33.0
336,0.0,0.0,0.0,0.0,0.0,0.0,0.0,12.0,0.0,0.0,0.0,0.0,0.0,0.0,0.0,0.0,0.0,0.0,0.0,0.0,0.0,0.0,0.0,568.0,0.0,0.0,0.0,0.0,0.0,0.0,0.0,0.0,0.0,0.0,0.0,0.0,0.0,0.0,0.0,0.0,0.0,0.0,0.0,0.0,0.0,46.0,0.0,0.0,0.0,19.0,0.0,333.0,0.0,0.0,0.0,0.0,0.0,0.0,11.0,0.0,0.0,0.0,0.0,11.0,0.0,0.0,0.0,24.0,0.0,0.0,0.0,141.0,14086.0,0.0,0.0,0.0,0.0,0.0,0.0,0.0,12.0,0.0,0.0,0.0,0.0,0.0,0.0,0.0,0.0,0.0,0.0,0.0,0.0,0.0,0.0,0.0,0.0,0.0,0.0,0.0,0.0,14.0,0.0,0.0,0.0,0.0,0.0,0.0,0.0,0.0,0.0,0.0,0.0,0.0,0.0,0.0,0.0,0.0,0.0,0.0,0.0,0.0,0.0,0.0,0.0,0.0,0.0,0.0,0.0,0.0,0.0,0.0,0.0,0.0,0.0,0.0,0.0,0.0,0.0,0.0,0.0,0.0,0.0,0.0,0.0
341,0.0,0.0,0.0,0.0,0.0,0.0,0.0,0.0,0.0,0.0,0.0,0.0,0.0,0.0,0.0,0.0,0.0,0.0,0.0,36.0,89.0,69.0,0.0,27.0,0.0,0.0,0.0,0.0,0.0,0.0,0.0,0.0,0.0,0.0,0.0,0.0,0.0,0.0,19.0,0.0,48.0,0.0,0.0,24.0,0.0,0.0,0.0,36.0,262.0,127.0,13.0,192.0,23.0,14.0,0.0,0.0,20.0,0.0,1010.0,16.0,15.0,0.0,0.0,0.0,0.0,0.0,0.0,0.0,24.0,318.0,12.0,94.0,0.0,17665.0,115.0,0.0,20.0,0.0,0.0,0.0,182.0,0.0,29.0,36.0,0.0,17.0,0.0,0.0,20.0,11.0,0.0,27.0,0.0,58.0,0.0,0.0,284.0,248.0,146.0,1262.0,0.0,132.0,0.0,0.0,0.0,0.0,0.0,26.0,0.0,0.0,0.0,31.0,0.0,0.0,0.0,0.0,0.0,0.0,0.0,0.0,0.0,0.0,0.0,0.0,0.0,0.0,0.0,0.0,0.0,21.0,0.0,13.0,26.0,0.0,0.0,27.0,0.0,0.0,0.0,0.0,0.0,38.0,0.0,0.0,0.0
342,0.0,0.0,0.0,0.0,0.0,0.0,0.0,14.0,0.0,0.0,0.0,0.0,0.0,0.0,0.0,0.0,13.0,0.0,0.0,0.0,11.0,0.0,0.0,42.0,0.0,0.0,0.0,0.0,52.0,11.0,0.0,0.0,0.0,11.0,0.0,0.0,0.0,0.0,15.0,0.0,0.0,0.0,0.0,48.0,0.0,11.0,13.0,64.0,490.0,124.0,17.0,189.0,35.0,16.0,0.0,0.0,11.0,25.0,77.0,27.0,20.0,0.0,0.0,11.0,0.0,0.0,0.0,32.0,107.0,59.0,16.0,20.0,0.0,108.0,16828.0,11.0,27.0,13.0,17.0,0.0,232.0,0.0,81.0,66.0,0.0,16.0,0.0,12.0,11.0,21.0,24.0,41.0,0.0,199.0,14.0,0.0,617.0,39.0,56.0,249.0,0.0,97.0,12.0,46.0,0.0,0.0,0.0,44.0,0.0,0.0,0.0,0.0,0.0,0.0,0.0,15.0,0.0,0.0,0.0,0.0,0.0,0.0,0.0,0.0,0.0,0.0,0.0,0.0,0.0,29.0,0.0,0.0,16.0,0.0,0.0,12.0,0.0,0.0,0.0,0.0,0.0,49.0,0.0,0.0,19.0
343,0.0,0.0,0.0,0.0,0.0,20.0,0.0,11.0,0.0,0.0,0.0,0.0,0.0,0.0,0.0,0.0,0.0,0.0,0.0,0.0,0.0,0.0,0.0,0.0,0.0,0.0,0.0,14.0,0.0,0.0,0.0,0.0,0.0,21.0,28.0,73.0,0.0,0.0,0.0,0.0,0.0,0.0,0.0,0.0,0.0,0.0,0.0,13.0,25.0,11.0,30.0,28.0,87.0,26.0,0.0,0.0,179.0,88.0,0.0,0.0,21.0,0.0,0.0,0.0,0.0,0.0,0.0,26.0,75.0,23.0,14.0,14.0,0.0,0.0,18.0,6445.0,0.0,0.0,23.0,48.0,136.0,0.0,29.0,15.0,0.0,0.0,0.0,0.0,0.0,0.0,0.0,0.0,0.0,487.0,0.0,0.0,25.0,0.0,14.0,36.0,0.0,0.0,0.0,0.0,0.0,0.0,0.0,18.0,0.0,0.0,0.0,0.0,0.0,0.0,0.0,0.0,0.0,0.0,0.0,0.0,0.0,0.0,0.0,0.0,0.0,0.0,0.0,0.0,0.0,0.0,0.0,0.0,0.0,0.0,0.0,0.0,0.0,0.0,0.0,0.0,0.0,0.0,0.0,0.0,11.0
344,0.0,0.0,0.0,0.0,0.0,0.0,0.0,0.0,0.0,0.0,0.0,0.0,0.0,0.0,0.0,0.0,15.0,0.0,27.0,0.0,0.0,0.0,0.0,0.0,0.0,0.0,0.0,0.0,0.0,0.0,0.0,0.0,0.0,17.0,0.0,0.0,0.0,0.0,0.0,0.0,0.0,0.0,0.0,0.0,0.0,0.0,70.0,41.0,66.0,127.0,0.0,124.0,20.0,28.0,0.0,0.0,18.0,0.0,23.0,0.0,26.0,0.0,0.0,0.0,0.0,0.0,0.0,0.0,39.0,64.0,17.0,68.0,0.0,17.0,17.0,0.0,4826.0,0.0,12.0,0.0,77.0,0.0,12.0,0.0,0.0,0.0,0.0,0.0,0.0,0.0,0.0,0.0,0.0,28.0,0.0,0.0,28.0,0.0,0.0,31.0,0.0,20.0,0.0,0.0,0.0,0.0,0.0,0.0,0.0,0.0,0.0,0.0,0.0,0.0,0.0,0.0,0.0,0.0,0.0,0.0,0.0,0.0,0.0,0.0,0.0,0.0,0.0,0.0,0.0,0.0,0.0,0.0,22.0,0.0,0.0,0.0,0.0,0.0,0.0,0.0,0.0,0.0,0.0,0.0,0.0
345,0.0,0.0,0.0,0.0,0.0,0.0,0.0,0.0,0.0,0.0,0.0,0.0,0.0,0.0,0.0,0.0,0.0,0.0,0.0,0.0,0.0,0.0,0.0,22.0,0.0,0.0,113.0,0.0,0.0,0.0,0.0,0.0,0.0,0.0,0.0,0.0,0.0,0.0,0.0,0.0,0.0,0.0,0.0,0.0,0.0,0.0,0.0,0.0,0.0,0.0,0.0,15.0,0.0,0.0,0.0,0.0,0.0,0.0,0.0,0.0,0.0,0.0,0.0,0.0,0.0,0.0,0.0,0.0,11.0,0.0,0.0,0.0,0.0,0.0,0.0,0.0,0.0,2501.0,0.0,0.0,11.0,0.0,0.0,0.0,0.0,0.0,0.0,0.0,270.0,18.0,0.0,16.0,0.0,17.0,0.0,0.0,0.0,0.0,0.0,0.0,0.0,0.0,0.0,0.0,0.0,0.0,0.0,0.0,0.0,0.0,0.0,0.0,0.0,0.0,0.0,0.0,0.0,0.0,0.0,0.0,0.0,0.0,0.0,0.0,0.0,0.0,0.0,0.0,0.0,0.0,0.0,0.0,0.0,0.0,0.0,0.0,0.0,0.0,0.0,0.0,0.0,56.0,0.0,0.0,0.0
351,0.0,0.0,0.0,0.0,0.0,0.0,66.0,65.0,225.0,11.0,0.0,15.0,0.0,54.0,0.0,0.0,0.0,0.0,0.0,0.0,0.0,0.0,0.0,11.0,0.0,0.0,0.0,0.0,0.0,0.0,0.0,0.0,19.0,252.0,0.0,71.0,0.0,0.0,0.0,0.0,0.0,0.0,0.0,0.0,0.0,0.0,0.0,0.0,24.0,18.0,38.0,192.0,199.0,2674.0,0.0,0.0,29.0,0.0,0.0,0.0,354.0,273.0,0.0,24.0,0.0,0.0,0.0,47.0,324.0,21.0,59.0,96.0,0.0,0.0,16.0,15.0,13.0,0.0,35028.0,15.0,289.0,0.0,194.0,50.0,0.0,0.0,0.0,0.0,0.0,0.0,0.0,37.0,0.0,73.0,0.0,0.0,21.0,0.0,12.0,25.0,0.0,24.0,0.0,0.0,0.0,0.0,0.0,15.0,0.0,0.0,0.0,18.0,31.0,0.0,0.0,69.0,162.0,0.0,0.0,0.0,0.0,0.0,0.0,0.0,0.0,0.0,0.0,0.0,29.0,34.0,0.0,0.0,15.0,0.0,0.0,0.0,0.0,0.0,0.0,0.0,0.0,13.0,0.0,0.0,22.0
352,0.0,0.0,0.0,0.0,0.0,0.0,0.0,0.0,0.0,0.0,0.0,0.0,0.0,0.0,0.0,0.0,0.0,0.0,0.0,0.0,0.0,0.0,0.0,0.0,0.0,0.0,0.0,0.0,0.0,0.0,0.0,0.0,0.0,0.0,0.0,0.0,0.0,0.0,0.0,0.0,0.0,0.0,0.0,0.0,0.0,0.0,0.0,0.0,0.0,0.0,0.0,16.0,14.0,23.0,0.0,0.0,17.0,31.0,0.0,0.0,29.0,0.0,0.0,0.0,0.0,0.0,0.0,0.0,20.0,16.0,0.0,76.0,0.0,0.0,0.0,37.0,0.0,0.0,27.0,2842.0,33.0,0.0,24.0,13.0,0.0,0.0,0.0,0.0,0.0,0.0,0.0,0.0,0.0,0.0,0.0,0.0,0.0,0.0,0.0,0.0,0.0,0.0,0.0,0.0,0.0,0.0,0.0,0.0,0.0,0.0,0.0,0.0,0.0,0.0,0.0,0.0,0.0,0.0,0.0,0.0,0.0,0.0,0.0,0.0,0.0,0.0,0.0,0.0,0.0,0.0,0.0,0.0,0.0,0.0,0.0,0.0,0.0,0.0,0.0,0.0,0.0,0.0,0.0,0.0,0.0
411,0.0,36.0,291.0,128.0,73.0,30.0,216.0,348.0,31.0,93.0,0.0,34.0,16.0,64.0,53.0,0.0,38.0,15.0,12.0,117.0,35.0,81.0,0.0,94.0,14.0,16.0,27.0,43.0,11.0,38.0,18.0,17.0,21.0,348.0,26.0,96.0,57.0,22.0,68.0,18.0,0.0,0.0,0.0,20.0,16.0,60.0,21.0,44.0,276.0,102.0,1102.0,2554.0,715.0,497.0,166.0,90.0,84.0,122.0,148.0,0.0,612.0,91.0,0.0,75.0,0.0,0.0,0.0,1887.0,1982.0,702.0,572.0,1266.0,31.0,85.0,194.0,101.0,82.0,11.0,324.0,47.0,128423.0,40.0,1383.0,422.0,52.0,26.0,0.0,23.0,27.0,65.0,45.0,115.0,35.0,633.0,44.0,82.0,290.0,324.0,149.0,625.0,21.0,146.0,42.0,30.0,23.0,13.0,0.0,48.0,23.0,35.0,15.0,38.0,48.0,0.0,29.0,18.0,18.0,0.0,0.0,11.0,0.0,0.0,0.0,13.0,0.0,11.0,0.0,12.0,25.0,77.0,0.0,22.0,46.0,32.0,0.0,90.0,15.0,0.0,0.0,32.0,16.0,141.0,0.0,0.0,91.0
421,0.0,0.0,0.0,0.0,0.0,0.0,0.0,0.0,0.0,0.0,0.0,0.0,0.0,0.0,0.0,0.0,0.0,0.0,0.0,0.0,0.0,0.0,0.0,0.0,0.0,0.0,0.0,0.0,0.0,0.0,0.0,0.0,0.0,0.0,0.0,0.0,0.0,0.0,0.0,0.0,0.0,0.0,0.0,0.0,0.0,0.0,0.0,0.0,0.0,0.0,18.0,13.0,0.0,0.0,63.0,0.0,0.0,0.0,0.0,0.0,0.0,0.0,0.0,0.0,0.0,0.0,0.0,17.0,21.0,0.0,0.0,17.0,0.0,0.0,0.0,0.0,0.0,0.0,0.0,0.0,20.0,1100.0,15.0,0.0,0.0,0.0,0.0,0.0,0.0,0.0,0.0,0.0,0.0,25.0,0.0,0.0,12.0,0.0,0.0,0.0,0.0,0.0,0.0,0.0,0.0,0.0,0.0,0.0,0.0,0.0,0.0,0.0,0.0,0.0,0.0,0.0,0.0,0.0,0.0,0.0,0.0,0.0,0.0,0.0,0.0,0.0,0.0,0.0,0.0,0.0,0.0,0.0,0.0,0.0,0.0,0.0,0.0,0.0,0.0,0.0,0.0,0.0,0.0,0.0,0.0
422,0.0,0.0,0.0,17.0,15.0,0.0,62.0,140.0,12.0,26.0,0.0,0.0,0.0,0.0,0.0,0.0,0.0,0.0,0.0,0.0,0.0,0.0,0.0,19.0,0.0,77.0,22.0,0.0,32.0,42.0,0.0,0.0,18.0,83.0,0.0,23.0,16.0,0.0,17.0,0.0,0.0,0.0,0.0,0.0,0.0,0.0,0.0,15.0,192.0,53.0,136.0,383.0,204.0,240.0,28.0,20.0,33.0,16.0,29.0,0.0,264.0,16.0,0.0,24.0,0.0,11.0,0.0,497.0,929.0,251.0,270.0,352.0,0.0,33.0,173.0,39.0,37.0,0.0,350.0,31.0,2088.0,27.0,40731.0,283.0,11.0,31.0,0.0,72.0,41.0,174.0,32.0,68.0,55.0,745.0,77.0,133.0,265.0,95.0,131.0,225.0,31.0,148.0,14.0,17.0,12.0,0.0,0.0,35.0,12.0,13.0,0.0,39.0,41.0,0.0,0.0,17.0,17.0,0.0,0.0,0.0,0.0,12.0,0.0,12.0,0.0,13.0,11.0,11.0,28.0,83.0,0.0,23.0,43.0,22.0,0.0,99.0,11.0,0.0,0.0,23.0,24.0,219.0,0.0,14.0,90.0
432,0.0,12.0,11.0,0.0,18.0,0.0,31.0,217.0,0.0,324.0,0.0,0.0,0.0,32.0,41.0,0.0,0.0,0.0,0.0,0.0,0.0,0.0,0.0,0.0,0.0,0.0,11.0,28.0,0.0,25.0,0.0,0.0,0.0,150.0,0.0,12.0,11.0,0.0,0.0,0.0,0.0,0.0,0.0,0.0,0.0,0.0,0.0,0.0,134.0,29.0,37.0,116.0,47.0,123.0,0.0,0.0,17.0,0.0,14.0,0.0,380.0,121.0,45.0,56.0,0.0,0.0,0.0,76.0,750.0,203.0,48.0,92.0,0.0,52.0,76.0,0.0,12.0,0.0,98.0,14.0,604.0,0.0,324.0,68307.0,0.0,214.0,0.0,24.0,36.0,51.0,15.0,110.0,21.0,830.0,57.0,56.0,197.0,55.0,124.0,189.0,0.0,188.0,54.0,17.0,0.0,16.0,0.0,289.0,90.0,71.0,114.0,469.0,347.0,16.0,36.0,88.0,43.0,58.0,0.0,26.0,28.0,96.0,57.0,142.0,24.0,139.0,71.0,174.0,170.0,812.0,30.0,115.0,425.0,571.0,0.0,81.0,46.0,0.0,66.0,303.0,218.0,127.0,0.0,68.0,229.0
441,0.0,0.0,0.0,0.0,0.0,0.0,0.0,0.0,0.0,0.0,0.0,0.0,0.0,0.0,0.0,0.0,0.0,0.0,0.0,0.0,0.0,0.0,0.0,0.0,0.0,0.0,0.0,0.0,0.0,0.0,0.0,0.0,0.0,0.0,0.0,0.0,0.0,0.0,0.0,0.0,0.0,0.0,0.0,0.0,0.0,0.0,0.0,0.0,0.0,0.0,0.0,19.0,0.0,0.0,0.0,153.0,0.0,0.0,0.0,0.0,0.0,0.0,0.0,0.0,0.0,0.0,0.0,0.0,0.0,0.0,0.0,12.0,0.0,0.0,0.0,0.0,0.0,0.0,0.0,0.0,51.0,0.0,11.0,0.0,2559.0,0.0,0.0,0.0,0.0,0.0,0.0,0.0,0.0,0.0,0.0,0.0,12.0,0.0,0.0,0.0,0.0,0.0,0.0,0.0,0.0,0.0,0.0,0.0,0.0,0.0,0.0,0.0,0.0,0.0,0.0,0.0,0.0,0.0,0.0,0.0,0.0,0.0,0.0,0.0,0.0,0.0,0.0,0.0,0.0,0.0,0.0,0.0,0.0,0.0,0.0,0.0,0.0,0.0,0.0,0.0,0.0,0.0,0.0,0.0,0.0
442,0.0,0.0,0.0,0.0,0.0,0.0,0.0,0.0,0.0,0.0,0.0,0.0,0.0,0.0,23.0,0.0,0.0,0.0,0.0,0.0,0.0,0.0,0.0,15.0,0.0,0.0,0.0,0.0,0.0,0.0,0.0,0.0,0.0,0.0,0.0,0.0,0.0,0.0,0.0,0.0,0.0,0.0,0.0,0.0,0.0,0.0,0.0,0.0,58.0,0.0,0.0,17.0,0.0,16.0,0.0,0.0,0.0,0.0,0.0,0.0,20.0,0.0,0.0,0.0,0.0,0.0,0.0,16.0,27.0,0.0,0.0,11.0,0.0,0.0,13.0,0.0,0.0,0.0,0.0,0.0,52.0,0.0,46.0,188.0,0.0,13004.0,0.0,12.0,0.0,0.0,0.0,22.0,0.0,105.0,13.0,0.0,62.0,24.0,22.0,50.0,0.0,34.0,0.0,0.0,0.0,0.0,0.0,31.0,0.0,0.0,0.0,16.0,13.0,0.0,0.0,12.0,0.0,0.0,0.0,0.0,0.0,0.0,0.0,0.0,0.0,0.0,0.0,0.0,11.0,53.0,0.0,16.0,74.0,24.0,0.0,17.0,0.0,0.0,0.0,14.0,0.0,27.0,0.0,0.0,24.0
443,0.0,0.0,0.0,0.0,0.0,0.0,0.0,0.0,0.0,0.0,0.0,0.0,0.0,0.0,0.0,0.0,0.0,0.0,0.0,0.0,0.0,0.0,0.0,0.0,0.0,0.0,0.0,0.0,0.0,0.0,0.0,0.0,0.0,0.0,0.0,0.0,0.0,0.0,0.0,0.0,0.0,0.0,0.0,0.0,0.0,0.0,0.0,0.0,0.0,0.0,0.0,27.0,0.0,0.0,0.0,0.0,0.0,0.0,0.0,0.0,0.0,0.0,0.0,0.0,0.0,0.0,0.0,0.0,0.0,0.0,0.0,0.0,0.0,0.0,0.0,0.0,0.0,0.0,0.0,0.0,32.0,0.0,0.0,0.0,0.0,0.0,537.0,0.0,0.0,0.0,0.0,0.0,0.0,0.0,0.0,0.0,0.0,0.0,0.0,0.0,0.0,0.0,0.0,0.0,0.0,0.0,0.0,0.0,0.0,0.0,0.0,0.0,0.0,0.0,0.0,0.0,0.0,0.0,0.0,0.0,0.0,0.0,0.0,0.0,0.0,0.0,0.0,0.0,0.0,0.0,0.0,0.0,0.0,0.0,0.0,0.0,0.0,0.0,0.0,0.0,0.0,0.0,0.0,0.0,0.0
511,0.0,0.0,0.0,0.0,0.0,0.0,0.0,15.0,0.0,0.0,0.0,0.0,0.0,0.0,0.0,0.0,0.0,0.0,0.0,0.0,0.0,0.0,0.0,0.0,0.0,0.0,0.0,0.0,0.0,0.0,0.0,0.0,0.0,0.0,0.0,0.0,0.0,0.0,0.0,0.0,0.0,0.0,0.0,0.0,0.0,0.0,0.0,0.0,23.0,0.0,0.0,18.0,0.0,0.0,0.0,0.0,0.0,0.0,0.0,0.0,12.0,0.0,0.0,0.0,0.0,0.0,0.0,0.0,16.0,0.0,0.0,19.0,0.0,0.0,0.0,0.0,0.0,0.0,0.0,0.0,28.0,0.0,68.0,40.0,0.0,0.0,0.0,6565.0,0.0,0.0,0.0,0.0,0.0,41.0,0.0,0.0,20.0,0.0,0.0,20.0,0.0,16.0,0.0,0.0,0.0,0.0,0.0,0.0,0.0,0.0,0.0,0.0,0.0,0.0,0.0,0.0,0.0,0.0,0.0,0.0,0.0,0.0,0.0,0.0,0.0,0.0,0.0,0.0,0.0,0.0,45.0,0.0,0.0,0.0,0.0,0.0,0.0,0.0,0.0,0.0,0.0,0.0,0.0,0.0,0.0
512,0.0,0.0,0.0,0.0,0.0,0.0,0.0,0.0,0.0,0.0,0.0,0.0,0.0,0.0,0.0,0.0,0.0,0.0,0.0,0.0,0.0,0.0,0.0,80.0,0.0,0.0,232.0,0.0,0.0,0.0,0.0,0.0,0.0,0.0,0.0,0.0,0.0,0.0,0.0,0.0,0.0,0.0,0.0,0.0,0.0,0.0,26.0,0.0,75.0,11.0,0.0,23.0,0.0,0.0,0.0,0.0,0.0,0.0,0.0,0.0,0.0,0.0,0.0,0.0,0.0,0.0,0.0,0.0,37.0,11.0,0.0,0.0,0.0,14.0,17.0,0.0,11.0,402.0,0.0,0.0,88.0,0.0,52.0,49.0,0.0,0.0,0.0,13.0,29642.0,293.0,14.0,14.0,0.0,243.0,26.0,14.0,140.0,23.0,88.0,100.0,0.0,26.0,11.0,11.0,0.0,0.0,0.0,33.0,0.0,0.0,0.0,16.0,0.0,0.0,0.0,0.0,0.0,0.0,0.0,58.0,0.0,0.0,0.0,0.0,0.0,15.0,0.0,0.0,0.0,27.0,0.0,16.0,24.0,20.0,0.0,75.0,0.0,0.0,0.0,0.0,0.0,1070.0,0.0,0.0,34.0
513,0.0,0.0,0.0,0.0,0.0,0.0,0.0,0.0,0.0,0.0,0.0,0.0,0.0,0.0,0.0,0.0,0.0,0.0,0.0,0.0,0.0,0.0,0.0,0.0,0.0,17.0,279.0,0.0,0.0,0.0,0.0,0.0,0.0,0.0,0.0,0.0,0.0,0.0,14.0,0.0,0.0,0.0,0.0,0.0,0.0,0.0,0.0,0.0,77.0,17.0,12.0,36.0,29.0,20.0,0.0,0.0,13.0,24.0,0.0,0.0,17.0,11.0,0.0,0.0,0.0,0.0,0.0,51.0,122.0,42.0,12.0,14.0,0.0,17.0,36.0,13.0,0.0,12.0,11.0,0.0,159.0,0.0,264.0,93.0,0.0,16.0,0.0,26.0,295.0,13476.0,30.0,29.0,16.0,539.0,74.0,42.0,271.0,30.0,109.0,122.0,0.0,51.0,0.0,0.0,0.0,0.0,0.0,30.0,0.0,0.0,0.0,19.0,0.0,0.0,0.0,0.0,0.0,0.0,0.0,0.0,0.0,0.0,0.0,0.0,0.0,14.0,0.0,0.0,0.0,45.0,0.0,0.0,19.0,0.0,0.0,79.0,0.0,0.0,0.0,16.0,0.0,680.0,0.0,0.0,30.0
514,0.0,0.0,0.0,0.0,0.0,0.0,0.0,0.0,0.0,0.0,0.0,0.0,0.0,0.0,0.0,0.0,0.0,0.0,0.0,0.0,0.0,0.0,0.0,0.0,0.0,0.0,0.0,0.0,0.0,0.0,0.0,0.0,0.0,0.0,0.0,0.0,0.0,0.0,11.0,0.0,0.0,0.0,0.0,11.0,0.0,0.0,21.0,15.0,51.0,11.0,0.0,15.0,0.0,0.0,0.0,0.0,0.0,0.0,0.0,0.0,0.0,0.0,0.0,0.0,0.0,0.0,0.0,0.0,28.0,0.0,0.0,0.0,0.0,0.0,27.0,0.0,0.0,0.0,0.0,0.0,80.0,0.0,61.0,22.0,0.0,0.0,0.0,0.0,0.0,23.0,17659.0,0.0,0.0,170.0,0.0,0.0,100.0,71.0,59.0,120.0,0.0,17.0,0.0,0.0,0.0,0.0,0.0,0.0,0.0,0.0,0.0,0.0,0.0,0.0,0.0,0.0,0.0,0.0,0.0,0.0,0.0,0.0,0.0,0.0,0.0,0.0,0.0,0.0,0.0,11.0,0.0,0.0,0.0,0.0,0.0,45.0,0.0,0.0,0.0,0.0,0.0,35.0,0.0,0.0,0.0
515,0.0,0.0,0.0,0.0,0.0,0.0,11.0,49.0,0.0,0.0,0.0,0.0,79.0,0.0,0.0,0.0,0.0,0.0,0.0,0.0,0.0,0.0,0.0,35.0,0.0,0.0,0.0,0.0,0.0,0.0,0.0,0.0,0.0,15.0,0.0,0.0,0.0,0.0,0.0,0.0,0.0,0.0,0.0,0.0,0.0,0.0,0.0,0.0,58.0,22.0,0.0,40.0,0.0,13.0,0.0,0.0,0.0,0.0,0.0,0.0,249.0,29.0,0.0,16.0,0.0,0.0,0.0,12.0,45.0,151.0,0.0,20.0,0.0,29.0,55.0,0.0,0.0,12.0,30.0,11.0,248.0,0.0,80.0,106.0,0.0,14.0,0.0,11.0,25.0,14.0,0.0,31101.0,14.0,88.0,0.0,0.0,112.0,24.0,75.0,111.0,0.0,574.0,278.0,15.0,13.0,0.0,0.0,251.0,91.0,39.0,23.0,36.0,50.0,0.0,0.0,58.0,12.0,20.0,0.0,0.0,0.0,0.0,0.0,0.0,11.0,0.0,0.0,0.0,131.0,61.0,0.0,32.0,53.0,36.0,0.0,367.0,13.0,0.0,20.0,15.0,13.0,81.0,0.0,53.0,216.0
516,0.0,0.0,0.0,0.0,0.0,0.0,0.0,0.0,0.0,0.0,0.0,0.0,0.0,0.0,0.0,0.0,0.0,0.0,0.0,0.0,0.0,0.0,0.0,0.0,0.0,0.0,0.0,0.0,0.0,0.0,0.0,0.0,0.0,0.0,0.0,0.0,0.0,0.0,0.0,0.0,0.0,0.0,0.0,0.0,0.0,0.0,0.0,0.0,0.0,0.0,0.0,14.0,0.0,0.0,0.0,0.0,0.0,0.0,0.0,0.0,14.0,21.0,0.0,0.0,0.0,0.0,0.0,0.0,23.0,0.0,0.0,11.0,0.0,0.0,0.0,0.0,0.0,0.0,0.0,0.0,32.0,0.0,41.0,16.0,0.0,0.0,0.0,0.0,0.0,0.0,0.0,15.0,2304.0,23.0,0.0,0.0,0.0,0.0,0.0,15.0,0.0,0.0,0.0,0.0,0.0,0.0,0.0,0.0,0.0,0.0,0.0,0.0,18.0,0.0,0.0,0.0,0.0,0.0,0.0,0.0,0.0,0.0,0.0,0.0,0.0,0.0,0.0,0.0,0.0,0.0,0.0,0.0,0.0,13.0,0.0,15.0,0.0,0.0,0.0,0.0,0.0,12.0,0.0,0.0,35.0
522,0.0,60.0,31.0,33.0,22.0,0.0,351.0,122.0,12.0,85.0,0.0,0.0,0.0,36.0,24.0,0.0,0.0,0.0,0.0,0.0,0.0,11.0,0.0,18.0,0.0,0.0,84.0,501.0,16.0,71.0,0.0,0.0,13.0,169.0,52.0,86.0,56.0,11.0,106.0,0.0,0.0,0.0,0.0,64.0,151.0,29.0,36.0,76.0,886.0,161.0,162.0,437.0,270.0,218.0,47.0,35.0,89.0,79.0,118.0,0.0,303.0,58.0,0.0,180.0,0.0,18.0,0.0,483.0,2214.0,258.0,81.0,227.0,24.0,101.0,263.0,214.0,46.0,18.0,246.0,34.0,1893.0,37.0,1319.0,1148.0,17.0,125.0,0.0,97.0,202.0,685.0,143.0,142.0,68.0,164555.0,1173.0,311.0,1252.0,289.0,460.0,766.0,39.0,383.0,114.0,66.0,23.0,0.0,0.0,255.0,94.0,109.0,37.0,174.0,214.0,32.0,34.0,92.0,52.0,50.0,25.0,92.0,11.0,54.0,26.0,55.0,28.0,74.0,42.0,46.0,53.0,354.0,21.0,87.0,168.0,122.0,0.0,269.0,181.0,16.0,35.0,256.0,56.0,766.0,0.0,34.0,166.0
523,0.0,0.0,0.0,0.0,0.0,0.0,0.0,0.0,0.0,0.0,0.0,0.0,0.0,0.0,0.0,0.0,0.0,0.0,0.0,0.0,0.0,0.0,0.0,0.0,0.0,0.0,0.0,0.0,0.0,0.0,0.0,0.0,0.0,11.0,0.0,0.0,0.0,0.0,12.0,0.0,0.0,0.0,0.0,0.0,0.0,0.0,0.0,0.0,85.0,13.0,16.0,41.0,0.0,15.0,0.0,0.0,0.0,0.0,12.0,0.0,17.0,0.0,0.0,0.0,0.0,0.0,0.0,85.0,82.0,25.0,0.0,33.0,0.0,12.0,34.0,0.0,0.0,0.0,18.0,0.0,186.0,163.0,150.0,113.0,0.0,15.0,0.0,17.0,32.0,71.0,14.0,0.0,0.0,1287.0,8713.0,21.0,115.0,28.0,50.0,79.0,0.0,46.0,0.0,0.0,0.0,0.0,0.0,0.0,0.0,0.0,0.0,20.0,0.0,0.0,0.0,0.0,0.0,0.0,0.0,0.0,0.0,0.0,0.0,0.0,0.0,0.0,0.0,0.0,0.0,45.0,0.0,13.0,13.0,0.0,0.0,32.0,0.0,0.0,0.0,0.0,0.0,139.0,0.0,0.0,32.0
524,0.0,0.0,0.0,0.0,0.0,0.0,36.0,0.0,0.0,0.0,0.0,0.0,0.0,0.0,0.0,0.0,0.0,0.0,0.0,0.0,0.0,0.0,0.0,0.0,0.0,0.0,0.0,0.0,0.0,0.0,0.0,0.0,0.0,11.0,0.0,0.0,0.0,0.0,0.0,0.0,0.0,0.0,0.0,0.0,0.0,0.0,0.0,0.0,30.0,0.0,25.0,35.0,26.0,26.0,0.0,0.0,0.0,0.0,0.0,0.0,22.0,0.0,0.0,0.0,0.0,0.0,0.0,73.0,655.0,37.0,11.0,18.0,0.0,0.0,19.0,0.0,0.0,0.0,34.0,0.0,125.0,0.0,193.0,55.0,0.0,0.0,0.0,0.0,11.0,45.0,0.0,0.0,0.0,244.0,19.0,5640.0,56.0,21.0,42.0,63.0,0.0,25.0,0.0,0.0,0.0,0.0,0.0,16.0,0.0,0.0,0.0,0.0,0.0,0.0,0.0,0.0,0.0,0.0,0.0,0.0,0.0,0.0,0.0,0.0,0.0,0.0,0.0,0.0,0.0,20.0,0.0,0.0,0.0,0.0,0.0,19.0,0.0,0.0,0.0,0.0,0.0,44.0,0.0,0.0,14.0
531,0.0,0.0,0.0,0.0,0.0,0.0,0.0,0.0,0.0,0.0,0.0,0.0,0.0,0.0,0.0,0.0,14.0,29.0,0.0,0.0,0.0,0.0,0.0,0.0,0.0,0.0,0.0,0.0,0.0,0.0,0.0,0.0,0.0,15.0,0.0,16.0,0.0,0.0,18.0,0.0,0.0,0.0,0.0,15.0,0.0,0.0,39.0,154.0,3772.0,507.0,11.0,102.0,25.0,45.0,0.0,13.0,43.0,28.0,89.0,0.0,46.0,0.0,0.0,0.0,0.0,0.0,0.0,60.0,101.0,91.0,16.0,52.0,0.0,165.0,645.0,17.0,29.0,0.0,39.0,0.0,516.0,0.0,299.0,228.0,15.0,57.0,0.0,31.0,98.0,173.0,47.0,95.0,0.0,951.0,86.0,64.0,87381.0,332.0,426.0,1059.0,0.0,145.0,39.0,31.0,0.0,13.0,0.0,58.0,21.0,24.0,0.0,69.0,25.0,0.0,0.0,11.0,0.0,0.0,0.0,14.0,0.0,22.0,0.0,24.0,0.0,24.0,15.0,22.0,24.0,132.0,0.0,34.0,41.0,41.0,0.0,171.0,19.0,0.0,0.0,41.0,19.0,358.0,0.0,0.0,91.0
532,0.0,0.0,0.0,0.0,0.0,0.0,0.0,13.0,0.0,0.0,0.0,0.0,0.0,0.0,0.0,0.0,0.0,0.0,0.0,64.0,12.0,155.0,0.0,0.0,0.0,0.0,0.0,0.0,0.0,0.0,0.0,0.0,0.0,0.0,0.0,0.0,0.0,99.0,1291.0,94.0,0.0,0.0,0.0,40.0,13.0,0.0,29.0,14.0,284.0,69.0,0.0,149.0,0.0,16.0,0.0,0.0,15.0,0.0,90.0,0.0,14.0,0.0,0.0,79.0,0.0,0.0,0.0,16.0,33.0,59.0,18.0,99.0,0.0,213.0,59.0,0.0,0.0,0.0,13.0,0.0,904.0,0.0,116.0,65.0,0.0,17.0,13.0,15.0,34.0,22.0,78.0,42.0,0.0,207.0,15.0,24.0,721.0,161372.0,1512.0,3122.0,39.0,120.0,17.0,14.0,19.0,15.0,0.0,28.0,0.0,0.0,0.0,40.0,19.0,0.0,0.0,0.0,0.0,0.0,0.0,0.0,0.0,11.0,0.0,14.0,0.0,0.0,0.0,0.0,19.0,57.0,0.0,26.0,40.0,11.0,0.0,206.0,0.0,0.0,0.0,13.0,0.0,117.0,0.0,0.0,18.0
533,0.0,0.0,0.0,0.0,0.0,0.0,0.0,0.0,0.0,0.0,0.0,0.0,0.0,0.0,0.0,0.0,0.0,0.0,0.0,0.0,0.0,31.0,0.0,0.0,0.0,0.0,0.0,0.0,0.0,0.0,0.0,0.0,0.0,17.0,0.0,0.0,11.0,0.0,139.0,0.0,0.0,0.0,0.0,23.0,15.0,0.0,0.0,23.0,461.0,86.0,0.0,54.0,0.0,13.0,0.0,0.0,33.0,0.0,118.0,0.0,53.0,0.0,0.0,35.0,0.0,0.0,0.0,41.0,59.0,40.0,13.0,55.0,0.0,149.0,65.0,12.0,15.0,0.0,17.0,0.0,311.0,0.0,216.0,206.0,0.0,39.0,0.0,17.0,30.0,81.0,62.0,46.0,12.0,590.0,43.0,35.0,862.0,5927.0,47963.0,2607.0,22.0,157.0,26.0,34.0,0.0,13.0,0.0,60.0,20.0,31.0,15.0,94.0,21.0,0.0,0.0,22.0,0.0,15.0,0.0,13.0,0.0,27.0,0.0,30.0,17.0,29.0,13.0,18.0,27.0,160.0,0.0,36.0,92.0,33.0,0.0,253.0,25.0,0.0,0.0,27.0,0.0,261.0,0.0,0.0,64.0
534,0.0,13.0,0.0,18.0,0.0,0.0,14.0,32.0,0.0,0.0,0.0,0.0,0.0,0.0,0.0,0.0,0.0,0.0,0.0,108.0,66.0,90.0,0.0,22.0,0.0,0.0,15.0,0.0,0.0,0.0,0.0,0.0,0.0,50.0,21.0,20.0,26.0,35.0,284.0,26.0,96.0,0.0,11.0,131.0,39.0,140.0,34.0,102.0,941.0,262.0,22.0,337.0,42.0,72.0,0.0,26.0,80.0,43.0,548.0,0.0,71.0,17.0,0.0,137.0,0.0,11.0,14.0,74.0,135.0,317.0,22.0,157.0,14.0,1388.0,261.0,37.0,49.0,12.0,58.0,14.0,666.0,0.0,271.0,225.0,0.0,63.0,17.0,30.0,96.0,92.0,105.0,116.0,0.0,668.0,54.0,114.0,1957.0,3770.0,2284.0,120141.0,56.0,303.0,45.0,51.0,18.0,18.0,0.0,167.0,33.0,64.0,35.0,91.0,44.0,49.0,12.0,30.0,0.0,24.0,0.0,18.0,13.0,31.0,0.0,40.0,18.0,33.0,23.0,14.0,45.0,202.0,16.0,82.0,152.0,68.0,0.0,330.0,35.0,0.0,13.0,30.0,23.0,317.0,0.0,20.0,85.0
535,0.0,0.0,0.0,0.0,0.0,0.0,0.0,0.0,0.0,0.0,0.0,0.0,0.0,0.0,0.0,0.0,0.0,0.0,0.0,12.0,0.0,0.0,0.0,0.0,0.0,0.0,0.0,0.0,0.0,0.0,0.0,0.0,0.0,0.0,0.0,0.0,0.0,0.0,0.0,0.0,0.0,0.0,28.0,0.0,0.0,0.0,0.0,0.0,0.0,0.0,0.0,0.0,0.0,0.0,0.0,0.0,0.0,0.0,0.0,0.0,0.0,0.0,0.0,0.0,0.0,0.0,31.0,0.0,0.0,0.0,0.0,0.0,0.0,0.0,0.0,0.0,0.0,0.0,0.0,0.0,25.0,0.0,13.0,0.0,0.0,0.0,0.0,0.0,0.0,0.0,0.0,0.0,0.0,0.0,0.0,0.0,0.0,0.0,12.0,23.0,9153.0,0.0,0.0,0.0,0.0,0.0,0.0,0.0,0.0,0.0,0.0,0.0,0.0,0.0,0.0,0.0,0.0,0.0,0.0,0.0,0.0,0.0,0.0,0.0,0.0,0.0,0.0,0.0,0.0,0.0,0.0,0.0,0.0,0.0,0.0,0.0,0.0,0.0,0.0,0.0,0.0,0.0,0.0,0.0,0.0
541,0.0,0.0,0.0,0.0,23.0,0.0,0.0,57.0,0.0,0.0,0.0,0.0,17.0,0.0,0.0,0.0,0.0,0.0,0.0,0.0,0.0,0.0,0.0,64.0,0.0,0.0,0.0,0.0,0.0,0.0,0.0,0.0,0.0,34.0,11.0,0.0,0.0,0.0,24.0,0.0,0.0,0.0,0.0,40.0,0.0,0.0,0.0,0.0,96.0,54.0,15.0,133.0,0.0,37.0,36.0,0.0,0.0,0.0,140.0,0.0,103.0,17.0,0.0,13.0,0.0,0.0,0.0,33.0,61.0,53.0,31.0,257.0,89.0,172.0,87.0,0.0,24.0,0.0,35.0,46.0,271.0,0.0,142.0,110.0,0.0,0.0,0.0,22.0,11.0,18.0,0.0,305.0,22.0,159.0,23.0,12.0,160.0,92.0,49.0,160.0,0.0,28985.0,20.0,0.0,0.0,0.0,0.0,89.0,26.0,20.0,13.0,32.0,38.0,0.0,0.0,31.0,16.0,0.0,0.0,0.0,0.0,0.0,0.0,0.0,0.0,0.0,0.0,0.0,40.0,63.0,0.0,27.0,67.0,28.0,0.0,27.0,0.0,0.0,0.0,15.0,29.0,36.0,0.0,11.0,57.0
611,0.0,0.0,0.0,0.0,0.0,0.0,0.0,0.0,0.0,0.0,0.0,17.0,16.0,63.0,0.0,0.0,0.0,0.0,0.0,0.0,0.0,0.0,0.0,18.0,0.0,0.0,0.0,0.0,0.0,0.0,0.0,0.0,17.0,0.0,24.0,0.0,0.0,0.0,0.0,0.0,0.0,0.0,0.0,0.0,0.0,0.0,0.0,0.0,29.0,11.0,0.0,12.0,0.0,0.0,0.0,0.0,0.0,0.0,0.0,0.0,31.0,38.0,0.0,0.0,0.0,0.0,0.0,0.0,30.0,11.0,0.0,0.0,0.0,0.0,22.0,0.0,0.0,0.0,0.0,0.0,58.0,0.0,24.0,62.0,0.0,0.0,0.0,0.0,0.0,0.0,0.0,302.0,0.0,82.0,0.0,0.0,44.0,0.0,17.0,54.0,0.0,20.0,17221.0,31.0,39.0,12.0,0.0,216.0,0.0,12.0,0.0,13.0,34.0,0.0,0.0,0.0,0.0,0.0,0.0,0.0,0.0,0.0,0.0,0.0,0.0,12.0,0.0,0.0,18.0,31.0,0.0,21.0,53.0,87.0,0.0,40.0,0.0,72.0,18.0,0.0,0.0,31.0,0.0,33.0,41.0
612,0.0,0.0,0.0,0.0,0.0,0.0,0.0,0.0,0.0,0.0,0.0,0.0,0.0,0.0,0.0,0.0,0.0,0.0,0.0,0.0,0.0,0.0,0.0,0.0,0.0,0.0,0.0,0.0,0.0,0.0,0.0,0.0,14.0,0.0,0.0,0.0,0.0,0.0,0.0,0.0,0.0,0.0,0.0,0.0,0.0,0.0,13.0,0.0,25.0,0.0,0.0,0.0,0.0,0.0,0.0,0.0,0.0,0.0,0.0,0.0,0.0,0.0,0.0,0.0,0.0,126.0,0.0,0.0,14.0,13.0,0.0,0.0,0.0,0.0,40.0,0.0,0.0,0.0,0.0,0.0,34.0,0.0,13.0,19.0,0.0,0.0,0.0,0.0,0.0,12.0,0.0,23.0,0.0,69.0,0.0,0.0,40.0,15.0,37.0,50.0,0.0,11.0,37.0,13208.0,72.0,0.0,0.0,31.0,0.0,0.0,0.0,11.0,0.0,0.0,0.0,0.0,0.0,0.0,0.0,0.0,0.0,0.0,0.0,0.0,0.0,0.0,0.0,0.0,0.0,20.0,0.0,0.0,26.0,44.0,0.0,18.0,0.0,41.0,0.0,0.0,0.0,18.0,0.0,0.0,13.0
613,0.0,0.0,0.0,0.0,0.0,0.0,0.0,0.0,0.0,0.0,0.0,0.0,0.0,0.0,0.0,0.0,0.0,0.0,0.0,0.0,0.0,0.0,0.0,0.0,0.0,0.0,0.0,0.0,0.0,0.0,0.0,0.0,0.0,0.0,0.0,0.0,0.0,0.0,0.0,0.0,0.0,0.0,0.0,0.0,0.0,0.0,0.0,0.0,12.0,11.0,0.0,0.0,0.0,0.0,0.0,0.0,0.0,0.0,0.0,0.0,16.0,0.0,0.0,0.0,0.0,0.0,0.0,0.0,13.0,0.0,0.0,0.0,0.0,0.0,0.0,0.0,0.0,0.0,0.0,0.0,20.0,0.0,0.0,0.0,0.0,0.0,0.0,0.0,0.0,0.0,0.0,25.0,0.0,16.0,0.0,0.0,0.0,0.0,0.0,30.0,0.0,0.0,56.0,72.0,7032.0,0.0,0.0,40.0,0.0,0.0,0.0,0.0,16.0,0.0,0.0,0.0,0.0,0.0,0.0,0.0,0.0,0.0,0.0,0.0,0.0,0.0,15.0,0.0,0.0,0.0,0.0,0.0,23.0,39.0,0.0,0.0,0.0,40.0,0.0,0.0,0.0,0.0,0.0,0.0,0.0
621,0.0,0.0,0.0,0.0,0.0,0.0,0.0,0.0,0.0,0.0,0.0,0.0,0.0,0.0,0.0,0.0,0.0,0.0,0.0,0.0,0.0,0.0,0.0,0.0,0.0,0.0,0.0,0.0,0.0,0.0,0.0,0.0,49.0,0.0,0.0,0.0,0.0,0.0,0.0,0.0,0.0,0.0,0.0,0.0,0.0,0.0,0.0,0.0,20.0,0.0,0.0,0.0,0.0,0.0,0.0,0.0,0.0,0.0,0.0,0.0,17.0,0.0,0.0,0.0,0.0,0.0,0.0,0.0,16.0,0.0,0.0,0.0,0.0,0.0,0.0,0.0,0.0,0.0,0.0,0.0,23.0,0.0,0.0,0.0,0.0,0.0,0.0,0.0,0.0,0.0,0.0,0.0,0.0,14.0,0.0,0.0,0.0,0.0,0.0,0.0,0.0,0.0,23.0,13.0,0.0,4611.0,0.0,36.0,0.0,0.0,0.0,0.0,16.0,0.0,0.0,0.0,0.0,0.0,0.0,0.0,0.0,0.0,0.0,0.0,0.0,0.0,14.0,0.0,0.0,16.0,0.0,0.0,11.0,63.0,0.0,0.0,0.0,18.0,0.0,0.0,0.0,0.0,0.0,0.0,0.0
622,0.0,0.0,0.0,0.0,0.0,0.0,0.0,0.0,0.0,0.0,0.0,0.0,0.0,0.0,0.0,0.0,0.0,0.0,0.0,0.0,0.0,0.0,0.0,0.0,0.0,0.0,0.0,0.0,0.0,0.0,0.0,0.0,0.0,0.0,0.0,0.0,0.0,0.0,0.0,0.0,0.0,0.0,0.0,0.0,0.0,0.0,0.0,0.0,0.0,0.0,0.0,0.0,0.0,0.0,0.0,0.0,0.0,0.0,0.0,0.0,0.0,0.0,0.0,0.0,0.0,0.0,0.0,0.0,0.0,0.0,0.0,0.0,0.0,0.0,0.0,0.0,0.0,0.0,0.0,0.0,0.0,0.0,0.0,0.0,0.0,0.0,0.0,0.0,0.0,0.0,0.0,0.0,0.0,0.0,0.0,0.0,0.0,0.0,0.0,0.0,0.0,0.0,0.0,0.0,0.0,0.0,787.0,0.0,0.0,0.0,0.0,0.0,0.0,0.0,0.0,0.0,0.0,0.0,0.0,0.0,0.0,0.0,0.0,0.0,0.0,0.0,0.0,0.0,0.0,0.0,0.0,0.0,0.0,0.0,0.0,0.0,0.0,0.0,0.0,0.0,0.0,0.0,0.0,0.0,0.0
711,0.0,17.0,0.0,11.0,0.0,0.0,0.0,0.0,0.0,12.0,0.0,20.0,0.0,283.0,0.0,0.0,0.0,0.0,0.0,0.0,0.0,0.0,0.0,0.0,0.0,0.0,0.0,0.0,0.0,0.0,0.0,0.0,0.0,74.0,16.0,0.0,0.0,0.0,0.0,0.0,0.0,0.0,0.0,0.0,0.0,0.0,57.0,0.0,45.0,14.0,0.0,25.0,0.0,11.0,0.0,0.0,0.0,0.0,0.0,0.0,333.0,1015.0,0.0,0.0,0.0,0.0,0.0,23.0,142.0,31.0,0.0,50.0,0.0,11.0,28.0,0.0,0.0,0.0,23.0,11.0,86.0,0.0,37.0,200.0,0.0,14.0,0.0,0.0,0.0,0.0,0.0,287.0,0.0,170.0,0.0,14.0,52.0,11.0,27.0,111.0,0.0,103.0,147.0,31.0,31.0,0.0,0.0,84859.0,508.0,182.0,161.0,131.0,148.0,0.0,15.0,120.0,26.0,263.0,0.0,0.0,173.0,30.0,0.0,48.0,0.0,13.0,44.0,117.0,92.0,237.0,12.0,43.0,193.0,452.0,0.0,50.0,22.0,0.0,341.0,24.0,36.0,24.0,0.0,36.0,70.0
712,0.0,0.0,11.0,0.0,0.0,0.0,0.0,0.0,0.0,0.0,0.0,0.0,0.0,50.0,17.0,0.0,0.0,0.0,0.0,0.0,0.0,0.0,0.0,0.0,0.0,0.0,0.0,0.0,0.0,0.0,0.0,0.0,0.0,34.0,0.0,0.0,0.0,0.0,0.0,0.0,0.0,0.0,0.0,0.0,0.0,0.0,23.0,0.0,0.0,0.0,0.0,0.0,0.0,0.0,0.0,0.0,0.0,0.0,0.0,0.0,244.0,123.0,0.0,0.0,0.0,0.0,0.0,0.0,84.0,21.0,0.0,15.0,0.0,0.0,0.0,0.0,0.0,0.0,62.0,0.0,20.0,0.0,0.0,45.0,0.0,0.0,0.0,0.0,0.0,0.0,0.0,93.0,0.0,54.0,0.0,0.0,0.0,0.0,0.0,32.0,0.0,20.0,0.0,0.0,0.0,0.0,0.0,480.0,29102.0,74.0,243.0,47.0,85.0,0.0,0.0,66.0,20.0,23.0,0.0,0.0,90.0,0.0,0.0,0.0,0.0,0.0,0.0,0.0,53.0,99.0,0.0,0.0,39.0,23.0,0.0,11.0,0.0,0.0,26.0,0.0,0.0,0.0,0.0,11.0,13.0
713,0.0,0.0,0.0,0.0,0.0,0.0,0.0,0.0,0.0,0.0,0.0,0.0,0.0,41.0,13.0,0.0,0.0,0.0,0.0,0.0,0.0,0.0,0.0,0.0,0.0,0.0,0.0,0.0,0.0,15.0,0.0,0.0,0.0,0.0,0.0,0.0,0.0,0.0,0.0,0.0,0.0,0.0,0.0,0.0,0.0,0.0,11.0,0.0,0.0,0.0,0.0,0.0,0.0,0.0,0.0,0.0,0.0,0.0,0.0,0.0,47.0,88.0,0.0,0.0,0.0,0.0,0.0,0.0,33.0,0.0,0.0,37.0,0.0,0.0,0.0,0.0,0.0,0.0,0.0,0.0,33.0,0.0,19.0,56.0,0.0,0.0,0.0,0.0,0.0,0.0,0.0,53.0,0.0,59.0,0.0,0.0,18.0,0.0,20.0,37.0,0.0,25.0,11.0,0.0,0.0,0.0,0.0,248.0,93.0,20262.0,48.0,61.0,85.0,0.0,0.0,17.0,0.0,36.0,0.0,0.0,0.0,36.0,0.0,18.0,0.0,0.0,14.0,0.0,13.0,87.0,0.0,0.0,42.0,36.0,0.0,42.0,22.0,0.0,39.0,16.0,0.0,11.0,0.0,15.0,18.0
721,0.0,0.0,0.0,0.0,0.0,0.0,0.0,0.0,0.0,0.0,0.0,0.0,0.0,14.0,28.0,0.0,0.0,0.0,0.0,0.0,0.0,0.0,0.0,0.0,0.0,0.0,0.0,0.0,0.0,0.0,0.0,0.0,0.0,26.0,0.0,0.0,0.0,0.0,0.0,0.0,0.0,0.0,0.0,0.0,0.0,0.0,0.0,0.0,0.0,0.0,0.0,0.0,0.0,0.0,0.0,0.0,0.0,0.0,0.0,0.0,108.0,81.0,0.0,0.0,0.0,0.0,0.0,11.0,51.0,14.0,0.0,0.0,0.0,0.0,0.0,0.0,0.0,0.0,11.0,0.0,18.0,0.0,0.0,121.0,0.0,0.0,0.0,0.0,0.0,0.0,0.0,30.0,0.0,26.0,0.0,0.0,0.0,0.0,0.0,31.0,0.0,0.0,11.0,0.0,0.0,0.0,0.0,197.0,270.0,41.0,21722.0,500.0,318.0,0.0,0.0,23.0,0.0,14.0,0.0,0.0,18.0,48.0,0.0,0.0,0.0,0.0,21.0,11.0,40.0,276.0,0.0,0.0,29.0,44.0,0.0,0.0,0.0,0.0,19.0,0.0,11.0,0.0,0.0,13.0,12.0
722,0.0,0.0,0.0,0.0,0.0,0.0,0.0,0.0,0.0,0.0,0.0,0.0,0.0,0.0,91.0,0.0,0.0,0.0,0.0,0.0,0.0,0.0,0.0,0.0,0.0,0.0,0.0,0.0,0.0,0.0,0.0,0.0,0.0,83.0,0.0,0.0,0.0,0.0,0.0,0.0,0.0,0.0,0.0,0.0,0.0,0.0,13.0,0.0,24.0,0.0,0.0,11.0,0.0,62.0,0.0,0.0,0.0,0.0,0.0,0.0,375.0,140.0,0.0,15.0,0.0,0.0,0.0,0.0,98.0,0.0,0.0,22.0,0.0,0.0,17.0,0.0,0.0,0.0,29.0,0.0,71.0,0.0,28.0,445.0,0.0,0.0,0.0,0.0,0.0,0.0,0.0,38.0,0.0,79.0,0.0,16.0,41.0,14.0,42.0,57.0,0.0,27.0,24.0,12.0,0.0,0.0,0.0,175.0,50.0,81.0,505.0,45374.0,467.0,23.0,78.0,56.0,0.0,53.0,0.0,0.0,26.0,354.0,36.0,146.0,0.0,27.0,65.0,93.0,123.0,3924.0,0.0,12.0,56.0,134.0,0.0,17.0,0.0,0.0,16.0,37.0,22.0,24.0,0.0,12.0,33.0
723,0.0,0.0,0.0,0.0,0.0,0.0,13.0,31.0,0.0,0.0,0.0,0.0,0.0,17.0,69.0,0.0,0.0,0.0,0.0,0.0,0.0,0.0,0.0,0.0,0.0,0.0,0.0,12.0,0.0,63.0,0.0,0.0,0.0,79.0,0.0,0.0,0.0,0.0,0.0,0.0,0.0,0.0,0.0,0.0,0.0,0.0,29.0,0.0,11.0,0.0,0.0,22.0,0.0,13.0,0.0,0.0,0.0,0.0,0.0,0.0,459.0,81.0,23.0,0.0,0.0,0.0,0.0,15.0,356.0,68.0,0.0,48.0,0.0,0.0,0.0,0.0,12.0,0.0,45.0,0.0,81.0,0.0,49.0,247.0,0.0,0.0,0.0,0.0,0.0,0.0,0.0,115.0,20.0,331.0,0.0,0.0,19.0,0.0,17.0,47.0,0.0,29.0,40.0,15.0,32.0,0.0,0.0,183.0,95.0,42.0,209.0,402.0,49130.0,30.0,0.0,238.0,70.0,23.0,0.0,0.0,55.0,54.0,17.0,38.0,0.0,21.0,49.0,29.0,135.0,383.0,0.0,27.0,132.0,113.0,0.0,13.0,58.0,0.0,41.0,15.0,20.0,0.0,0.0,23.0,47.0
731,0.0,0.0,0.0,0.0,0.0,0.0,0.0,0.0,0.0,0.0,0.0,0.0,0.0,0.0,0.0,0.0,0.0,0.0,0.0,0.0,0.0,0.0,0.0,0.0,0.0,0.0,0.0,0.0,0.0,0.0,0.0,0.0,0.0,0.0,0.0,0.0,0.0,0.0,0.0,0.0,0.0,0.0,0.0,0.0,0.0,0.0,0.0,0.0,0.0,0.0,0.0,0.0,0.0,0.0,0.0,0.0,0.0,0.0,0.0,0.0,74.0,0.0,0.0,17.0,0.0,0.0,0.0,0.0,20.0,0.0,0.0,0.0,0.0,0.0,0.0,0.0,0.0,0.0,13.0,0.0,13.0,0.0,11.0,0.0,0.0,0.0,0.0,0.0,0.0,0.0,0.0,11.0,0.0,18.0,0.0,0.0,0.0,0.0,0.0,0.0,0.0,0.0,0.0,0.0,0.0,0.0,0.0,22.0,0.0,0.0,0.0,32.0,38.0,3781.0,0.0,34.0,18.0,0.0,0.0,0.0,29.0,0.0,0.0,0.0,0.0,0.0,0.0,0.0,0.0,113.0,0.0,0.0,0.0,0.0,0.0,0.0,0.0,0.0,0.0,0.0,0.0,0.0,0.0,0.0,0.0
732,0.0,0.0,0.0,0.0,0.0,0.0,0.0,0.0,0.0,0.0,0.0,0.0,0.0,0.0,14.0,0.0,0.0,0.0,0.0,0.0,0.0,0.0,0.0,0.0,0.0,0.0,0.0,0.0,0.0,0.0,0.0,0.0,0.0,0.0,0.0,50.0,0.0,0.0,0.0,0.0,0.0,0.0,0.0,0.0,0.0,0.0,0.0,0.0,0.0,0.0,0.0,0.0,17.0,0.0,0.0,0.0,0.0,0.0,0.0,0.0,13.0,32.0,0.0,0.0,0.0,0.0,0.0,0.0,44.0,0.0,11.0,0.0,0.0,0.0,0.0,0.0,0.0,0.0,11.0,0.0,29.0,0.0,12.0,82.0,0.0,0.0,0.0,0.0,0.0,0.0,0.0,13.0,0.0,28.0,0.0,0.0,0.0,0.0,0.0,17.0,0.0,12.0,0.0,0.0,0.0,0.0,0.0,16.0,11.0,0.0,0.0,22.0,25.0,0.0,6308.0,0.0,0.0,0.0,0.0,0.0,0.0,29.0,14.0,66.0,0.0,0.0,0.0,0.0,13.0,39.0,0.0,0.0,11.0,0.0,0.0,0.0,0.0,0.0,0.0,21.0,0.0,0.0,0.0,0.0,17.0
741,0.0,0.0,0.0,0.0,0.0,0.0,0.0,0.0,0.0,0.0,0.0,0.0,0.0,32.0,17.0,0.0,0.0,0.0,0.0,0.0,0.0,0.0,0.0,0.0,0.0,0.0,0.0,0.0,0.0,0.0,0.0,0.0,0.0,171.0,0.0,0.0,0.0,0.0,0.0,0.0,0.0,0.0,0.0,0.0,0.0,0.0,27.0,0.0,0.0,0.0,0.0,0.0,0.0,21.0,0.0,0.0,0.0,0.0,0.0,0.0,729.0,70.0,0.0,0.0,0.0,0.0,0.0,0.0,82.0,0.0,0.0,0.0,0.0,0.0,0.0,0.0,0.0,0.0,68.0,0.0,28.0,0.0,22.0,24.0,0.0,0.0,0.0,0.0,0.0,0.0,0.0,83.0,0.0,35.0,0.0,0.0,0.0,0.0,0.0,17.0,0.0,20.0,12.0,0.0,0.0,0.0,0.0,71.0,57.0,11.0,14.0,47.0,332.0,16.0,0.0,34775.0,277.0,0.0,0.0,0.0,0.0,11.0,0.0,0.0,0.0,0.0,14.0,0.0,103.0,166.0,0.0,0.0,0.0,15.0,0.0,0.0,0.0,0.0,0.0,0.0,0.0,0.0,0.0,0.0,21.0
742,0.0,0.0,0.0,0.0,0.0,0.0,0.0,12.0,0.0,0.0,0.0,0.0,0.0,0.0,0.0,0.0,0.0,0.0,0.0,0.0,0.0,0.0,0.0,0.0,0.0,0.0,0.0,0.0,0.0,0.0,0.0,0.0,0.0,43.0,0.0,0.0,0.0,0.0,0.0,0.0,0.0,0.0,0.0,0.0,0.0,0.0,0.0,0.0,0.0,0.0,0.0,0.0,0.0,68.0,0.0,0.0,0.0,0.0,0.0,0.0,266.0,27.0,0.0,14.0,0.0,0.0,0.0,0.0,58.0,0.0,0.0,0.0,0.0,0.0,0.0,0.0,0.0,0.0,163.0,14.0,25.0,0.0,17.0,39.0,0.0,0.0,0.0,0.0,0.0,0.0,0.0,27.0,0.0,34.0,0.0,0.0,0.0,0.0,0.0,0.0,0.0,21.0,0.0,0.0,0.0,0.0,0.0,36.0,37.0,0.0,0.0,12.0,100.0,22.0,0.0,364.0,8301.0,15.0,0.0,0.0,0.0,0.0,0.0,0.0,0.0,0.0,0.0,0.0,25.0,81.0,0.0,0.0,11.0,0.0,0.0,0.0,0.0,0.0,0.0,0.0,0.0,0.0,0.0,0.0,28.0
752,0.0,0.0,0.0,0.0,0.0,0.0,0.0,0.0,0.0,0.0,0.0,0.0,0.0,19.0,20.0,0.0,0.0,0.0,0.0,0.0,0.0,0.0,0.0,0.0,0.0,0.0,0.0,0.0,0.0,0.0,0.0,0.0,0.0,20.0,0.0,0.0,0.0,0.0,0.0,0.0,0.0,0.0,0.0,0.0,0.0,0.0,0.0,0.0,11.0,0.0,0.0,0.0,0.0,0.0,0.0,0.0,0.0,0.0,0.0,0.0,48.0,45.0,0.0,0.0,0.0,0.0,0.0,0.0,28.0,11.0,0.0,0.0,0.0,0.0,0.0,0.0,0.0,0.0,0.0,0.0,17.0,0.0,0.0,57.0,0.0,0.0,0.0,0.0,0.0,0.0,0.0,46.0,0.0,22.0,0.0,0.0,14.0,0.0,12.0,11.0,0.0,0.0,0.0,0.0,0.0,0.0,0.0,348.0,28.0,50.0,13.0,48.0,22.0,0.0,0.0,0.0,0.0,8901.0,0.0,0.0,0.0,0.0,0.0,12.0,0.0,0.0,155.0,0.0,0.0,135.0,0.0,0.0,12.0,23.0,0.0,0.0,0.0,0.0,0.0,0.0,0.0,0.0,0.0,0.0,12.0
753,0.0,0.0,0.0,0.0,0.0,0.0,0.0,0.0,0.0,0.0,0.0,0.0,0.0,0.0,0.0,0.0,0.0,0.0,0.0,0.0,0.0,0.0,0.0,0.0,0.0,0.0,0.0,0.0,0.0,0.0,0.0,0.0,0.0,0.0,0.0,106.0,0.0,0.0,0.0,0.0,0.0,0.0,0.0,0.0,0.0,0.0,0.0,0.0,13.0,0.0,0.0,0.0,0.0,0.0,0.0,0.0,0.0,0.0,0.0,0.0,0.0,0.0,0.0,0.0,0.0,0.0,0.0,0.0,0.0,0.0,0.0,0.0,0.0,0.0,0.0,0.0,0.0,0.0,0.0,0.0,15.0,0.0,0.0,0.0,0.0,0.0,0.0,0.0,0.0,0.0,0.0,0.0,0.0,28.0,0.0,0.0,0.0,0.0,12.0,13.0,0.0,0.0,0.0,0.0,0.0,0.0,0.0,0.0,0.0,0.0,0.0,17.0,0.0,0.0,0.0,0.0,0.0,13.0,2660.0,0.0,0.0,0.0,0.0,0.0,27.0,0.0,0.0,0.0,0.0,0.0,0.0,0.0,0.0,0.0,0.0,0.0,0.0,0.0,0.0,0.0,0.0,0.0,0.0,0.0,0.0
761,0.0,0.0,0.0,0.0,0.0,0.0,0.0,0.0,0.0,0.0,0.0,0.0,0.0,0.0,0.0,0.0,0.0,0.0,0.0,0.0,0.0,0.0,0.0,0.0,0.0,0.0,0.0,0.0,0.0,0.0,0.0,0.0,0.0,12.0,0.0,0.0,0.0,0.0,0.0,0.0,0.0,0.0,0.0,0.0,0.0,0.0,0.0,0.0,11.0,0.0,0.0,0.0,0.0,0.0,0.0,0.0,0.0,0.0,0.0,0.0,68.0,28.0,0.0,0.0,0.0,0.0,0.0,0.0,18.0,0.0,0.0,0.0,0.0,0.0,0.0,0.0,0.0,0.0,0.0,0.0,12.0,0.0,0.0,70.0,0.0,0.0,0.0,0.0,34.0,0.0,0.0,0.0,0.0,99.0,0.0,0.0,17.0,0.0,22.0,20.0,0.0,11.0,0.0,0.0,0.0,0.0,0.0,17.0,0.0,0.0,0.0,14.0,0.0,0.0,0.0,41.0,0.0,0.0,0.0,6131.0,0.0,0.0,0.0,0.0,0.0,178.0,0.0,16.0,0.0,25.0,0.0,0.0,17.0,0.0,0.0,31.0,0.0,0.0,0.0,23.0,0.0,72.0,0.0,0.0,15.0
811,0.0,0.0,0.0,0.0,0.0,0.0,0.0,0.0,0.0,0.0,0.0,0.0,0.0,11.0,0.0,0.0,0.0,0.0,0.0,0.0,0.0,0.0,0.0,0.0,0.0,0.0,0.0,0.0,0.0,0.0,0.0,0.0,0.0,0.0,0.0,0.0,0.0,0.0,0.0,0.0,0.0,0.0,0.0,0.0,0.0,0.0,0.0,0.0,0.0,0.0,0.0,0.0,0.0,0.0,0.0,0.0,0.0,0.0,0.0,0.0,41.0,92.0,0.0,0.0,0.0,0.0,0.0,0.0,0.0,0.0,0.0,0.0,0.0,0.0,0.0,0.0,0.0,0.0,0.0,0.0,0.0,0.0,0.0,30.0,0.0,0.0,0.0,0.0,0.0,0.0,0.0,0.0,0.0,0.0,0.0,0.0,0.0,0.0,0.0,0.0,0.0,0.0,0.0,0.0,0.0,0.0,0.0,1588.0,0.0,0.0,16.0,29.0,50.0,0.0,0.0,11.0,0.0,0.0,0.0,0.0,5696.0,0.0,0.0,0.0,0.0,0.0,12.0,13.0,17.0,78.0,0.0,0.0,27.0,71.0,0.0,0.0,0.0,0.0,11.0,0.0,0.0,0.0,0.0,0.0,0.0
812,0.0,0.0,0.0,0.0,0.0,0.0,0.0,0.0,0.0,0.0,0.0,0.0,0.0,0.0,12.0,0.0,0.0,0.0,0.0,0.0,0.0,0.0,0.0,0.0,0.0,0.0,0.0,0.0,0.0,0.0,0.0,0.0,0.0,25.0,0.0,0.0,0.0,0.0,0.0,0.0,0.0,0.0,0.0,0.0,0.0,0.0,0.0,0.0,0.0,0.0,0.0,0.0,0.0,0.0,0.0,0.0,0.0,0.0,0.0,0.0,90.0,21.0,0.0,0.0,0.0,0.0,0.0,0.0,14.0,0.0,0.0,0.0,0.0,0.0,0.0,0.0,0.0,0.0,0.0,0.0,12.0,0.0,0.0,111.0,0.0,0.0,0.0,0.0,0.0,0.0,0.0,0.0,0.0,14.0,0.0,0.0,13.0,0.0,12.0,11.0,0.0,0.0,0.0,0.0,0.0,0.0,0.0,30.0,0.0,52.0,54.0,335.0,55.0,0.0,0.0,18.0,0.0,0.0,0.0,0.0,67.0,11478.0,33.0,12.0,0.0,0.0,20.0,39.0,135.0,240.0,0.0,0.0,12.0,28.0,0.0,0.0,0.0,0.0,0.0,0.0,0.0,0.0,0.0,0.0,0.0
813,0.0,0.0,0.0,0.0,0.0,0.0,0.0,0.0,0.0,0.0,0.0,0.0,0.0,0.0,0.0,0.0,0.0,0.0,0.0,0.0,0.0,0.0,0.0,0.0,0.0,0.0,0.0,0.0,0.0,0.0,0.0,0.0,0.0,0.0,0.0,0.0,0.0,0.0,0.0,0.0,0.0,0.0,0.0,0.0,0.0,0.0,0.0,0.0,0.0,0.0,0.0,0.0,0.0,0.0,0.0,0.0,0.0,0.0,0.0,0.0,47.0,21.0,0.0,12.0,0.0,0.0,0.0,0.0,0.0,0.0,0.0,0.0,0.0,0.0,0.0,0.0,0.0,0.0,0.0,0.0,14.0,0.0,0.0,22.0,0.0,0.0,0.0,0.0,0.0,0.0,0.0,0.0,0.0,15.0,0.0,0.0,0.0,0.0,0.0,0.0,0.0,0.0,0.0,0.0,0.0,0.0,0.0,0.0,0.0,12.0,0.0,82.0,16.0,0.0,0.0,0.0,0.0,0.0,0.0,0.0,0.0,0.0,4040.0,0.0,0.0,11.0,0.0,75.0,143.0,31.0,0.0,0.0,13.0,0.0,0.0,0.0,0.0,0.0,0.0,0.0,0.0,0.0,0.0,0.0,0.0
814,0.0,0.0,0.0,0.0,0.0,0.0,0.0,0.0,0.0,0.0,0.0,0.0,0.0,0.0,16.0,0.0,0.0,0.0,0.0,0.0,0.0,0.0,0.0,0.0,0.0,0.0,0.0,0.0,0.0,0.0,0.0,0.0,0.0,12.0,0.0,0.0,0.0,0.0,0.0,0.0,0.0,0.0,0.0,0.0,0.0,0.0,0.0,0.0,14.0,0.0,0.0,0.0,0.0,0.0,0.0,0.0,0.0,0.0,0.0,0.0,91.0,33.0,0.0,0.0,0.0,0.0,0.0,0.0,24.0,0.0,0.0,0.0,0.0,0.0,0.0,0.0,0.0,0.0,12.0,0.0,21.0,0.0,0.0,113.0,0.0,0.0,0.0,0.0,0.0,0.0,0.0,15.0,0.0,30.0,0.0,0.0,18.0,0.0,16.0,27.0,0.0,11.0,0.0,0.0,0.0,0.0,0.0,35.0,0.0,0.0,14.0,155.0,34.0,0.0,74.0,11.0,0.0,15.0,0.0,0.0,0.0,28.0,52.0,10560.0,11.0,0.0,42.0,108.0,36.0,150.0,0.0,0.0,59.0,38.0,0.0,0.0,0.0,0.0,0.0,22.0,0.0,0.0,0.0,0.0,0.0
815,0.0,0.0,0.0,0.0,0.0,0.0,0.0,0.0,0.0,0.0,0.0,0.0,0.0,0.0,0.0,0.0,0.0,0.0,0.0,0.0,0.0,0.0,0.0,0.0,0.0,0.0,0.0,0.0,0.0,0.0,0.0,0.0,0.0,0.0,0.0,0.0,0.0,0.0,0.0,0.0,0.0,0.0,0.0,0.0,0.0,0.0,0.0,0.0,0.0,0.0,0.0,0.0,0.0,0.0,0.0,0.0,0.0,0.0,0.0,0.0,0.0,0.0,0.0,0.0,0.0,0.0,0.0,0.0,0.0,0.0,0.0,0.0,0.0,0.0,0.0,0.0,0.0,0.0,0.0,0.0,20.0,0.0,0.0,36.0,0.0,0.0,0.0,0.0,0.0,0.0,0.0,0.0,0.0,25.0,0.0,0.0,17.0,0.0,15.0,11.0,0.0,0.0,0.0,0.0,0.0,0.0,0.0,12.0,0.0,0.0,0.0,17.0,14.0,0.0,20.0,0.0,0.0,0.0,31.0,0.0,0.0,0.0,0.0,0.0,4137.0,0.0,0.0,0.0,0.0,48.0,0.0,0.0,17.0,0.0,0.0,21.0,0.0,0.0,0.0,0.0,0.0,0.0,0.0,0.0,12.0
816,0.0,0.0,0.0,0.0,0.0,0.0,0.0,0.0,0.0,0.0,0.0,0.0,0.0,0.0,23.0,0.0,0.0,0.0,0.0,0.0,0.0,0.0,0.0,0.0,0.0,0.0,0.0,0.0,0.0,0.0,0.0,0.0,0.0,16.0,0.0,0.0,0.0,0.0,0.0,0.0,0.0,0.0,0.0,0.0,0.0,0.0,0.0,0.0,27.0,0.0,0.0,0.0,0.0,0.0,0.0,0.0,0.0,0.0,0.0,0.0,45.0,70.0,0.0,0.0,0.0,0.0,0.0,0.0,33.0,0.0,0.0,0.0,0.0,0.0,0.0,0.0,0.0,0.0,12.0,0.0,42.0,0.0,21.0,161.0,0.0,0.0,0.0,0.0,12.0,0.0,0.0,20.0,0.0,86.0,0.0,0.0,34.0,16.0,48.0,50.0,0.0,18.0,0.0,0.0,0.0,0.0,0.0,39.0,12.0,0.0,0.0,52.0,60.0,0.0,0.0,18.0,18.0,14.0,0.0,430.0,0.0,14.0,0.0,17.0,0.0,11471.0,13.0,292.0,39.0,86.0,0.0,0.0,28.0,47.0,0.0,43.0,0.0,0.0,0.0,96.0,0.0,31.0,0.0,0.0,30.0
817,0.0,0.0,0.0,0.0,0.0,0.0,0.0,0.0,0.0,0.0,0.0,0.0,0.0,0.0,12.0,0.0,0.0,0.0,0.0,0.0,0.0,0.0,0.0,0.0,0.0,0.0,0.0,0.0,0.0,0.0,0.0,0.0,0.0,21.0,0.0,0.0,0.0,0.0,0.0,0.0,0.0,0.0,0.0,0.0,0.0,0.0,0.0,0.0,0.0,0.0,0.0,0.0,0.0,0.0,0.0,0.0,0.0,0.0,0.0,0.0,66.0,30.0,0.0,15.0,0.0,0.0,0.0,0.0,18.0,0.0,0.0,0.0,0.0,0.0,0.0,0.0,0.0,0.0,0.0,0.0,0.0,0.0,0.0,58.0,0.0,0.0,0.0,0.0,0.0,0.0,0.0,17.0,0.0,24.0,0.0,0.0,11.0,0.0,0.0,0.0,0.0,0.0,0.0,14.0,0.0,11.0,0.0,66.0,0.0,0.0,0.0,48.0,19.0,0.0,14.0,11.0,0.0,72.0,0.0,0.0,0.0,11.0,0.0,388.0,0.0,0.0,13997.0,31.0,29.0,45.0,0.0,0.0,21.0,77.0,0.0,0.0,0.0,0.0,0.0,0.0,0.0,0.0,0.0,0.0,0.0
818,0.0,0.0,0.0,0.0,0.0,0.0,0.0,0.0,0.0,0.0,0.0,0.0,0.0,0.0,0.0,0.0,0.0,0.0,0.0,0.0,0.0,0.0,0.0,0.0,0.0,0.0,0.0,0.0,0.0,0.0,0.0,0.0,0.0,13.0,0.0,0.0,0.0,0.0,0.0,0.0,0.0,0.0,0.0,0.0,0.0,0.0,0.0,0.0,0.0,0.0,0.0,0.0,0.0,0.0,0.0,0.0,0.0,0.0,0.0,0.0,60.0,26.0,0.0,0.0,0.0,0.0,0.0,0.0,14.0,0.0,0.0,0.0,0.0,0.0,0.0,0.0,0.0,0.0,0.0,0.0,27.0,0.0,42.0,147.0,0.0,0.0,0.0,0.0,0.0,0.0,0.0,0.0,0.0,22.0,0.0,0.0,15.0,0.0,0.0,0.0,0.0,16.0,0.0,0.0,0.0,0.0,0.0,29.0,51.0,0.0,18.0,83.0,30.0,0.0,0.0,0.0,0.0,0.0,17.0,0.0,0.0,31.0,75.0,19.0,0.0,61.0,22.0,5917.0,96.0,241.0,0.0,0.0,0.0,28.0,0.0,12.0,0.0,0.0,0.0,30.0,0.0,0.0,0.0,0.0,0.0
819,0.0,0.0,0.0,0.0,0.0,0.0,0.0,0.0,0.0,0.0,0.0,29.0,0.0,0.0,11.0,0.0,0.0,0.0,0.0,0.0,0.0,0.0,0.0,0.0,0.0,0.0,0.0,0.0,0.0,0.0,0.0,0.0,0.0,80.0,0.0,0.0,0.0,0.0,0.0,0.0,0.0,0.0,0.0,0.0,0.0,0.0,0.0,0.0,19.0,0.0,0.0,31.0,0.0,17.0,0.0,0.0,0.0,0.0,0.0,0.0,343.0,70.0,0.0,44.0,0.0,0.0,0.0,0.0,30.0,14.0,0.0,11.0,0.0,0.0,0.0,0.0,0.0,0.0,30.0,0.0,35.0,0.0,11.0,83.0,0.0,0.0,0.0,0.0,0.0,0.0,0.0,71.0,0.0,14.0,0.0,0.0,0.0,0.0,11.0,18.0,0.0,21.0,12.0,0.0,0.0,0.0,0.0,42.0,30.0,0.0,14.0,80.0,57.0,0.0,0.0,49.0,0.0,0.0,0.0,0.0,31.0,72.0,89.0,45.0,0.0,21.0,29.0,40.0,15382.0,82.0,0.0,0.0,17.0,19.0,0.0,0.0,109.0,0.0,0.0,0.0,0.0,0.0,0.0,0.0,12.0
821,0.0,0.0,0.0,0.0,0.0,0.0,0.0,0.0,0.0,21.0,0.0,0.0,0.0,16.0,48.0,0.0,0.0,0.0,0.0,0.0,0.0,0.0,0.0,0.0,0.0,0.0,0.0,0.0,0.0,0.0,0.0,0.0,0.0,95.0,0.0,0.0,0.0,0.0,0.0,0.0,0.0,0.0,0.0,0.0,0.0,0.0,0.0,0.0,44.0,15.0,0.0,23.0,0.0,116.0,0.0,0.0,0.0,0.0,0.0,0.0,360.0,136.0,0.0,16.0,0.0,0.0,0.0,0.0,167.0,16.0,0.0,42.0,0.0,21.0,21.0,0.0,0.0,0.0,56.0,0.0,94.0,0.0,49.0,588.0,0.0,17.0,0.0,0.0,0.0,14.0,0.0,54.0,0.0,130.0,12.0,0.0,66.0,27.0,64.0,90.0,0.0,49.0,20.0,13.0,13.0,12.0,0.0,268.0,102.0,60.0,204.0,1507.0,383.0,21.0,23.0,227.0,39.0,212.0,14.0,0.0,51.0,105.0,13.0,196.0,40.0,40.0,62.0,151.0,185.0,36186.0,0.0,37.0,74.0,168.0,0.0,53.0,25.0,0.0,38.0,97.0,26.0,25.0,0.0,16.0,44.0
831,0.0,0.0,0.0,0.0,0.0,0.0,0.0,0.0,0.0,0.0,0.0,0.0,0.0,0.0,0.0,0.0,0.0,0.0,0.0,0.0,0.0,0.0,0.0,0.0,0.0,0.0,0.0,0.0,0.0,0.0,0.0,0.0,0.0,0.0,0.0,0.0,0.0,0.0,0.0,0.0,0.0,0.0,0.0,0.0,0.0,0.0,0.0,0.0,0.0,0.0,0.0,0.0,0.0,0.0,0.0,0.0,0.0,0.0,0.0,0.0,0.0,0.0,0.0,0.0,0.0,0.0,0.0,0.0,0.0,0.0,0.0,0.0,0.0,0.0,0.0,0.0,0.0,0.0,0.0,0.0,0.0,0.0,0.0,52.0,0.0,0.0,0.0,25.0,0.0,0.0,0.0,0.0,0.0,0.0,0.0,0.0,0.0,0.0,0.0,0.0,0.0,0.0,0.0,0.0,0.0,0.0,0.0,0.0,0.0,0.0,0.0,0.0,0.0,0.0,0.0,0.0,0.0,0.0,0.0,0.0,0.0,0.0,0.0,0.0,0.0,0.0,0.0,0.0,0.0,0.0,4910.0,0.0,114.0,0.0,0.0,33.0,0.0,0.0,0.0,0.0,0.0,0.0,0.0,0.0,0.0
832,0.0,0.0,0.0,0.0,0.0,0.0,0.0,0.0,0.0,12.0,0.0,0.0,0.0,0.0,0.0,0.0,0.0,0.0,0.0,0.0,0.0,0.0,0.0,0.0,0.0,0.0,0.0,0.0,0.0,0.0,0.0,0.0,0.0,0.0,0.0,0.0,0.0,0.0,0.0,0.0,0.0,0.0,0.0,0.0,0.0,0.0,0.0,0.0,17.0,0.0,0.0,0.0,0.0,0.0,0.0,0.0,13.0,0.0,0.0,0.0,15.0,0.0,0.0,0.0,0.0,0.0,0.0,0.0,40.0,0.0,0.0,14.0,0.0,0.0,0.0,0.0,0.0,0.0,16.0,0.0,41.0,0.0,26.0,147.0,0.0,0.0,0.0,0.0,0.0,0.0,0.0,41.0,0.0,64.0,0.0,0.0,30.0,14.0,29.0,79.0,0.0,32.0,16.0,0.0,0.0,0.0,0.0,72.0,18.0,20.0,11.0,27.0,31.0,0.0,0.0,12.0,0.0,0.0,0.0,0.0,0.0,0.0,0.0,0.0,0.0,0.0,0.0,0.0,15.0,51.0,0.0,13568.0,507.0,38.0,0.0,34.0,84.0,0.0,0.0,14.0,18.0,27.0,0.0,25.0,40.0
833,0.0,0.0,0.0,0.0,0.0,0.0,0.0,27.0,0.0,52.0,0.0,0.0,0.0,0.0,0.0,0.0,0.0,0.0,0.0,0.0,0.0,0.0,0.0,0.0,0.0,0.0,0.0,0.0,0.0,0.0,0.0,0.0,0.0,13.0,0.0,0.0,0.0,0.0,0.0,0.0,0.0,0.0,0.0,0.0,0.0,0.0,23.0,0.0,32.0,16.0,0.0,18.0,0.0,0.0,0.0,0.0,0.0,0.0,0.0,0.0,61.0,49.0,0.0,0.0,0.0,0.0,0.0,0.0,102.0,45.0,0.0,44.0,0.0,17.0,14.0,0.0,11.0,0.0,14.0,0.0,82.0,0.0,42.0,551.0,0.0,31.0,0.0,21.0,0.0,0.0,0.0,75.0,0.0,141.0,0.0,0.0,34.0,20.0,37.0,82.0,0.0,74.0,42.0,19.0,36.0,18.0,0.0,321.0,41.0,44.0,24.0,73.0,212.0,0.0,0.0,31.0,0.0,15.0,0.0,0.0,67.0,13.0,0.0,19.0,11.0,13.0,37.0,18.0,35.0,79.0,26.0,296.0,63705.0,1004.0,0.0,30.0,412.0,0.0,35.0,18.0,59.0,21.0,0.0,236.0,48.0
834,0.0,0.0,0.0,0.0,0.0,0.0,0.0,0.0,0.0,0.0,0.0,0.0,0.0,33.0,0.0,0.0,0.0,0.0,0.0,0.0,0.0,0.0,0.0,0.0,0.0,0.0,0.0,0.0,0.0,0.0,0.0,0.0,0.0,19.0,0.0,0.0,0.0,0.0,0.0,0.0,0.0,0.0,0.0,0.0,0.0,0.0,0.0,0.0,0.0,0.0,0.0,0.0,0.0,25.0,0.0,0.0,0.0,0.0,0.0,0.0,66.0,111.0,0.0,0.0,0.0,0.0,0.0,0.0,51.0,0.0,0.0,14.0,0.0,0.0,14.0,0.0,16.0,0.0,0.0,0.0,40.0,0.0,19.0,654.0,0.0,0.0,0.0,0.0,0.0,0.0,0.0,35.0,0.0,64.0,0.0,0.0,16.0,0.0,17.0,21.0,0.0,28.0,101.0,43.0,75.0,214.0,0.0,548.0,22.0,0.0,36.0,122.0,127.0,0.0,0.0,34.0,0.0,27.0,0.0,0.0,72.0,36.0,11.0,31.0,0.0,33.0,83.0,65.0,41.0,208.0,16.0,40.0,619.0,27309.0,0.0,13.0,18.0,18.0,59.0,18.0,129.0,14.0,0.0,48.0,23.0
835,0.0,0.0,0.0,0.0,0.0,0.0,0.0,0.0,0.0,0.0,0.0,0.0,0.0,0.0,0.0,0.0,0.0,0.0,0.0,0.0,0.0,0.0,0.0,0.0,0.0,0.0,0.0,0.0,0.0,0.0,0.0,0.0,0.0,0.0,0.0,0.0,0.0,0.0,0.0,0.0,0.0,0.0,0.0,0.0,0.0,0.0,0.0,0.0,0.0,0.0,0.0,0.0,0.0,0.0,0.0,0.0,0.0,0.0,0.0,0.0,0.0,0.0,25.0,0.0,0.0,0.0,0.0,0.0,0.0,0.0,0.0,0.0,0.0,0.0,0.0,0.0,0.0,0.0,0.0,0.0,0.0,0.0,0.0,0.0,0.0,0.0,0.0,0.0,0.0,0.0,0.0,0.0,0.0,0.0,0.0,0.0,0.0,0.0,0.0,0.0,0.0,0.0,0.0,0.0,0.0,0.0,0.0,0.0,0.0,0.0,0.0,0.0,0.0,0.0,0.0,0.0,0.0,0.0,0.0,0.0,0.0,0.0,0.0,0.0,0.0,0.0,0.0,0.0,0.0,0.0,0.0,0.0,0.0,0.0,802.0,0.0,0.0,0.0,0.0,0.0,0.0,0.0,0.0,0.0,0.0
911,0.0,0.0,0.0,0.0,0.0,0.0,0.0,90.0,0.0,0.0,0.0,0.0,0.0,0.0,0.0,0.0,0.0,0.0,0.0,0.0,0.0,0.0,0.0,12.0,0.0,0.0,12.0,0.0,0.0,0.0,0.0,0.0,0.0,0.0,0.0,0.0,0.0,0.0,0.0,0.0,0.0,0.0,0.0,0.0,0.0,0.0,0.0,0.0,159.0,32.0,0.0,37.0,0.0,16.0,0.0,0.0,0.0,0.0,15.0,0.0,35.0,0.0,0.0,13.0,0.0,0.0,0.0,23.0,44.0,20.0,0.0,29.0,0.0,48.0,46.0,0.0,0.0,13.0,14.0,0.0,204.0,0.0,229.0,216.0,0.0,42.0,0.0,31.0,118.0,111.0,44.0,469.0,17.0,323.0,50.0,23.0,408.0,254.0,633.0,553.0,0.0,88.0,44.0,22.0,0.0,0.0,0.0,126.0,27.0,79.0,18.0,69.0,34.0,0.0,0.0,21.0,0.0,20.0,0.0,18.0,16.0,22.0,12.0,36.0,29.0,63.0,19.0,22.0,16.0,149.0,16.0,68.0,169.0,43.0,0.0,55721.0,213.0,14.0,49.0,44.0,27.0,586.0,0.0,29.0,335.0
912,0.0,0.0,0.0,0.0,0.0,0.0,0.0,0.0,0.0,0.0,0.0,0.0,0.0,0.0,0.0,0.0,0.0,0.0,0.0,0.0,0.0,0.0,0.0,0.0,0.0,0.0,0.0,0.0,0.0,0.0,0.0,0.0,0.0,0.0,0.0,0.0,0.0,0.0,0.0,0.0,0.0,0.0,0.0,0.0,0.0,0.0,0.0,0.0,11.0,0.0,0.0,0.0,0.0,0.0,0.0,0.0,0.0,0.0,0.0,0.0,0.0,0.0,0.0,0.0,0.0,0.0,0.0,0.0,40.0,12.0,0.0,0.0,0.0,0.0,0.0,0.0,0.0,0.0,0.0,0.0,35.0,0.0,15.0,37.0,0.0,0.0,0.0,0.0,0.0,0.0,0.0,32.0,0.0,130.0,0.0,0.0,20.0,0.0,18.0,18.0,0.0,12.0,0.0,0.0,0.0,0.0,0.0,16.0,14.0,11.0,12.0,11.0,63.0,0.0,0.0,0.0,0.0,0.0,0.0,0.0,0.0,0.0,0.0,0.0,0.0,0.0,0.0,0.0,0.0,48.0,0.0,14.0,30.0,11.0,0.0,80.0,4140.0,0.0,0.0,0.0,0.0,19.0,0.0,0.0,28.0
921,0.0,0.0,0.0,0.0,0.0,0.0,0.0,0.0,0.0,0.0,0.0,0.0,0.0,0.0,0.0,0.0,0.0,0.0,0.0,0.0,0.0,0.0,0.0,0.0,0.0,0.0,0.0,0.0,0.0,0.0,0.0,0.0,0.0,0.0,0.0,0.0,0.0,0.0,0.0,0.0,0.0,0.0,0.0,0.0,0.0,0.0,0.0,0.0,0.0,0.0,0.0,0.0,0.0,0.0,0.0,0.0,0.0,0.0,0.0,0.0,0.0,0.0,0.0,0.0,0.0,0.0,0.0,0.0,0.0,0.0,0.0,0.0,0.0,0.0,0.0,0.0,0.0,0.0,0.0,0.0,0.0,0.0,0.0,18.0,0.0,0.0,0.0,0.0,0.0,0.0,0.0,26.0,0.0,15.0,0.0,0.0,15.0,0.0,0.0,12.0,0.0,0.0,231.0,55.0,18.0,16.0,0.0,27.0,0.0,0.0,0.0,0.0,0.0,0.0,0.0,0.0,0.0,0.0,0.0,0.0,0.0,0.0,0.0,0.0,0.0,0.0,0.0,0.0,0.0,0.0,0.0,0.0,16.0,47.0,0.0,17.0,0.0,1649.0,0.0,30.0,0.0,0.0,0.0,0.0,14.0
931,0.0,0.0,0.0,0.0,0.0,0.0,0.0,0.0,0.0,0.0,0.0,0.0,0.0,17.0,0.0,0.0,0.0,0.0,0.0,0.0,0.0,0.0,0.0,0.0,0.0,0.0,0.0,0.0,0.0,0.0,0.0,0.0,0.0,11.0,0.0,0.0,0.0,0.0,0.0,0.0,0.0,0.0,0.0,0.0,0.0,0.0,0.0,0.0,0.0,0.0,0.0,0.0,0.0,0.0,0.0,0.0,0.0,0.0,0.0,0.0,26.0,53.0,0.0,0.0,0.0,0.0,0.0,0.0,15.0,0.0,0.0,0.0,0.0,0.0,0.0,0.0,0.0,0.0,0.0,0.0,0.0,0.0,0.0,46.0,0.0,0.0,0.0,0.0,0.0,0.0,0.0,24.0,0.0,26.0,0.0,0.0,11.0,0.0,0.0,0.0,0.0,0.0,17.0,0.0,0.0,0.0,0.0,670.0,38.0,40.0,16.0,46.0,30.0,0.0,0.0,13.0,0.0,13.0,0.0,0.0,21.0,11.0,0.0,0.0,0.0,0.0,0.0,0.0,0.0,24.0,0.0,0.0,37.0,90.0,0.0,13.0,0.0,0.0,3967.0,0.0,0.0,0.0,0.0,0.0,14.0
932,0.0,0.0,0.0,0.0,0.0,0.0,0.0,0.0,0.0,0.0,0.0,0.0,0.0,0.0,0.0,0.0,0.0,0.0,0.0,0.0,0.0,0.0,0.0,0.0,0.0,0.0,0.0,0.0,0.0,0.0,0.0,0.0,0.0,0.0,0.0,0.0,0.0,0.0,0.0,0.0,0.0,0.0,0.0,0.0,0.0,0.0,0.0,0.0,23.0,0.0,0.0,0.0,0.0,11.0,0.0,0.0,0.0,0.0,0.0,0.0,50.0,47.0,0.0,0.0,0.0,0.0,0.0,0.0,33.0,0.0,0.0,0.0,0.0,0.0,0.0,0.0,0.0,0.0,12.0,0.0,48.0,0.0,25.0,312.0,0.0,0.0,0.0,0.0,0.0,0.0,0.0,11.0,0.0,62.0,0.0,0.0,36.0,0.0,31.0,33.0,0.0,13.0,0.0,0.0,0.0,0.0,0.0,45.0,21.0,29.0,0.0,97.0,33.0,0.0,0.0,0.0,0.0,23.0,0.0,37.0,0.0,19.0,0.0,37.0,0.0,92.0,12.0,56.0,32.0,176.0,0.0,0.0,39.0,31.0,0.0,26.0,0.0,0.0,0.0,7362.0,11.0,18.0,0.0,0.0,39.0
933,0.0,0.0,0.0,0.0,0.0,0.0,0.0,0.0,0.0,0.0,0.0,0.0,0.0,0.0,0.0,0.0,0.0,0.0,0.0,0.0,0.0,0.0,0.0,0.0,0.0,0.0,0.0,0.0,0.0,0.0,0.0,0.0,0.0,0.0,0.0,0.0,0.0,0.0,0.0,0.0,0.0,0.0,0.0,0.0,0.0,0.0,0.0,0.0,0.0,0.0,0.0,0.0,0.0,0.0,0.0,0.0,0.0,0.0,0.0,0.0,12.0,0.0,0.0,0.0,0.0,0.0,0.0,0.0,31.0,0.0,0.0,0.0,0.0,0.0,0.0,0.0,0.0,0.0,0.0,0.0,26.0,0.0,28.0,170.0,0.0,0.0,0.0,0.0,0.0,0.0,0.0,18.0,0.0,68.0,0.0,14.0,0.0,0.0,11.0,14.0,0.0,17.0,0.0,0.0,0.0,0.0,0.0,33.0,0.0,0.0,0.0,12.0,18.0,0.0,0.0,11.0,0.0,0.0,0.0,0.0,0.0,0.0,0.0,0.0,0.0,0.0,0.0,0.0,12.0,50.0,0.0,13.0,89.0,45.0,0.0,23.0,0.0,0.0,0.0,15.0,6088.0,0.0,0.0,0.0,13.0
941,0.0,11.0,0.0,0.0,0.0,0.0,0.0,16.0,0.0,0.0,0.0,0.0,0.0,11.0,0.0,0.0,0.0,0.0,0.0,0.0,0.0,0.0,0.0,22.0,0.0,0.0,318.0,0.0,11.0,0.0,0.0,0.0,0.0,34.0,16.0,16.0,12.0,0.0,24.0,0.0,0.0,0.0,0.0,0.0,0.0,0.0,0.0,23.0,314.0,54.0,20.0,90.0,36.0,49.0,0.0,0.0,25.0,20.0,36.0,0.0,64.0,0.0,0.0,26.0,0.0,0.0,0.0,106.0,174.0,56.0,0.0,48.0,0.0,63.0,87.0,25.0,11.0,62.0,54.0,0.0,391.0,11.0,565.0,512.0,0.0,95.0,0.0,58.0,1876.0,1220.0,47.0,91.0,85.0,2158.0,294.0,84.0,752.0,188.0,548.0,569.0,0.0,167.0,29.0,23.0,0.0,14.0,0.0,83.0,25.0,29.0,17.0,109.0,29.0,0.0,0.0,31.0,12.0,0.0,0.0,64.0,0.0,18.0,0.0,34.0,25.0,74.0,14.0,27.0,34.0,249.0,0.0,72.0,119.0,70.0,0.0,675.0,50.0,0.0,15.0,72.0,29.0,47095.0,0.0,22.0,179.0
952,0.0,0.0,0.0,0.0,0.0,0.0,0.0,0.0,0.0,0.0,0.0,0.0,0.0,0.0,0.0,0.0,0.0,0.0,0.0,0.0,0.0,0.0,0.0,0.0,0.0,0.0,0.0,0.0,0.0,0.0,0.0,0.0,0.0,0.0,0.0,0.0,0.0,0.0,0.0,0.0,0.0,0.0,0.0,0.0,0.0,0.0,0.0,0.0,0.0,0.0,0.0,0.0,0.0,0.0,0.0,0.0,0.0,0.0,0.0,0.0,0.0,0.0,0.0,0.0,0.0,0.0,0.0,0.0,0.0,0.0,0.0,0.0,0.0,0.0,0.0,0.0,0.0,0.0,0.0,0.0,0.0,0.0,0.0,0.0,0.0,0.0,0.0,0.0,0.0,0.0,0.0,0.0,0.0,14.0,0.0,0.0,0.0,0.0,0.0,0.0,0.0,0.0,0.0,0.0,0.0,0.0,0.0,0.0,0.0,0.0,0.0,0.0,0.0,0.0,0.0,0.0,0.0,0.0,0.0,0.0,0.0,0.0,0.0,0.0,0.0,0.0,0.0,0.0,0.0,0.0,0.0,0.0,0.0,0.0,0.0,0.0,0.0,0.0,0.0,0.0,0.0,0.0,433.0,0.0,0.0
961,0.0,0.0,0.0,0.0,0.0,0.0,0.0,0.0,0.0,0.0,0.0,0.0,0.0,12.0,0.0,0.0,0.0,0.0,0.0,0.0,0.0,0.0,0.0,0.0,0.0,0.0,0.0,0.0,0.0,0.0,0.0,0.0,0.0,0.0,0.0,0.0,0.0,0.0,0.0,0.0,0.0,0.0,0.0,0.0,0.0,0.0,0.0,0.0,0.0,0.0,0.0,0.0,0.0,0.0,0.0,0.0,0.0,0.0,0.0,0.0,11.0,15.0,0.0,0.0,0.0,0.0,0.0,0.0,14.0,0.0,0.0,0.0,0.0,0.0,0.0,0.0,0.0,0.0,0.0,0.0,13.0,0.0,13.0,61.0,0.0,0.0,0.0,0.0,0.0,0.0,0.0,43.0,0.0,14.0,0.0,0.0,0.0,0.0,0.0,16.0,0.0,0.0,17.0,0.0,0.0,0.0,0.0,70.0,0.0,16.0,0.0,18.0,48.0,0.0,0.0,12.0,0.0,0.0,0.0,0.0,0.0,0.0,0.0,0.0,0.0,0.0,0.0,14.0,34.0,22.0,0.0,30.0,453.0,61.0,0.0,19.0,11.0,0.0,11.0,0.0,0.0,0.0,0.0,6163.0,15.0
962,0.0,0.0,0.0,0.0,0.0,0.0,0.0,13.0,0.0,0.0,0.0,0.0,0.0,0.0,0.0,0.0,0.0,0.0,0.0,0.0,0.0,0.0,0.0,11.0,0.0,0.0,0.0,0.0,0.0,0.0,0.0,0.0,0.0,18.0,0.0,0.0,0.0,0.0,0.0,0.0,0.0,0.0,0.0,0.0,0.0,0.0,0.0,0.0,41.0,21.0,0.0,28.0,0.0,51.0,0.0,0.0,0.0,12.0,0.0,0.0,65.0,0.0,0.0,14.0,0.0,0.0,0.0,13.0,49.0,15.0,21.0,37.0,0.0,21.0,20.0,26.0,0.0,0.0,49.0,0.0,257.0,0.0,136.0,200.0,0.0,59.0,0.0,13.0,33.0,41.0,0.0,202.0,49.0,173.0,54.0,12.0,97.0,38.0,70.0,131.0,0.0,72.0,31.0,21.0,0.0,0.0,0.0,94.0,15.0,19.0,15.0,68.0,68.0,0.0,16.0,34.0,27.0,28.0,0.0,0.0,0.0,18.0,0.0,29.0,0.0,18.0,11.0,27.0,57.0,104.0,0.0,59.0,110.0,44.0,0.0,192.0,19.0,0.0,13.0,36.0,12.0,182.0,0.0,17.0,28785.0
