Radetiketter;110;210;310;111;112;121;122;123;124;125;129;131;132;133;134;135;136;137;138;141;142;149;151;152;153;154;159;161;171;172;173;174;179;211;212;213;214;216;217;218;221;222;223;224;225;226;227;228;231;232;233;234;235;241;242;243;251;261;262;264;265;266;267;311;312;315;321;323;324;325;331;332;333;334;335;336;341;342;343;344;345;351;352;411;421;422;432;441;442;443;511;512;513;514;515;516;522;523;524;531;532;533;534;535;541;611;612;613;621;622;711;712;713;721;722;723;731;732;741;742;752;753;761;811;812;813;814;815;816;817;818;819;821;831;832;833;834;835;911;912;921;931;932;933;941;952;961;962;***;NULL;Totalsumma
110;1059;;71;;;;0;21;;;0;;;;;;0;0;;;;;;;;;0;;;;;;;;;;0;;;;0;;;;;;;;;0;0;;0;;19;;;;;;;;;0;;0;;;;;;;;0;0;;;;;;;0;;0;;0;0;;;;;;;;;;;;;;0;;;;;;;0;;;0;;;;;;;;;;;;;;;;;;;;;;;;;0;;;;;;;;;;;;;;0;1170
210;;623;101;;;;;14;;;0;;;;0;;;;;;;;;;;;0;;;;;;0;;;;0;;;;;;;;;;;;;;;;13;;0;;0;;;;;;;0;0;0;;;;;0;0;;;0;;;;;0;;0;0;0;;;0;;;;;;;;;;0;;0;;;;0;;0;;;;;;;0;0;;;;;;0;0;;;;;;;;;;;;;;;;0;;;;;;;;;;;;;;0;751
310;;;4508;;;;;13;;;0;;;;0;;;;;;;;;;;;0;;;;;0;;;;0;13;;;;0;15;;;;0;0;;0;0;0;0;11;0;0;0;0;0;;0;;0;;27;0;0;0;;;;0;16;0;0;40;28;0;0;0;13;;0;0;22;0;0;29;;0;;0;0;0;0;0;0;37;0;0;11;0;0;31;;72;0;0;0;;;36;13;0;0;0;11;0;0;0;35;0;;0;0;0;0;0;;0;0;0;0;13;0;0;15;0;;;0;;0;0;0;0;;0;0;;24;5033
111;;;0;3036;37;14;0;33;0;0;24;21;0;;11;0;0;0;;16;0;0;0;11;12;0;50;0;;;0;0;0;;;;0;0;;0;0;0;;;;0;;0;0;;0;0;0;13;65;0;0;0;;;0;0;0;0;;;;;;;0;0;0;0;0;;0;0;;0;;;;0;;0;;;;0;;;;;;;0;;0;;;;0;;0;0;0;0;0;;;;0;;;0;;0;;;;;;0;;;;;;;;;;;;;;;;;;;;;;;;;;22;3365
112;;;0;27;16648;229;60;36;62;422;160;167;111;32;64;49;318;255;25;0;0;17;31;23;13;0;47;51;29;46;277;39;52;0;0;0;65;0;18;0;0;0;0;0;0;;0;0;0;0;0;0;0;97;130;42;61;16;0;25;15;0;;86;35;0;0;;0;;21;202;34;13;0;0;0;0;0;0;0;15;0;47;;11;11;;;0;;11;0;;0;0;84;0;0;;0;0;17;;0;24;0;11;0;;17;12;14;38;0;21;0;0;11;0;0;0;0;0;0;;0;0;;0;0;0;24;0;11;11;13;;0;0;0;0;;0;0;;;0;;245;20798
121;;;;24;119;12879;50;73;0;77;92;23;0;0;12;0;17;19;0;0;;0;0;0;0;0;29;21;0;0;11;0;0;;0;0;15;0;0;;;0;0;;;;;0;0;0;0;0;;521;87;17;22;15;;;;;;25;0;;0;;;;354;55;11;13;0;0;0;0;0;0;;0;0;202;;0;0;;;0;;;0;0;;;19;;0;;0;;0;;;0;0;0;0;;0;0;0;;;;;;0;;;;0;;;;;0;;;;;0;;;0;0;;;;;;0;;;;;0;;204;15006
122;;;;12;33;45;5891;57;0;38;61;14;14;0;0;0;18;42;;0;0;0;15;0;12;;30;0;0;0;0;0;0;0;;0;12;;0;0;;0;;0;;;0;0;;;;0;0;24;341;14;22;0;0;0;;11;;25;16;;0;;;;19;31;18;17;15;;0;0;0;0;;0;0;72;;0;20;;0;;0;0;0;0;0;0;22;;0;;0;0;15;;0;0;0;0;0;;0;;0;;0;0;;0;0;;;;;;;;;0;0;;;0;0;0;0;0;0;;0;;;;;;0;;;;;69;7045
123;;;46;58;56;167;44;7708;15;83;121;28;26;17;44;14;94;88;;15;;0;24;26;20;;126;0;0;0;0;0;0;0;0;0;74;0;0;0;0;0;0;0;;;;0;0;0;0;;13;78;348;0;36;26;0;;;0;0;61;25;0;0;;;;14;42;12;19;41;0;;0;0;0;;0;;49;;0;12;;;;0;0;0;;0;;0;;;;0;0;0;;0;0;;;;;0;0;;0;;0;;0;0;0;0;;;;;;0;;;;;0;0;0;;;0;;0;;;;0;;0;;;;;68;9738
124;;;0;0;28;14;0;18;2755;70;26;0;0;0;0;0;0;0;;0;;0;0;0;0;;14;0;;0;0;;0;;0;0;11;;0;0;0;;;;;;;;0;;;;;12;50;206;25;0;0;11;0;;;0;0;;;;;;0;19;0;12;0;0;0;;0;0;;0;0;16;;0;0;;;;;;0;;;;0;;;;;;0;;;;;;;;;;;;;;;;;;;;;;;;;;;;;0;;;;0;;;;;;;;;0;;;;;50;3337
125;;;;0;312;76;34;92;74;21564;190;87;81;46;44;16;59;102;;0;;0;13;0;0;;15;21;0;0;104;0;44;;0;16;92;0;23;0;0;0;0;0;;;0;0;;;0;11;0;79;234;295;214;0;0;13;0;0;;90;12;0;0;;;;34;1231;45;34;14;;0;13;0;0;;61;;118;;44;23;;0;;0;0;0;0;0;0;199;0;34;0;0;0;11;;0;0;0;0;0;;0;;0;0;0;0;0;;;0;0;;;0;0;;0;;0;;;0;0;;0;0;0;;0;;;0;0;;0;0;0;0;;319;26233
129;;;0;16;124;104;70;100;32;213;15166;78;75;32;49;48;74;84;;0;0;29;18;20;27;0;57;11;0;14;27;11;43;0;;0;141;0;28;19;;0;0;0;0;;0;0;0;0;0;0;0;108;287;63;167;20;0;0;0;15;;152;32;0;0;0;;;59;227;62;96;85;0;0;12;15;16;0;36;0;227;0;79;91;0;0;;0;0;0;0;34;0;57;0;12;11;0;0;18;;33;0;0;0;0;;0;0;0;0;0;13;0;0;0;0;;;0;;;;0;0;0;0;;0;0;0;0;0;0;;45;0;;0;0;0;0;;0;0;;252;19034
131;;;;0;70;34;11;20;11;93;58;8012;0;36;43;0;59;0;;;;0;0;0;0;;15;11;;;0;0;0;0;0;0;36;;0;0;;0;;;;;;;0;0;0;0;0;35;101;30;664;0;0;;;0;;37;0;;0;;;;0;49;0;19;18;0;;0;;;;129;0;14;;12;0;;;0;;;0;0;0;0;0;;0;0;0;;0;0;;0;;0;;;0;;;0;;0;;;0;0;0;;;;;;;;;;;0;0;;0;0;;;;0;;;;;0;0;;;;106;9723
132;;;;;52;19;0;31;0;112;72;16;8372;0;13;0;39;85;;;;;0;0;0;0;0;;;0;19;0;14;;0;0;88;0;0;0;0;;;;;0;;;;;;0;0;24;43;15;24;0;0;;;;;45;31;0;0;;;;0;299;37;16;0;;0;0;;0;;0;0;66;;12;214;;;;0;0;0;0;0;0;50;0;0;0;;0;0;;0;0;0;;0;;0;;0;0;0;0;;0;0;0;0;;0;;;0;0;0;0;;;51;0;;0;28;0;;;0;;;0;0;0;0;;0;;82;9969
133;;;0;;46;13;0;27;0;59;44;36;0;4944;32;0;16;44;0;0;;;0;0;;;13;;;;0;;0;29;;19;122;0;0;0;0;;0;;0;;;0;13;0;;0;0;11;64;23;56;0;0;0;0;0;;63;0;;18;;;;;21;0;0;0;0;0;0;0;0;;0;;0;;0;0;;;;;;;;;;;;;;;0;;;;;0;0;0;;;;;;;;;;;;;;0;;0;;;;;0;;;;;;;;;;;;;;;;;;;;51;5764
134;;;0;23;43;16;15;32;0;58;44;25;0;20;7682;11;51;40;;;;0;0;0;0;;46;0;0;;0;;0;0;;0;324;132;0;0;;;;0;;;;;0;;0;0;0;11;94;11;58;0;;;;0;;170;18;0;0;;;;0;48;0;11;11;;0;;;0;;0;;13;;0;0;;;;;;;;0;;0;;0;0;0;0;;;0;0;;0;0;;0;0;;;;0;;;0;0;;;;0;;;;;;;;12;0;;;0;0;;;;;;;;;;;;;77;9096
135;;;;0;53;14;0;16;0;22;29;0;0;;18;2768;17;0;;0;0;;;;;;24;;;;0;0;0;;;0;18;0;;0;;;;;;;;;;;0;0;;16;21;0;0;;;;0;;0;19;0;;;;0;;0;18;129;0;0;0;;0;0;;;0;;20;;0;;;;;;;0;;25;;0;;;0;;;;;0;0;0;0;;;0;0;0;;;0;;;;;;;;;;;;;;;;;0;;;0;0;;0;;;;;;0;;;;;50;3277
136;;;;0;109;34;0;24;0;69;54;31;19;0;60;22;13097;50;;;;0;0;;0;;0;;;;14;;27;0;;0;172;0;;0;;;;;;;;;0;0;;0;0;22;31;0;22;0;;0;;;;320;219;0;0;;;;0;64;15;19;11;;;0;0;0;;0;0;25;;0;19;;;0;;0;;0;14;0;0;;;;0;;0;;0;0;0;0;0;0;187;42;47;0;;0;;0;17;0;0;;;11;;;;;0;;0;0;0;;;0;16;;0;;;0;;0;;;0;0;;156;15039
137;;;0;0;180;47;48;37;0;123;78;24;67;46;47;19;149;12384;0;0;;0;0;;0;;16;;;0;26;0;34;0;;0;202;0;0;0;;;;;;;0;0;0;0;;0;0;14;51;20;32;0;;0;0;;;256;187;0;14;0;;;0;162;15;13;14;;;0;0;0;;0;0;30;;0;47;;0;0;;0;;;0;;24;;0;0;0;0;0;;0;0;0;0;0;;18;0;13;24;53;49;0;14;11;0;24;0;0;0;0;;0;0;33;0;0;14;66;0;;0;0;;;;;;0;0;0;;0;0;;106;14831
138;;;;;0;0;0;;;0;0;0;0;;;;0;0;466;0;;;;;;;0;;;;;0;;;;18;0;;;0;;;;;;;;;;;;;;;0;0;0;;;;;;;0;;0;;;;;0;0;;;;;;;;;;;;0;;;;;;;;;;;;;;;;;;;0;;;0;0;0;0;;;;;;;;;;;;;;;;;;;;0;;;;;;;0;0;;;;;;;;;;;;;0;484
141;;;;30;20;0;0;31;;11;0;;;0;0;0;;0;;8698;87;22;15;11;0;;62;0;;0;;0;0;0;;;0;;;;;;;0;;;0;;0;17;51;144;68;0;170;0;0;;0;0;0;0;;0;;;;;;0;0;0;0;0;0;;0;0;0;0;;0;;25;;0;0;;;;;;;0;;0;0;;;0;;;0;;;;0;;0;;;;;;;;0;;0;;;;0;;;;;;;;;0;;;;;;;;;;;;;0;;;0;;15;9477
142;;;;0;0;0;0;;;;0;;;0;;;;;;104;3709;0;0;0;0;;0;;;0;;0;;;;;;;;;;;;0;;;;;0;;0;162;20;0;39;;0;;;;;0;;0;;;;;;;;;0;;0;;0;0;;;;0;;0;;0;;;;;;;;;;;;;;11;;0;0;0;;0;;;;;;;;;;;;;;;;;;;;;;;;;;;;;;;;;0;;;;;;;;;;;11;4056
149;;;;0;19;0;0;0;0;0;16;0;0;0;;0;0;0;;18;0;788;0;0;;;0;0;;;;0;0;;;;0;0;0;;;;;;;;;;0;0;0;0;0;0;25;0;0;;;;;0;;0;;;;;;;;0;0;0;0;;0;0;;21;;;;0;;;0;;;;;;;0;;;0;;0;;;;;;0;;0;;;;;;0;;;;;;0;;;;;;;;;;;;;;0;;;0;;;;;;;;0;;;;;;22;909
151;;;;20;33;0;12;45;0;0;21;0;;0;0;0;0;;;12;0;0;9114;69;107;;34;;;;0;0;0;0;0;;0;;0;0;180;431;135;26;0;16;49;17;0;0;;;0;0;229;0;14;;0;;;50;;0;0;;46;;0;0;0;14;0;0;0;;25;0;;;;;;67;;0;0;;;;;0;;0;;;0;0;;0;45;0;49;16;0;0;0;;0;;0;;;;;;;;;;;;0;;;;;0;;;;;0;;0;;;;;;;;;;0;;;;;36;10912
152;;;;23;14;0;15;24;0;0;0;;;0;0;;0;;;15;0;0;88;3548;170;0;63;;;0;0;;0;;0;;;0;;;0;14;0;0;;;0;0;;0;0;0;0;0;83;0;0;0;;;0;177;0;;;;;;;;0;0;17;0;0;;45;0;;0;;;;24;;0;;;0;0;;;;;0;;0;;0;0;0;0;64;;0;;0;0;0;;0;;;;;;;;;;;;;;;;;;;;;;;;;0;;;;;;;;;0;;;;;27;4411
153;;;;21;0;0;17;37;0;0;20;0;;;0;;0;0;;18;0;;141;322;7785;;67;;0;0;;;0;;;;0;0;;0;;60;22;0;;;18;0;0;0;0;0;0;0;192;0;0;;0;;;162;;0;;;;0;;;0;0;22;0;12;;21;0;;0;0;0;;56;;0;0;;;;;0;;0;0;;0;;;0;52;0;34;;0;;;;0;;0;;;;;;;;;;;;;;;;;;;;;;;;;;0;;0;;;;;;;;;;;22;9101
154;;;;;0;0;;;;;0;;;;;;;;;;;;;;;561;0;;;;;;;;;;;;;;;;;;;;;;;;;;;;;;;;;;;;49;;;0;;;;;;;;;;;0;;;;;;;;;;;;;;;;;;;;;;;;;;;;;;;;;;;;;;;;;;;;;;;;;;;;;;;;;;;;;;;;;;;;;;;;;0;610
159;;;0;106;42;41;36;171;22;22;111;15;0;0;61;0;12;0;0;31;0;0;68;128;62;;12450;0;0;0;0;0;0;0;0;0;35;0;0;11;0;0;0;0;0;;0;0;190;0;0;12;48;27;345;25;26;71;43;86;0;43;0;15;0;0;0;;;;16;23;36;16;89;206;0;0;;0;0;0;0;57;;0;14;;0;0;;67;0;0;13;;74;0;0;0;0;;0;;17;0;0;0;0;;0;;;;;0;0;0;;;;;;;;;;0;;;;0;0;0;0;0;;;0;;;;0;;11;;0;0;;46;15040
161;;;;0;53;40;0;0;0;31;16;15;0;0;;0;0;0;;;;0;;0;;;0;4040;;0;0;;0;;0;;0;;0;;;;;;;;;;;;;;0;89;82;15;0;36;;;;;;0;;;;;;;278;43;0;0;0;;;;;;;0;;13;0;0;;;;;;;;;0;;0;;;;;;0;;;;;0;;;;;;;;;;;;;;;;;;;;;;;;;;;;0;;;;;;;;;;;;;;23;4774
171;;;;0;28;0;0;;;0;13;;;;;0;0;0;;;;;0;;;;0;;1057;25;0;0;0;;;0;0;;0;0;;;;;;;;;;;;;;0;0;0;0;;;;0;0;;0;0;;;;;;0;0;0;0;0;;;;0;;0;0;;16;;28;;;;;;0;0;;;;0;;0;0;;0;0;;0;;;;;;0;;;;;0;;;;;;;;;;;;;;;;;;;;0;;;;0;;;;;0;;;;;23;1190
172;;;;;33;0;0;0;0;0;27;0;0;;0;0;0;0;;;;;;;0;;17;;36;5638;0;0;0;;;;0;0;;;0;;;;;;;0;0;0;0;0;0;0;21;0;0;;;0;0;0;;0;0;;;;;;0;34;15;0;0;;0;0;0;0;91;0;0;32;;32;0;;;;0;213;191;0;0;0;96;0;0;0;0;0;17;;11;;0;0;;;0;0;0;0;0;;;0;0;;;;0;;;;0;;0;;0;0;0;;0;0;;0;0;;;0;0;;149;0;;0;;130;6783
173;;;0;0;147;53;18;0;0;232;62;23;28;0;0;0;20;64;0;0;;0;0;0;0;;0;;0;14;7888;0;30;;;0;13;0;0;0;0;0;0;;;;;22;0;0;0;0;0;11;24;12;12;;0;0;;;;16;0;0;0;;;;0;166;14;0;0;0;0;0;0;0;;0;0;37;;0;26;;0;0;0;0;0;0;0;0;429;0;0;0;0;0;0;;0;0;0;0;;;0;0;0;0;0;16;0;0;;0;0;;0;;;;0;;;0;;;0;0;;0;0;;0;;;0;0;0;0;;0;;;125;9502
174;;;;0;17;0;0;;0;11;0;;;;;0;0;;;0;;0;0;0;;;0;0;;0;0;956;0;;;0;;;;0;;;;;;;0;;;0;0;0;0;0;0;0;0;;0;;0;;;0;0;;0;;;;0;0;0;0;0;;0;58;0;;;;;12;;0;;;;;0;0;;0;;;0;0;;0;0;;0;;0;0;;0;;;0;;0;;;0;;;;;;;;;;;;;;;;0;;;;;;;0;;;;;;0;;;0;;24;1078
179;;;;0;23;0;0;15;0;49;61;0;0;0;18;0;19;20;;0;;;0;0;0;;11;0;0;0;30;16;5333;;;0;22;0;0;0;;0;0;;;;0;59;;0;0;0;0;0;40;0;0;;0;0;0;0;;16;17;0;16;;;;13;84;41;0;22;;0;17;0;0;0;0;;37;;36;15;;;0;;0;0;0;0;0;38;0;0;0;0;;0;;0;0;0;0;0;;0;;0;0;0;45;;;0;0;;0;0;0;;;;;0;;;0;0;;0;0;0;;0;0;;;;0;0;;;0;;57;6170
211;;;;;0;0;;;;0;0;0;0;36;12;;0;0;;;;;12;;;;0;;;;0;;;4918;0;41;232;0;0;12;15;;;;;0;;0;138;;0;0;0;0;32;0;39;;0;;;;;77;18;0;96;;0;;0;20;;0;16;0;;;;;;0;;0;;0;0;;;;;0;0;0;0;0;;;0;;;;0;;;0;;;0;;0;;;;;0;;;;;;;0;0;;;;;;;;0;;;;0;;;0;;0;;;;;;;;;20;5734
212;;;;0;0;0;;0;;0;0;0;;;;;;;;;;0;;;;;0;0;;;0;;;0;1530;;0;;0;;0;;;;;;;;0;;;0;0;28;93;21;31;0;0;;;;;0;;;0;;;;0;14;0;0;0;;;;;0;;0;;0;;0;0;;0;;;;;;;;;;;0;;;0;;;;;;;;;;;;;;;;;;;;;;;;;;;;;;;;;;;;;;0;;;;;;;;;14;1731
213;;;;;0;12;;0;0;15;13;0;0;41;0;0;;0;13;;;;0;;0;;15;;;;0;;;55;0;4889;71;0;0;59;22;0;0;;;;;16;147;0;0;0;0;0;116;13;68;0;0;0;0;;;29;0;;104;;0;;0;60;0;0;13;;0;0;;;;0;;17;;0;0;;;0;;;;;0;;0;;;;0;;0;;;18;12;11;22;0;0;;0;;;;;0;;;;;0;;;0;;;;;;;;;;0;0;;;0;0;;;0;;;;0;0;85;5936
214;0;;0;0;46;23;11;61;21;174;166;51;86;222;501;22;227;227;0;0;;0;0;;0;;18;;;0;0;0;25;121;0;67;71571;141;95;124;0;0;0;;;;0;0;176;0;12;31;0;135;505;154;1633;29;0;16;0;;;2656;205;0;192;;;;23;453;59;54;187;;0;0;0;0;0;139;0;170;;41;80;0;;0;;;0;0;11;0;20;;0;0;0;0;19;0;0;0;0;13;0;0;21;14;0;16;17;44;0;;37;13;0;;0;0;0;26;0;0;0;105;0;79;50;;0;0;0;;0;;;0;0;0;0;;;0;0;1002;82437
216;;;0;0;0;0;0;0;;0;0;0;0;;188;0;0;0;;0;;;;0;0;;34;;;;0;;0;0;0;0;155;9664;20;0;;0;;;;;;;18;0;0;;0;12;134;0;15;0;0;0;0;0;;207;0;0;0;;;;0;13;13;0;25;;;0;0;;0;0;;26;;0;0;;;;;;0;;0;;0;;;0;;0;0;;;0;;0;;;0;;0;;;;0;;;0;0;;;;;;;;;;;0;;;;0;0;;0;;;;;;;;;;17;375;10916
217;;;;;0;0;;0;25;30;21;11;0;0;0;;0;12;;;;;;;;;0;;;;0;;0;;;0;109;15;12100;;;0;;;;;0;;11;0;0;17;0;18;42;259;324;0;0;55;44;0;;81;0;;0;0;;;0;86;22;32;0;;0;0;56;0;0;28;15;79;;12;0;0;0;;0;0;0;0;0;0;36;;0;0;0;0;22;;0;0;;;;;0;;0;0;27;0;0;71;;0;;22;;;;0;0;0;;;;;11;;0;0;;;0;;;0;;0;0;0;0;0;77;958;14728
218;;;;0;0;0;0;0;;0;23;;0;0;18;0;0;0;;0;;;0;0;;;31;;;;;;0;0;;44;139;18;;6354;0;;0;0;0;;0;0;0;0;0;0;15;0;203;11;0;13;;;;0;;101;0;0;0;;0;;0;18;0;0;49;;;0;0;0;;0;;27;;0;0;;0;0;;;;;0;;0;;0;0;0;0;0;;0;0;0;0;0;;0;;;;;0;;;0;0;;;;;0;;0;;;;0;0;0;;;0;;;;;0;;0;;0;;0;0;0;108;7172
221;;;0;;0;;0;0;;0;0;0;0;46;;;;;;;;;257;;;;0;;;;;;;0;33;24;0;;;0;35350;55;0;0;0;0;0;21;270;;;0;0;0;74;0;0;0;;;0;;;0;;;54;;;;0;0;;0;0;;;0;;;;;;0;;0;;;;0;;;;0;;;;;0;;0;;0;0;;;0;0;0;;;;;;;;;;;;;;;;;;;;;;;;;;;;;;;;;;;;;;;0;0;567;36751
222;;;0;0;0;0;0;0;;0;0;;;;0;0;0;0;;0;;0;610;0;143;;21;;;;0;0;0;0;0;0;0;;0;0;57;75071;2143;0;0;0;20;32;77;65;19;0;23;0;222;0;31;;0;0;0;16;0;0;0;0;27;0;0;;17;39;0;0;12;0;31;13;0;13;;0;;82;;0;0;;0;;;0;0;14;0;0;23;0;0;13;67;21;51;0;0;0;0;0;0;;0;0;;;;;0;;;0;;;0;;;;0;;0;;;;;;0;;0;;0;0;0;;;;0;;;;;422;79395
223;;;;0;;;0;0;;;0;;;;;;;0;;0;;0;176;0;25;;0;;0;;0;0;;;0;;;;;0;11;1226;18618;0;;;12;0;34;25;0;0;0;0;67;0;0;0;0;;;11;;0;;;0;0;0;;0;17;0;;0;;0;0;0;0;;;;29;;;0;;;;0;;0;0;;;0;;0;0;12;0;11;;0;;0;0;0;;;;;;;0;;;;0;0;;;;0;;0;;;;;;;;;;;;;;;;;;0;;;;;71;20345
224;;;;;0;0;0;0;;0;;;0;;;;;;;;0;0;45;0;0;;0;;;;;;0;;0;;;;;;20;0;0;7964;;0;0;12;53;;0;;0;0;66;0;0;;0;0;;54;;0;;;;;;;0;0;0;0;0;;16;0;;0;;;0;0;;;;;0;;;;0;;;;0;;;;0;;15;;;;;;;;;;;0;;;;;;;;;;;;;;;;;;;;;;0;;;0;;;;;;;;;;12;514;8771
225;;;;;0;0;;;;;;;;0;0;;;;;;;;0;;;;17;;;;;;0;;;;;;;13;0;;;;2151;;;;16;0;0;;;;0;;0;;0;;;;;;;;;;0;;0;0;;;;;;0;;;;;;;;0;;;;;;;;;0;;;;;;;0;0;;;;0;0;;;;;;;;;;;;;;;;;;;;;;;;;;;;;;;;;;;;;;;;;0;96;2293
226;;;;0;;;0;;;;;;;;;;;;;;;;39;;;;;;;;0;;;;;0;;;;;0;0;;0;0;5253;;0;42;;0;0;;;0;;0;0;;0;;0;;;;;0;;;0;0;0;;;;;;;;;;0;;0;;;;;;;;;;0;;;0;;;;;;0;0;0;;0;;0;;0;;;;;;;;;;;;;;;;;;;;;;;;;;0;;;;;;0;;;;;;0;142;5476
227;;;;;0;0;0;0;;;0;0;;0;;;;;;;;;71;0;44;;0;;;;;0;0;;;;;;0;0;33;21;0;0;;;18792;22;12;0;0;0;25;0;115;0;0;;;0;0;38;0;;0;;0;0;0;;0;21;36;0;18;;188;18;;20;;0;;26;;0;0;;0;0;;0;0;0;0;;0;0;0;11;21;11;86;;0;0;0;0;;;0;;0;;0;;0;;;;0;0;;;0;;0;;;;;;0;;;;;;0;;;;;;0;;;;24;939;20592
228;;;;;;0;;0;0;0;0;0;;0;;;;;;;;0;28;;0;;12;;;0;0;;73;0;;27;0;;0;;0;11;0;0;;0;0;8399;18;0;0;0;24;0;55;0;0;0;;;0;0;0;0;;;131;0;;;0;19;0;0;0;0;0;0;;0;0;;;15;;0;0;;;;;0;0;;0;;27;;0;0;0;0;22;;;0;0;0;;;0;;;;;;;;;;;;;;;0;;;;;;0;;;;;;;0;;;;;;0;;;0;0;105;8966
231;;;0;;14;0;0;14;0;0;12;0;0;31;0;;0;0;;12;0;0;0;0;0;;221;0;;0;;;0;179;21;182;280;27;14;21;266;18;0;30;13;24;21;29;29156;13;44;48;53;47;303;30;168;38;138;43;21;16;0;87;;0;283;;0;0;0;11;0;0;82;28;0;0;0;0;;0;;49;;0;;0;;;0;;0;;0;;0;0;0;0;0;0;31;0;0;0;0;0;0;;0;;0;;;;0;;;;0;0;;;;;;;;;;0;0;;;0;;0;;;;;;;0;;;0;;78;32196
232;;;;;0;;0;0;0;0;0;;;0;0;0;0;0;;37;0;0;0;0;0;;0;;;0;;0;;0;;0;0;0;0;0;;38;0;;0;;0;;17;7878;305;210;134;0;44;0;0;;0;;0;0;;14;0;0;0;;;0;;12;0;0;0;;0;0;0;50;0;0;0;19;;0;0;0;0;;0;0;0;13;0;;11;;0;22;0;0;22;0;0;0;12;0;0;;0;0;0;0;0;0;0;0;0;0;0;0;;;0;0;;;;0;;;0;;0;0;0;;0;;;;;;0;;;0;;72;8910
233;;;;0;0;0;;0;;0;0;0;0;0;0;;0;0;;214;0;0;0;0;0;0;0;0;;0;;0;;0;;0;14;0;0;0;0;0;0;0;;;0;0;96;378;24605;1142;531;0;101;0;15;0;11;18;29;18;0;0;0;0;0;;0;;0;0;25;0;12;;22;47;0;43;0;0;0;84;;16;0;0;;0;0;0;0;0;0;;35;0;0;137;12;16;41;0;0;0;0;0;0;;0;0;0;;0;;0;;0;;;;0;;0;0;;0;;0;;0;0;0;0;0;;0;0;;;;0;;13;0;;0;;167;27842
234;0;;0;0;0;0;0;0;0;0;20;0;0;0;0;0;;0;;641;431;0;0;0;0;;24;;0;0;0;0;0;0;;0;26;0;0;14;0;0;0;0;;;0;0;105;267;1399;164493;2280;24;261;29;40;0;46;44;56;82;;34;0;0;25;0;0;;28;66;91;0;44;0;131;451;15;68;0;31;0;351;;128;107;23;20;0;14;39;61;27;37;0;369;37;26;3132;108;173;441;0;59;23;24;0;19;;29;0;0;0;27;13;0;0;0;0;0;0;0;0;0;0;12;0;13;0;0;14;61;0;0;40;20;;74;0;0;0;15;0;113;0;0;29;;795;177739
235;0;;19;0;0;0;0;18;0;0;17;0;0;0;;;0;0;;199;32;14;12;0;13;;69;0;;0;0;;0;0;0;0;0;0;0;0;0;16;0;0;;;17;20;119;122;374;1353;27445;43;327;25;32;26;19;34;59;66;0;34;0;0;0;;0;0;0;26;113;0;73;34;73;86;0;120;0;14;;113;;32;12;0;0;0;0;0;11;0;12;0;71;12;0;387;27;42;128;;35;0;0;0;0;;11;0;0;;0;0;0;;0;0;0;0;0;;0;;0;;0;;;0;0;;0;0;0;;0;0;;0;0;0;24;;;0;12;287;32279
241;;;0;0;68;877;41;80;16;100;107;30;32;0;17;18;12;21;;0;0;;0;0;0;;33;77;0;0;15;0;0;0;29;0;146;0;0;13;0;0;;0;;;0;0;33;0;0;0;0;35603;1059;264;229;92;16;27;0;0;;89;11;0;0;0;;;1142;248;82;56;167;0;0;0;16;0;;44;0;600;0;41;14;0;0;0;0;0;0;0;0;0;27;0;0;0;0;0;13;;0;0;0;0;;;;;;0;0;0;0;0;;;;;;;0;;;;;;;0;0;;;0;0;;;0;0;;;;0;;;0;0;830;42435
242;;;18;70;86;112;527;527;53;258;315;106;41;40;117;26;47;53;0;125;31;20;168;119;194;;1101;56;0;0;24;0;30;23;81;98;388;181;17;265;87;70;43;27;0;0;32;33;197;22;54;122;243;1031;79000;413;1093;519;128;40;42;323;0;319;26;0;44;0;0;0;186;493;476;203;1020;669;84;101;25;80;0;148;0;1285;0;530;46;13;0;18;0;0;0;0;29;0;59;0;18;43;54;29;133;0;39;0;0;14;13;;16;;;0;0;0;0;0;0;0;;0;0;0;;0;0;;0;0;0;17;0;0;0;0;0;;13;0;0;0;0;0;16;;;14;46;1769;96924
243;;;;12;41;31;20;29;291;442;113;30;17;34;26;0;0;33;0;0;;0;0;;0;;36;15;0;;18;0;16;0;17;13;2619;12;203;13;0;0;;0;;;0;0;13;0;0;32;26;232;579;26187;348;16;31;147;31;13;0;94;12;0;0;0;0;;52;545;92;80;86;0;0;35;34;17;;103;0;446;0;75;0;0;0;0;0;0;0;0;0;0;58;0;28;0;0;0;20;;0;0;0;0;;;0;0;;0;0;;;0;;;0;;0;;;;0;;0;;0;0;0;0;0;0;0;0;0;;;0;;0;0;;;0;48;1288;34849
251;;;0;0;61;51;27;57;19;203;190;811;20;72;87;0;49;55;;0;0;0;12;0;0;;39;23;;0;0;0;0;29;33;143;1304;20;415;0;0;0;0;0;;0;;0;44;0;13;34;17;259;1181;309;91851;26;26;43;15;0;0;528;25;0;31;;;;81;474;32;115;177;20;0;12;23;21;;2533;13;245;;48;37;0;;0;0;;0;0;0;0;30;0;12;0;0;11;26;;16;0;0;0;0;;0;;0;;0;0;0;0;15;0;;0;0;0;0;0;0;;;0;;11;12;0;0;0;0;;0;0;;0;0;0;;0;0;11;135;3750;105982
261;;0;;11;0;25;14;29;0;13;29;0;0;0;0;0;0;0;;;;;;;0;;155;25;0;;0;;0;0;0;0;31;15;0;12;0;;;0;;;;0;30;0;0;0;0;172;428;0;23;18198;0;0;;0;;27;;;0;;;;42;45;20;101;126;0;0;0;0;;;0;0;108;23;0;0;0;;0;;;;;0;;0;;0;;0;;0;;0;0;;0;0;;0;;0;;;;;;;;;;;;;;;;;;;;;;0;;;;0;;;;;;0;;;;13;687;20402
262;;;0;0;0;0;0;0;0;0;12;0;;0;0;;;;;0;;;;0;;;70;;;0;0;;;;0;0;18;0;0;24;0;0;;0;;;0;;98;0;0;24;27;22;197;50;45;0;8723;0;21;0;;16;;;0;;;;0;0;0;0;29;;;;0;0;0;0;0;59;0;0;0;50;0;;0;0;0;;0;0;11;;;0;0;0;0;;0;;;;0;0;0;;0;;;;;0;;;;;;;;;;;;;;0;;;0;;;;;;;;;;0;;;0;;48;9544
264;;;;0;20;0;;0;21;23;16;0;0;0;0;0;;0;;0;;0;;0;;;151;;;;0;;0;0;0;;42;0;43;0;0;0;;0;;;0;0;38;0;25;46;22;19;66;359;66;0;17;12519;163;0;;33;0;;0;;;;0;45;17;14;25;;0;19;69;0;0;37;15;97;;21;0;0;0;0;0;0;0;0;0;;21;;0;29;0;0;28;;0;0;0;0;;;0;0;0;0;;0;0;0;;;;;;0;;;;;;;;0;0;0;0;0;;;0;;;;;0;0;;;0;91;1478;15695
265;;;0;;0;0;0;;0;11;16;0;0;0;0;;;0;;0;;0;;;;;31;;0;0;0;0;0;0;0;;0;0;59;;0;0;;;;;0;0;39;0;38;55;81;0;42;41;15;0;14;48;9317;0;0;0;0;;0;;;;0;18;12;0;0;;0;34;63;11;0;0;32;24;;16;0;0;0;0;0;0;17;;12;0;50;0;;29;11;13;36;;0;0;0;0;;;0;0;14;;0;;0;0;0;0;0;0;;;;;0;;0;;;0;0;;0;0;0;;0;0;0;;0;0;12;;0;0;166;1855;12232
266;;;0;0;0;0;0;0;0;0;0;;;0;;;;;0;27;0;;58;269;218;;49;;0;0;;0;0;;;0;0;0;;0;0;22;13;134;;0;23;0;23;0;19;48;63;0;452;14;13;11;16;0;0;33464;0;0;0;;0;;;;0;0;215;0;141;0;405;46;0;18;;0;0;92;0;14;0;;0;0;0;0;0;0;0;;12;0;0;54;47;22;200;;0;0;;0;0;;0;;0;;0;0;;0;;;;;;;;0;;;;;;;0;;0;0;;;0;;;0;;;0;0;;0;0;232;36434
267;;;;;;;;0;;;0;;;;;;;;;;;;;;;73;0;;;;;;;;;;;;;;;0;;0;;;;0;0;0;0;0;0;;0;;;;;;0;0;3341;;;;;;;;0;;;;;;0;11;0;;0;;;0;;;;;;;;;;;0;;;0;;;;0;0;;0;;0;;;;0;;;;;;;;0;;;;;;;;;;;;;;;0;;;;;0;;;;;;;;;;;12;3437
311;;;0;0;37;30;19;70;0;167;177;40;85;79;380;32;352;289;0;0;;0;0;0;0;;25;0;;;13;;29;109;0;31;3969;310;76;81;0;0;0;0;;;0;0;18;16;0;22;11;111;413;90;794;13;0;14;0;;;76916;575;30;313;0;;;70;791;126;70;172;0;0;0;0;18;0;323;0;305;;96;184;;0;0;0;0;0;0;145;0;69;0;0;18;0;13;43;;26;24;0;20;0;;128;99;32;67;171;345;25;0;264;125;14;0;0;0;28;61;25;0;18;36;16;269;233;27;0;27;37;;18;0;;0;0;0;0;0;0;14;31;1702;92061
312;;;0;;22;0;0;20;0;29;37;0;25;0;43;0;652;259;0;;;0;0;0;;;15;;;0;0;0;22;0;;;163;14;0;0;;;;;;;;;;0;;0;0;0;30;0;54;;0;0;0;;;651;15710;0;15;;0;;0;148;30;0;30;;0;0;0;;0;61;0;53;;68;111;0;0;;0;0;0;0;25;0;77;;0;0;0;;12;;0;12;0;0;11;;266;54;29;32;25;48;0;14;22;16;20;0;0;19;0;11;13;0;18;14;0;35;54;;0;12;38;0;0;0;0;13;0;0;;;0;0;;240;19392
315;;;;;0;0;0;;;0;0;;0;;0;;0;0;;;;;;;;;12;;;0;;;0;0;;;18;;;0;;;;;;;;;;0;;;;;0;0;0;;;;;;;16;;4392;;;;;;0;0;0;12;;;0;;0;0;0;;0;;0;0;;;;;;;;0;;0;;;0;;;0;;0;0;0;;0;0;0;;0;;0;14;0;;0;0;;;0;;;;;;;;0;0;0;;;0;0;179;;0;;;;0;;;;0;;79;4722
321;;;;;0;0;0;0;0;0;14;0;0;33;11;0;0;31;;;;0;61;;;;0;;;0;0;0;32;105;27;67;235;0;0;15;51;20;0;12;0;0;0;455;330;0;0;19;0;0;117;0;81;;0;;;0;;840;0;;21551;;116;0;0;38;0;14;63;0;0;0;0;0;0;20;0;63;;23;25;0;;;0;;13;;0;0;89;;0;16;23;11;66;0;0;0;11;0;0;;0;0;0;;0;15;0;0;0;0;0;0;0;0;0;19;0;0;0;14;;21;0;0;;0;0;;0;;;0;0;;0;0;0;0;0;134;24901
323;;;;;;;;;;;;;;;;;;;;;;;0;;;;;;;;;;;;;;0;;;;;0;0;;;;0;0;0;;;0;;;0;;0;;;;;0;;0;;;;522;;;;;0;;0;;0;0;;;;;;0;;;;;;;;;0;0;;0;0;;;0;0;;0;;0;;;;;;;;;;;;;;;;;;;;;;;;;;;;0;;;;;;0;;0;;;;0;;;;21;202;745
324;;;;;0;;0;;;;0;;;;;;;;;;;;0;;;;;;;;;;0;;;0;;;;0;;0;0;;22;;;;0;0;;0;;0;0;0;0;;;;;;;0;;;0;;1764;;0;0;;;0;;0;0;;;;;;15;;0;0;;;0;;;;0;0;;0;0;0;;0;0;0;;;0;30;0;;;;;;;;;;;;;;;;;;;;;0;;;0;;;0;;;;;0;0;0;0;;0;;;0;;19;1850
325;;;;;;0;;;;;;;;;;;;;;;;;16;;;;;;;;0;;;;;;;;0;;;;;;;0;;;0;0;;0;0;;0;;;;;;;;;;;;;;;3418;0;0;0;;0;;;0;;0;;0;;0;;0;;;;;;;;0;;;0;;;0;;;0;27;0;;;;0;;;;;;;;;;;;;;;;;;;;;;;;;;;;0;;0;;;;;;;;;;0;90;3551
331;;;0;0;22;494;19;18;0;46;53;0;0;0;0;0;11;0;0;0;;0;0;0;0;;0;308;0;0;12;0;0;0;0;0;30;0;0;0;;11;0;0;0;;;0;0;0;11;34;12;1629;436;80;155;100;0;0;0;0;0;49;0;0;0;;0;;45874;465;109;44;222;0;0;29;74;0;0;40;0;1417;16;117;13;0;0;0;0;0;14;0;0;0;89;60;14;28;12;14;34;0;11;13;0;0;0;;0;0;0;0;0;0;0;0;0;;;;0;0;;0;0;;0;;;0;0;0;0;0;0;;12;;0;0;0;0;20;;;0;82;1788;54141
332;;;0;0;176;97;47;85;43;1758;278;87;378;43;73;15;158;147;14;0;;12;15;0;0;;51;32;0;20;141;18;146;0;13;56;504;20;79;19;0;24;14;0;0;;0;15;0;22;13;91;24;387;663;617;581;48;14;39;22;16;0;693;120;0;43;;0;;502;102607;321;196;156;0;23;97;47;39;0;256;20;1406;0;530;431;0;17;0;12;26;45;19;47;15;1305;30;345;96;29;38;104;0;60;30;25;18;14;;73;46;16;17;54;172;0;25;33;44;12;11;0;0;0;0;12;0;15;0;0;15;83;0;23;91;39;0;24;0;0;0;16;15;50;0;17;38;94;2585;120497
333;;;0;0;21;18;18;19;18;70;90;0;36;0;12;160;17;14;0;0;0;0;0;25;40;;133;0;0;0;0;0;38;0;37;0;76;20;27;11;0;0;0;0;0;;36;0;12;0;25;115;240;96;568;167;50;11;0;16;35;439;0;131;23;0;0;0;;;84;351;28183;50;170;0;193;67;21;36;0;34;0;458;0;145;124;0;0;;0;0;12;0;82;0;81;0;0;78;49;38;228;;24;0;0;0;0;;22;0;0;0;0;43;0;0;0;0;13;;0;;0;;0;;0;0;0;0;17;0;0;23;0;;17;0;0;0;0;0;25;;0;17;46;1059;34654
334;;;0;0;11;18;23;23;0;37;119;0;16;0;0;0;15;11;;0;;11;11;;0;;24;0;0;0;0;0;18;;0;0;64;0;0;0;;0;;;;;;0;0;;0;11;0;95;223;85;69;149;0;0;13;13;;72;17;0;0;;;;59;111;48;8163;132;0;0;13;15;23;0;20;0;345;0;84;41;0;0;0;;0;0;0;0;0;29;0;0;0;11;0;12;;19;;0;0;0;;0;0;;;;0;;0;0;0;;;;0;;0;0;;;;0;0;0;;0;0;0;;0;;0;;0;0;0;;;0;;130;10403
335;0;;13;0;0;21;18;597;0;34;84;75;0;0;29;0;14;13;;0;0;17;0;0;41;0;170;0;0;0;0;0;24;0;35;16;153;64;0;70;46;0;;0;0;0;30;0;96;0;14;40;74;421;1779;156;303;241;54;20;0;206;;209;27;11;25;;;;118;123;185;134;34290;74;32;28;36;54;;74;11;861;15;1788;45;11;0;0;0;0;0;0;17;0;50;0;0;20;31;15;63;0;145;0;0;0;0;0;23;15;0;0;0;22;0;0;0;0;0;;0;0;;;;;0;0;0;19;22;0;0;17;0;0;0;0;;0;0;0;0;;0;33;;184;43795
336;;;0;;0;;0;0;0;0;12;0;0;;0;;0;0;;0;;;0;0;0;;568;;;0;;0;;0;;0;0;0;;0;;0;;;;;;;46;;;0;19;0;333;0;0;0;;;;11;;0;0;0;11;;0;;24;0;0;0;141;14086;0;0;0;0;;;0;12;0;0;0;;;;;;;;0;;0;;;0;0;;0;;14;0;0;0;0;;0;0;0;;0;0;;;;0;;;;;;;;;;;;;0;0;;0;0;;;;;;;0;;;;0;;0;15277
341;;;0;0;0;0;0;0;;0;0;;;0;0;0;0;0;;0;0;0;36;89;69;0;27;;;0;0;0;0;;0;;0;0;0;0;0;19;0;48;;;24;0;0;0;36;262;127;13;192;23;14;0;0;20;0;1010;16;15;;0;0;;;;0;24;318;12;94;0;17665;115;0;20;0;0;0;182;0;29;36;0;17;0;0;20;11;0;27;0;58;0;0;284;248;146;1262;0;132;0;0;0;0;;26;0;0;0;31;0;0;0;0;0;0;0;0;0;0;0;0;;0;0;0;0;21;0;13;26;0;;27;0;;0;0;0;38;;0;0;;380;23302
342;;;0;0;0;0;0;0;0;0;14;0;0;0;0;0;0;0;;13;0;0;0;11;0;;42;;0;0;0;52;11;;;;11;0;0;0;0;15;0;0;;;48;0;11;13;64;490;124;17;189;35;16;0;0;11;25;77;27;20;0;0;11;0;0;;32;107;59;16;20;0;108;16828;11;27;13;17;0;232;0;81;66;0;16;0;12;11;21;24;41;0;199;14;0;617;39;56;249;0;97;12;46;0;0;;44;0;0;0;0;0;0;0;15;0;0;0;;;0;;0;0;0;0;0;0;29;0;0;16;0;0;12;0;0;0;0;0;49;;;19;62;949;21613
343;;;0;;0;0;0;0;20;0;11;0;0;;0;;0;;;;;0;;;;;0;;;;14;;0;;;;21;28;73;0;0;0;;0;;;0;;0;0;13;25;11;30;28;87;26;0;0;179;88;0;;21;0;;0;;;;26;75;23;14;14;;0;18;6445;0;0;23;48;136;;29;15;0;0;0;0;0;0;0;0;;487;0;0;25;0;14;36;;0;0;0;;;;18;0;0;0;0;0;0;0;0;;0;0;0;0;;0;0;0;0;0;;0;0;0;0;0;0;;0;0;;;0;;0;;;11;92;1141;9365
344;;;0;;0;0;0;0;0;0;0;0;0;0;0;;0;0;;15;0;27;0;0;0;;0;0;;0;0;;0;;;0;17;0;0;0;0;0;0;0;;0;0;0;0;70;41;66;127;0;124;20;28;0;0;18;0;23;;26;0;0;;0;;0;0;39;64;17;68;0;17;17;0;4826;;12;0;77;0;12;0;;0;0;0;0;0;0;;0;28;0;0;28;0;0;31;0;20;0;0;0;;;0;0;;0;0;0;0;0;0;;0;0;0;;;;0;0;;;;0;0;0;0;22;;;0;0;;;;0;0;;0;0;29;735;6644
345;;;;;0;;;0;;0;0;;0;;;;;0;;;;;;;0;;22;;0;113;;;0;;;;0;;;0;;;0;;;;;;;0;0;0;0;0;15;0;;;;;0;0;0;0;0;;;;;;0;11;0;0;0;;0;0;;0;2501;0;;11;;0;0;0;;0;;270;18;0;16;0;17;0;0;0;0;0;0;;0;0;;0;;;0;0;;0;;;;;0;;;;0;;0;;0;;0;;;0;;;0;0;;;0;;0;;0;;56;;;0;;65;3115
351;;;0;;0;0;0;0;0;66;65;225;11;0;15;0;54;0;;0;;;0;;0;;11;0;;0;0;;0;0;0;19;252;0;71;0;0;0;0;0;;0;0;0;0;0;0;24;18;38;192;199;2674;0;0;29;0;0;;354;273;0;24;;;;47;324;21;59;96;0;0;16;15;13;0;35028;15;289;0;194;50;0;0;0;0;0;0;0;37;0;73;0;0;21;0;12;25;;24;0;0;0;;;15;0;0;0;18;31;0;0;69;162;0;;;0;0;0;0;0;0;0;0;29;34;0;0;15;0;;0;;;0;0;0;13;;0;22;;528;41909
352;;;;;0;0;0;0;0;0;0;0;;;0;;0;0;;;;;0;;;;0;;;;0;0;0;;;;0;;0;;0;;;;;;;0;0;;;0;;0;16;14;23;0;0;17;31;;;29;0;;0;;;;0;20;16;0;76;0;0;0;37;0;;27;2842;33;;24;13;0;;;;;0;;0;0;0;0;;0;0;0;0;;0;0;;;;;0;0;0;0;0;0;;0;0;0;0;;;;;;;0;0;;;0;0;;;;0;;0;;;;;0;0;;;0;0;157;3375
411;;;0;0;36;291;128;73;30;216;348;31;93;0;34;16;64;53;0;38;15;12;117;35;81;;94;14;16;27;43;11;38;18;17;21;348;26;96;57;22;68;18;0;0;0;20;16;60;21;44;276;102;1102;2554;715;497;166;90;84;122;148;0;612;91;0;75;0;0;0;1887;1982;702;572;1266;31;85;194;101;82;11;324;47;128423;40;1383;422;52;26;0;23;27;65;45;115;35;633;44;82;290;324;149;625;21;146;42;30;23;13;0;48;23;35;15;38;48;0;29;18;18;0;0;11;0;0;0;13;0;11;0;12;25;77;0;22;46;32;0;90;15;0;0;32;16;141;0;0;91;0;1836;152544
421;;;;;;;;;;0;0;;;;;;;;;;;;;;;;;0;;;;;;;;;0;;0;0;;;;;;;;;;;0;0;;18;13;0;0;63;;;;0;;0;;;;;;;17;21;0;0;17;0;;0;;0;;0;;20;1100;15;0;;;;0;;0;;0;0;25;0;0;12;;0;0;;0;0;;;;;0;0;;;;;;;;;;;;;;;;;0;;;0;0;;;0;0;;0;;;;0;;0;;;0;;29;1350
422;;;0;0;0;0;17;15;0;62;140;12;26;0;0;0;0;0;;;0;0;0;0;0;;19;0;77;22;0;32;42;0;0;18;83;0;23;16;0;17;0;0;;;0;0;0;0;15;192;53;136;383;204;240;28;20;33;16;29;;264;16;0;24;;11;0;497;929;251;270;352;0;33;173;39;37;0;350;31;2088;27;40731;283;11;31;0;72;41;174;32;68;55;745;77;133;265;95;131;225;31;148;14;17;12;0;;35;12;13;0;39;41;0;0;17;17;0;0;0;0;12;0;12;0;13;11;11;28;83;0;23;43;22;0;99;11;0;0;23;24;219;;14;90;15;1288;52968
432;;;0;;12;11;0;18;0;31;217;0;324;0;0;0;32;41;;;;0;0;0;0;;0;;;11;28;0;25;0;0;0;150;0;12;11;0;0;0;0;;;0;0;0;0;0;134;29;37;116;47;123;0;0;17;0;14;;380;121;45;56;;0;;76;750;203;48;92;0;52;76;0;12;0;98;14;604;0;324;68307;0;214;0;24;36;51;15;110;21;830;57;56;197;55;124;189;0;188;54;17;0;16;0;289;90;71;114;469;347;16;36;88;43;58;0;26;28;96;57;142;24;139;71;174;170;812;30;115;425;571;0;81;46;0;66;303;218;127;0;68;229;;1053;81644
441;;;;;;;0;0;;0;0;;;;;;;;;;;;;0;;;;;;;;;;;;;0;0;;;;;;0;;;;;0;0;0;0;0;;19;0;0;0;153;0;0;0;;0;;;0;;;;0;0;0;0;12;;0;0;0;;;0;0;51;;11;0;2559;0;;0;;;0;0;;0;0;;12;0;0;0;;0;0;;0;;;0;;;;0;;;0;;0;;0;;;;;;;;;0;;0;;;0;;;0;;0;;;;0;;0;0;;20;2837
442;;;0;;;;;;;0;0;0;0;;;;0;23;;;;;;;;;15;;;0;;;;;;;0;0;0;0;;0;0;;;;0;0;0;;0;58;0;0;17;0;16;;0;0;0;0;;20;0;0;0;0;;;16;27;0;0;11;0;0;13;0;;;0;0;52;0;46;188;0;13004;0;12;0;0;0;22;0;105;13;0;62;24;22;50;0;34;0;0;0;0;;31;0;0;0;16;13;0;0;12;0;0;;0;0;0;0;0;0;0;0;0;11;53;0;16;74;24;;17;0;0;0;14;0;27;;0;24;;80;14262
443;;;;0;;0;;0;;;0;;;;;;;;;;0;;;0;0;;;;;0;;0;;;;;0;;;0;;;0;;;0;;;0;;0;0;;0;27;0;0;0;;;0;0;;0;;;0;;;;0;0;0;0;0;;0;0;;0;;0;;32;;0;0;;0;537;;0;;0;;;0;0;;;0;0;0;;0;0;;0;;;0;;0;0;0;0;;;;;0;;;;0;;;;0;0;0;0;0;;0;;0;;;;;0;0;;0;;;0;;31;627
511;;;0;;;0;0;;0;0;15;;;;0;;0;;;;;;;;;;;;0;0;;;0;;;;0;0;0;0;0;0;0;0;;;0;;0;0;0;23;0;0;18;0;0;0;0;0;0;0;;12;0;0;0;0;0;;0;16;0;0;19;;0;0;0;0;;0;0;28;;68;40;0;0;0;6565;0;0;0;0;0;41;0;0;20;0;0;20;0;16;0;0;0;0;;0;;;;0;0;;;;;0;;0;;;;;;;;;;0;45;0;0;0;;0;;0;;;0;0;;;0;0;93;7039
512;;;0;;0;0;0;0;;0;0;;0;;0;0;;0;;;;;0;;0;;80;;0;232;0;;0;;;;0;0;0;0;0;0;0;0;;;0;0;0;26;0;75;11;0;23;0;0;;;0;0;0;;0;0;0;0;;;0;0;37;11;0;0;;14;17;0;11;402;0;;88;;52;49;0;0;0;13;29642;293;14;14;0;243;26;14;140;23;88;100;0;26;11;11;0;0;;33;0;0;0;16;0;0;0;0;0;0;;58;0;0;0;0;0;15;0;0;0;27;;16;24;20;;75;0;0;0;0;0;1070;0;0;34;88;955;34217
513;;;0;;0;0;0;;0;0;0;;0;;;;0;;;;;;;;;;0;;17;279;0;0;0;0;0;;0;0;0;0;0;14;0;0;;;0;;0;0;0;77;17;12;36;29;20;0;0;13;24;0;;17;11;;0;;0;;51;122;42;12;14;;17;36;13;0;12;11;0;159;0;264;93;0;16;0;26;295;13476;30;29;16;539;74;42;271;30;109;122;0;51;0;0;0;0;;30;0;0;0;19;0;0;0;0;0;0;0;0;0;0;0;0;0;14;0;0;0;45;0;0;19;0;0;79;0;0;0;16;0;680;0;0;30;;677;18147
514;;;;;0;;0;;;;0;;;;;;;;;;;;0;;0;;0;;0;0;0;0;0;;;;0;0;0;;;11;0;0;;;11;0;0;21;15;51;11;0;15;0;0;;;0;0;0;;0;0;0;0;0;0;;0;28;0;0;0;;0;27;0;0;0;0;0;80;0;61;22;;0;0;0;0;23;17659;0;0;170;0;0;100;71;59;120;0;17;0;0;;0;;0;0;0;0;0;0;0;;0;;;0;0;;0;0;;0;0;;0;;11;;0;0;0;;45;0;0;0;0;;35;0;0;0;409;4634;23706
515;;;0;0;0;0;0;0;0;11;49;0;0;;0;79;0;0;;;0;;0;0;0;;35;;0;0;0;;0;0;0;0;15;0;0;0;;0;;;0;;;0;0;0;0;58;22;0;40;0;13;0;0;0;0;0;0;249;29;;16;;;;12;45;151;0;20;;29;55;0;0;12;30;11;248;0;80;106;0;14;0;11;25;14;0;31101;14;88;0;0;112;24;75;111;0;574;278;15;13;0;0;251;91;39;23;36;50;0;0;58;12;20;0;0;0;0;0;0;11;0;0;0;131;61;0;32;53;36;0;367;13;0;20;15;13;81;;53;216;18;681;36265
516;;;0;;0;0;;;;0;0;;;;0;0;0;0;;0;;;;0;;;0;;;;0;;0;;0;0;0;;;0;;0;;;;;0;;;0;;0;0;0;14;0;0;0;0;0;0;0;0;14;21;0;0;;;;0;23;0;0;11;0;0;0;0;;0;0;0;32;;41;16;;0;;0;0;0;0;15;2304;23;0;0;0;0;0;15;;0;0;0;;0;;0;0;0;0;0;18;;;0;0;;;0;;0;;0;0;0;;;0;0;0;0;0;13;0;15;0;;;0;0;12;;0;35;;67;2689
522;0;0;21;0;60;31;33;22;0;351;122;12;85;0;0;0;36;24;0;0;;0;0;0;11;;18;0;0;84;501;16;71;0;0;13;169;52;86;56;11;106;0;0;0;0;64;151;29;36;76;886;161;162;437;270;218;47;35;89;79;118;0;303;58;0;180;0;18;0;483;2214;258;81;227;24;101;263;214;46;18;246;34;1893;37;1319;1148;17;125;0;97;202;685;143;142;68;164555;1173;311;1252;289;460;766;39;383;114;66;23;0;0;255;94;109;37;174;214;32;34;92;52;50;25;92;11;54;26;55;28;74;42;46;53;354;21;87;168;122;0;269;181;16;35;256;56;766;0;34;166;357;4858;194319
523;;;0;;;0;0;0;;0;0;0;0;;;;0;0;;;;;0;;0;;0;;;0;0;0;0;0;;;11;0;0;;0;12;;0;;0;0;;0;0;0;85;13;16;41;0;15;0;;0;0;12;;17;0;;0;0;0;0;85;82;25;0;33;;12;34;0;0;0;18;0;186;163;150;113;0;15;0;17;32;71;14;0;0;1287;8713;21;115;28;50;79;0;46;0;0;0;0;;0;0;0;0;20;0;0;0;0;0;0;0;0;0;0;0;0;0;0;0;0;0;45;0;13;13;0;;32;0;0;0;0;0;139;0;0;32;;220;12125
524;;;0;;0;;0;0;0;36;0;0;0;;0;;0;0;;;0;0;;;;;0;;0;0;0;0;;;;;11;0;0;0;0;0;0;0;;;0;0;0;0;0;30;0;25;35;26;26;0;0;0;0;0;;22;0;;0;;0;;73;655;37;11;18;0;0;19;0;0;;34;0;125;0;193;55;;0;0;0;11;45;0;0;0;244;19;5640;56;21;42;63;0;25;0;0;0;0;;16;0;0;0;0;0;0;;0;0;0;0;0;0;0;0;0;0;;;0;0;20;;0;0;0;0;19;0;0;0;0;0;44;;0;14;74;584;8368
531;;;0;;0;;0;0;0;0;0;0;0;0;0;0;0;;;14;29;;0;;0;;0;0;;0;0;0;0;;;0;15;0;16;0;0;18;0;0;;;15;0;0;39;154;3772;507;11;102;25;45;0;13;43;28;89;0;46;0;;0;;0;0;60;101;91;16;52;0;165;645;17;29;0;39;0;516;0;299;228;15;57;0;31;98;173;47;95;0;951;86;64;87381;332;426;1059;0;145;39;31;0;13;0;58;21;24;0;69;25;0;0;11;0;0;0;14;0;22;0;24;0;24;15;22;24;132;0;34;41;41;0;171;19;0;0;41;19;358;0;0;91;0;1036;100618
532;;;0;0;0;;0;0;0;0;13;;0;;;;0;;;0;;;64;12;155;;0;;;0;0;0;0;;;;0;0;0;0;99;1291;94;0;;;40;13;0;29;14;284;69;0;149;0;16;;0;15;0;90;0;14;0;;79;0;0;0;16;33;59;18;99;0;213;59;0;0;0;13;0;904;0;116;65;0;17;13;15;34;22;78;42;0;207;15;24;721;161372;1512;3122;39;120;17;14;19;15;0;28;0;0;0;40;19;0;0;0;0;0;0;0;0;11;0;14;0;0;0;0;19;57;0;26;40;11;;206;0;0;0;13;0;117;0;0;18;;829;173001
533;;;0;;0;;0;0;;0;0;;;;0;;0;0;;;;;0;0;31;;0;;;0;0;0;0;;;0;17;0;0;11;0;139;0;0;;0;23;15;0;0;23;461;86;0;54;0;13;0;0;33;0;118;0;53;0;0;35;;0;0;41;59;40;13;55;;149;65;12;15;0;17;0;311;0;216;206;0;39;0;17;30;81;62;46;12;590;43;35;862;5927;47963;2607;22;157;26;34;0;13;0;60;20;31;15;94;21;0;0;22;0;15;0;13;0;27;0;30;17;29;13;18;27;160;0;36;92;33;0;253;25;0;0;27;0;261;0;0;64;;646;62926
534;;;14;;13;0;18;0;0;14;32;0;0;0;0;0;0;0;;0;0;0;108;66;90;;22;0;;15;0;0;0;0;0;0;50;21;20;26;35;284;26;96;;11;131;39;140;34;102;941;262;22;337;42;72;0;26;80;43;548;0;71;17;0;137;0;11;14;74;135;317;22;157;14;1388;261;37;49;12;58;14;666;0;271;225;0;63;17;30;96;92;105;116;0;668;54;114;1957;3770;2284;120141;56;303;45;51;18;18;0;167;33;64;35;91;44;49;12;30;0;24;0;18;13;31;0;40;18;33;23;14;45;202;16;82;152;68;0;330;35;0;13;30;23;317;0;20;85;;2010;141895
535;;;;;;0;0;;;;0;;;;;;;;;0;;;12;;;;;;;0;;;;0;;0;;;;;0;0;;;;28;;;0;0;0;0;0;;0;;0;0;;0;;;;0;;;0;;0;31;0;0;;;0;;;0;0;;;;;25;;13;0;;;;;0;;0;;;0;;;0;0;12;23;9153;0;0;0;0;0;;;;0;;0;0;;0;0;;;0;;;;;;;0;;;;;;;;0;;0;;;;;;0;;;;;58;9355
541;0;0;22;;0;0;;23;;0;57;;0;;0;17;0;0;;;;0;0;0;0;;64;;0;0;0;0;0;0;;0;34;11;0;0;;24;0;0;;0;40;0;0;0;0;96;54;15;133;0;37;36;0;0;0;140;;103;17;0;13;;0;;33;61;53;31;257;89;172;87;0;24;0;35;46;271;0;142;110;0;0;0;22;11;18;0;305;22;159;23;12;160;92;49;160;0;28985;20;0;0;0;;89;26;20;13;32;38;0;0;31;16;0;0;0;0;0;0;0;0;0;0;0;40;63;0;27;67;28;0;27;0;0;0;15;29;36;0;11;57;;287;33337
611;;;0;0;0;0;0;0;;0;0;0;;;17;16;63;0;0;;;;;;;0;18;;;0;0;0;0;;;17;0;24;;;;0;0;;0;;;0;0;0;0;29;11;0;12;0;0;0;0;0;0;0;;31;38;0;0;;;;0;30;11;0;0;0;0;22;0;0;0;0;0;58;;24;62;0;0;0;0;0;0;0;302;0;82;0;0;44;0;17;54;0;20;17221;31;39;12;0;216;0;12;0;13;34;0;0;0;0;0;0;0;0;0;0;0;0;12;0;0;18;31;0;21;53;87;0;40;0;72;18;0;0;31;;33;41;40;874;19951
612;;;0;;0;;0;0;0;0;0;;0;;0;0;0;0;0;;;;;0;0;;0;;0;0;0;0;;0;;14;0;;0;0;;0;;;0;;;;0;13;0;25;0;0;0;;0;;0;0;;0;;0;0;0;0;;126;;0;14;13;0;0;0;0;40;;0;;0;;34;;13;19;0;0;0;0;0;12;;23;0;69;0;0;40;15;37;50;0;11;37;13208;72;0;0;31;0;0;0;11;0;;;0;0;0;;0;0;0;0;0;;0;0;0;0;20;;0;26;44;;18;0;41;0;0;0;18;;0;13;77;930;15114
613;;;0;;0;0;;;;0;0;;0;0;0;0;0;0;0;;;;;0;0;;;0;;;0;;0;0;;0;0;0;;0;;0;;;0;;;;0;0;0;12;11;0;0;0;0;;0;;;0;0;16;0;0;0;;0;0;0;13;0;0;0;;0;0;;0;;0;0;20;;0;0;0;0;0;0;0;0;;25;0;16;;0;0;0;0;30;0;0;56;72;7032;0;;40;0;0;0;0;16;0;;0;0;0;;0;0;;;0;;0;15;0;0;0;;0;23;39;0;0;0;40;0;0;0;0;;0;0;53;715;8244
621;;;0;0;0;0;;;;0;;;0;;;;0;0;0;;;;;;;;0;0;;0;0;;0;0;;49;0;0;0;0;0;0;;0;0;;0;;;0;0;20;0;0;0;0;0;0;;0;;0;;17;0;0;0;;;;0;16;0;;0;0;0;0;0;0;;0;;23;;0;0;0;;0;0;0;0;;0;;14;;;0;0;0;0;;0;23;13;0;4611;0;36;0;0;0;0;16;;0;0;0;0;0;;0;0;;0;;0;14;;0;16;;0;11;63;;0;;18;0;0;0;0;;0;0;100;1270;6330
622;;;;;;;;;;;0;;;;;;;0;;;;;;;;;;;;;;;0;;;;;;;;;;;;;;;;;;;0;;;;0;;;0;;;;;;;0;;;;;;;;;;;;0;0;;;;;;;;0;;;;;;;;0;;;;;;0;0;0;;;;0;;;787;0;;;;;0;;;;;;;0;;;;0;;0;;;;;0;;;0;0;;;0;;;0;0;;;;0;108;895
711;;;21;;17;0;11;0;;0;0;0;12;;20;0;283;0;;;;;;0;;;0;;0;0;0;;0;0;;;74;16;0;0;0;0;;;;;0;;0;57;0;45;14;0;25;0;11;0;0;0;0;0;;333;1015;0;0;;;;23;142;31;0;50;0;11;28;0;0;;23;11;86;0;37;200;;14;0;0;0;0;0;287;0;170;0;14;52;11;27;111;;103;147;31;31;0;0;84859;508;182;161;131;148;0;15;120;26;263;0;0;173;30;0;48;0;13;44;117;92;237;12;43;193;452;0;50;22;0;341;24;36;24;;36;70;398;5537;97999
712;;;0;;0;11;0;0;;0;0;;0;;0;0;50;17;;;;;;;;;;;;;0;0;0;;;;34;;0;0;;0;;;;;;;;23;0;0;0;0;0;0;0;;;0;0;;;244;123;0;0;;;;0;84;21;0;15;;0;0;0;0;0;62;0;20;;0;45;;0;;0;0;0;0;93;0;54;0;0;0;0;0;32;;20;0;0;0;0;0;480;29102;74;243;47;85;0;;66;20;23;;;90;0;;0;0;0;0;0;53;99;;0;39;23;0;11;0;0;26;0;0;0;;11;13;74;1615;33142
713;;;;;0;0;;0;;0;0;;0;;0;0;41;13;;;;0;;;;;0;;;0;0;;15;;;;0;;;0;;;;;;;;;;11;0;0;0;;0;;0;;;0;0;0;;47;88;0;0;;;;0;33;0;0;37;;0;0;0;0;0;0;;33;;19;56;;0;0;;0;0;0;53;0;59;0;0;18;0;20;37;;25;11;0;0;0;;248;93;20262;48;61;85;0;0;17;0;36;0;0;0;36;0;18;0;0;14;0;13;87;0;0;42;36;0;42;22;;39;16;0;11;;15;18;73;985;22933
721;;;0;;0;0;0;0;;;0;;0;;0;;14;28;;;;;;;;;;0;;;0;;0;;;0;26;0;0;0;;;;;;;;;;0;0;0;0;0;0;0;0;;;0;0;;;108;81;;0;;;;11;51;14;;0;;0;0;;0;;11;0;18;;0;121;;;0;0;0;0;0;30;;26;0;0;0;0;0;31;;0;11;0;0;;0;197;270;41;21722;500;318;0;0;23;0;14;0;;18;48;0;0;0;0;21;11;40;276;0;0;29;44;;0;0;;19;0;11;0;;13;12;36;824;25068
722;;;0;0;0;0;0;0;;0;0;0;0;;0;;0;91;;0;;;;;0;;0;;;;0;;0;0;;;83;0;0;0;0;0;;;;;;;0;13;0;24;0;0;11;0;62;;;0;0;0;;375;140;0;15;;;;0;98;0;0;22;0;0;17;0;0;;29;0;71;0;28;445;0;0;0;0;0;0;0;38;0;79;0;16;41;14;42;57;;27;24;12;0;0;0;175;50;81;505;45374;467;23;78;56;0;53;0;0;26;354;36;146;0;27;65;93;123;3924;0;12;56;134;;17;0;0;16;37;22;24;;12;33;19;616;54528
723;;;0;;0;0;0;0;;13;31;0;0;;0;0;17;69;;;;0;0;;;;0;;;0;12;0;63;0;;;79;;0;0;;0;;;;;0;;;29;0;11;0;0;22;0;13;0;;;0;;;459;81;23;0;;;;15;356;68;0;48;0;0;0;0;12;;45;0;81;0;49;247;0;0;0;0;0;0;0;115;20;331;0;0;19;0;17;47;;29;40;15;32;0;;183;95;42;209;402;49130;30;0;238;70;23;0;0;55;54;17;38;0;21;49;29;135;383;0;27;132;113;0;13;58;0;41;15;20;0;;23;47;113;1636;55949
731;;;;0;0;0;;;;0;0;;;0;0;;0;0;;;;;;;;;;;;;0;;;0;;;0;;0;0;;0;;0;;;0;;0;0;0;0;0;0;0;;0;;;;0;;;74;0;;17;;0;;0;20;0;0;0;;0;0;0;0;;13;0;13;;11;0;0;0;;0;;0;;11;0;18;0;;0;0;0;0;;0;0;0;0;;0;22;;;0;32;38;3781;0;34;18;0;0;0;29;0;;0;0;0;0;0;0;113;0;0;0;;;0;0;;0;0;;;;;0;56;376;4676
732;;;;;;0;0;;;0;0;0;0;;0;0;0;14;;;;;;;;;0;;;;0;;0;;;;0;0;50;;;;;;;;;;;;0;0;;0;0;17;0;;0;0;0;0;;13;32;0;0;;;;0;44;0;11;0;;0;0;0;0;;11;0;29;;12;82;;0;0;0;0;0;;13;0;28;0;0;0;;0;17;;12;0;;;;;16;11;0;0;22;25;0;6308;0;0;0;0;0;0;29;14;66;0;0;0;0;13;39;0;0;11;0;0;0;0;;0;21;0;0;;0;17;0;127;7104
741;;;0;;0;0;0;0;0;0;0;0;0;;0;0;32;17;;;;0;;;0;;0;;;0;0;;0;0;;;171;0;;;;;0;;;;;0;;27;0;0;0;0;0;;21;;;0;0;;;729;70;0;0;;0;;0;82;0;0;0;0;0;0;;0;;68;0;28;;22;24;;0;;0;;0;0;83;0;35;0;0;0;0;0;17;;20;12;0;0;0;;71;57;11;14;47;332;16;0;34775;277;0;0;0;0;11;;0;0;0;14;0;103;166;0;0;0;15;0;0;0;0;0;0;0;0;;0;21;31;956;38375
742;;;20;;0;0;0;;;0;12;0;;;0;;0;0;;;;;;;;;;;;;0;0;0;;;0;43;;0;0;0;0;;;;;0;;0;0;0;0;0;0;0;;68;;;;;0;;266;27;0;14;;;;0;58;0;0;0;0;0;0;;0;;163;14;25;;17;39;;0;0;;;0;0;27;0;34;0;0;0;0;0;0;;21;0;0;0;0;;36;37;0;0;12;100;22;0;364;8301;15;;;0;0;0;0;;0;0;0;25;81;0;0;11;0;0;0;0;;0;0;0;0;;0;28;36;571;10487
752;;;0;;0;0;0;;;0;0;;0;;;0;19;20;;;;;;0;;;0;;;;0;0;0;;;0;20;;0;0;;;;;;;;;0;0;0;11;0;0;0;0;0;;0;0;0;;0;48;45;;0;;;;0;28;11;0;0;;0;0;0;;;0;0;17;;0;57;;0;0;;0;0;0;46;0;22;0;0;14;0;12;11;;0;0;0;0;0;;348;28;50;13;48;22;;0;0;0;8901;0;0;0;0;;12;0;0;155;0;0;135;;0;12;23;;0;0;0;0;0;0;0;;0;12;42;452;10634
753;;;;;;;;;;;0;;;;;;;0;;;;;;;;;;;;0;;;0;;;0;0;;106;;;;;;;;0;;0;0;0;13;0;0;0;0;0;;;;;;;0;0;0;0;;;;0;0;;0;;;;0;0;;;0;;15;;0;0;0;;;;0;0;0;0;;28;;0;0;0;12;13;0;0;0;;;;;0;0;0;0;17;;0;0;;0;13;2660;;;0;;0;27;;;0;0;0;;0;0;;;0;;0;;0;;0;;0;0;60;335;3299
761;;;;;0;;0;;;0;0;;;;;0;0;0;;;;;;;;;0;;;0;0;;;0;;;12;0;;0;0;;;;;;;;;0;0;11;0;0;0;;0;;;0;0;;;68;28;;0;;;;0;18;0;0;0;;0;0;0;0;0;0;0;12;;0;70;;0;;0;34;0;0;0;0;99;0;0;17;0;22;20;;11;0;0;0;0;0;17;0;0;0;14;0;0;0;41;0;0;;6131;0;0;0;0;0;178;0;16;0;25;0;0;17;0;;31;0;0;0;23;0;72;0;0;15;18;186;7206
811;;;;;;0;;;;;0;;0;;0;;11;0;;;;;;;;;;;;;0;;0;0;;;0;;0;0;;;;;;;;;;0;;0;;;0;0;0;;;;;;;41;92;0;0;;;;0;0;0;;0;;0;;;;;0;;0;;0;30;;0;0;0;;0;;0;0;0;0;0;0;;0;0;;0;0;0;0;0;;1588;0;0;16;29;50;0;0;11;0;0;0;0;5696;0;;0;;;12;13;17;78;0;0;27;71;;0;;;11;0;0;;;0;0;0;191;7984
812;;;;;0;;0;;;;;;0;0;;;;12;;;;;;;;;0;;;;;;0;0;;;25;;0;;;0;;;;;;;;0;;0;0;0;0;;0;;;;0;;;90;21;;0;;;;;14;0;0;0;0;0;0;0;0;0;0;0;12;;0;111;;;0;;0;;0;0;0;14;;0;13;0;12;11;;0;0;0;0;0;;30;0;52;54;335;55;0;0;18;0;0;0;;67;11478;33;12;0;0;20;39;135;240;;0;12;28;;0;0;;;0;0;0;;0;0;;62;13005
813;;;;;0;0;;0;0;;0;;0;;;;;0;;;;;;;;;;;;0;;;;0;;;0;;0;;;0;0;;;;;;;;0;0;0;0;0;;0;;;;0;0;;47;21;0;12;;;;0;0;0;0;0;;0;0;0;0;;0;;14;;0;22;;0;0;;0;0;0;0;0;15;0;;0;0;0;0;;0;0;;;0;;0;0;12;0;82;16;0;0;0;0;0;;;0;0;4040;0;;11;0;75;143;31;0;;13;0;;0;;;;0;;0;0;;;;35;4589
814;;;;;0;;0;0;;0;0;;0;;;;0;16;;;;;;;;;;;;;0;;;;;;12;;0;0;;;;;;;;;;;;14;0;;0;0;0;;;0;;;;91;33;;0;;;;0;24;0;0;0;0;0;0;;;;12;;21;;0;113;;0;0;;0;0;0;15;;30;0;0;18;0;16;27;;11;0;;0;0;0;35;0;0;14;155;34;0;74;11;0;15;0;0;0;28;52;10560;11;0;42;108;36;150;0;0;59;38;;0;0;0;0;22;0;0;;0;0;0;88;11985
815;;;;;0;0;0;;;0;0;;;;;;;0;;;;;;;;;;;;;0;;0;;;;0;;0;0;;;;0;;;;;;;0;0;0;0;0;0;0;;;0;0;0;;0;0;;0;;;;0;0;0;0;;;0;0;0;;;0;;20;;0;36;;0;;;0;0;0;0;;25;0;0;17;0;15;11;;0;;;0;;;12;0;0;0;17;14;;20;0;0;0;31;0;;0;0;0;4137;0;0;;0;48;;0;17;0;;21;0;0;0;0;0;0;;;12;0;50;4503
816;;;0;;0;0;;;;0;0;0;0;0;;;0;23;;;;;0;;;;;;;0;;;0;;;;16;0;0;0;;0;;;;;0;;;;0;27;0;;0;0;0;;;;;0;;45;70;;0;;0;;0;33;0;0;0;;0;0;;0;;12;0;42;0;21;161;;0;;0;12;0;0;20;0;86;0;0;34;16;48;50;0;18;0;;0;;0;39;12;0;0;52;60;0;0;18;18;14;;430;0;14;0;17;0;11471;13;292;39;86;0;0;28;47;;43;0;0;0;96;0;31;;0;30;;108;13692
817;;;;0;;0;0;0;;0;0;;;;;;0;12;0;;;0;;;;;;;;0;0;;0;;;0;21;;0;0;;;;;;;;;;0;0;0;0;0;0;;0;0;;;;;;66;30;;15;;;;0;18;0;;0;;0;0;0;;;0;;0;;0;58;;0;0;;0;;0;17;0;24;0;0;11;0;0;0;;0;0;14;0;11;;66;0;0;0;48;19;0;14;11;0;72;0;;0;11;0;388;;0;13997;31;29;45;;0;21;77;;0;0;;;0;0;0;;0;0;0;101;15227
818;;;0;;0;;;;;0;0;;0;;;;0;0;;;;;;;;;;;;0;0;;0;;;;13;;;;;;;;;;;0;;;0;0;0;;0;0;0;;;0;;0;;60;26;;0;;;;0;14;0;0;0;;0;0;0;0;;0;;27;;42;147;;0;0;;0;0;0;0;0;22;0;0;15;0;0;0;;16;0;0;0;0;;29;51;0;18;83;30;0;0;0;0;0;17;0;0;31;75;19;0;61;22;5917;96;241;0;;0;28;0;12;0;;0;30;0;0;;0;0;;45;7187
819;;;0;;0;;0;0;;0;0;;;;29;0;0;11;;;;0;;0;0;;0;;;0;0;;0;0;;;80;0;0;0;;;0;;;;;;0;0;0;19;0;0;31;0;17;;0;0;0;0;;343;70;0;44;;;;0;30;14;0;11;0;0;0;0;;;30;0;35;;11;83;0;0;0;;0;0;0;71;0;14;;0;0;0;11;18;;21;12;0;0;0;;42;30;0;14;80;57;0;0;49;0;0;0;0;31;72;89;45;0;21;29;40;15382;82;;0;17;19;0;0;109;0;0;0;0;0;0;0;12;;92;17317
821;;;0;0;0;0;0;0;;0;0;;21;;0;0;16;48;;;;;;;;;0;;;;0;;0;;;0;95;;0;0;0;0;;;;;0;0;0;0;0;44;15;0;23;0;116;;0;0;;0;;360;136;0;16;;0;0;0;167;16;0;42;0;21;21;0;0;;56;0;94;0;49;588;0;17;0;0;0;14;0;54;0;130;12;0;66;27;64;90;;49;20;13;13;12;;268;102;60;204;1507;383;21;23;227;39;212;14;0;51;105;13;196;40;40;62;151;185;36186;0;37;74;168;0;53;25;0;38;97;26;25;0;16;44;;572;43789
831;;;;;;;;0;;;0;;;;;;;;;;;;;;;;;;;;;;;;0;;0;;;0;;0;;;;;;0;0;0;;0;0;;0;;0;0;;;;;;0;0;;0;;;;;0;0;0;0;;;0;;0;;0;;0;;0;52;;0;;25;0;;;0;;0;0;0;0;;0;0;;0;0;0;;0;;0;;;;0;0;;;0;0;;;;0;;;;;0;;;0;0;4910;0;114;0;;33;;;;;;0;;0;0;;22;5156
832;;;;;0;;0;0;;0;0;0;12;;0;0;0;0;;;;;;;;;0;;;0;0;;0;;;;0;;;0;0;0;;;;;0;;;0;0;17;0;0;0;0;0;;0;13;0;0;;15;0;;0;;;;0;40;0;0;14;0;0;0;0;0;0;16;0;41;0;26;147;0;0;;0;0;0;0;41;0;64;0;0;30;14;29;79;;32;16;0;0;0;;72;18;20;11;27;31;0;0;12;0;0;0;0;0;0;0;0;0;0;0;0;15;51;0;13568;507;38;0;34;84;0;0;14;18;27;0;25;40;123;1306;16687
833;;;0;0;0;0;0;0;;0;27;;52;0;0;0;0;0;0;;;0;0;;;;;;;0;0;;0;0;0;;13;0;0;0;;0;;;;;0;;0;23;0;32;16;0;18;0;0;;;0;0;0;;61;49;0;0;;;0;0;102;45;0;44;0;17;14;0;11;0;14;0;82;;42;551;0;31;0;21;0;0;0;75;0;141;0;0;34;20;37;82;0;74;42;19;36;18;0;321;41;44;24;73;212;0;0;31;0;15;;0;67;13;0;19;11;13;37;18;35;79;26;296;63705;1004;;30;412;0;35;18;59;21;;236;48;92;2625;71503
834;;;0;;0;0;0;;;0;0;0;0;;0;0;33;0;0;;;;;;;;0;;;;0;;;0;;0;19;0;;0;;;;;;;0;0;0;0;0;0;0;0;0;0;25;;;0;0;0;;66;111;0;0;;0;;0;51;0;;14;0;0;14;0;16;;0;0;40;0;19;654;;0;0;0;0;0;0;35;0;64;;0;16;0;17;21;;28;101;43;75;214;0;548;22;0;36;122;127;;0;34;0;27;;0;72;36;11;31;;33;83;65;41;208;16;40;619;27309;;13;18;18;59;18;129;14;;48;23;129;2289;33914
835;;;;;;;;;;;;;;;;;;;;;;;;;;;;;;;;;;;;;0;;;;;;;0;;;;;;;;0;;;;;0;;;;;;;0;;25;;;;;;0;;;0;;;0;;;;;;0;;0;0;;;;;;;;0;;0;0;;;;;0;;0;;;;0;;0;0;;0;;0;;;;0;;;0;;;;;;0;;;0;0;;;0;0;802;;;;;0;0;;;;0;;11;838
911;;;0;0;0;0;0;0;;0;90;0;0;;0;0;0;0;;;;;0;0;0;;12;;0;12;0;0;0;0;;;0;0;0;0;;0;0;;;0;0;0;0;0;0;159;32;0;37;0;16;0;0;0;0;15;;35;0;;13;0;0;0;23;44;20;0;29;;48;46;0;0;13;14;0;204;0;229;216;0;42;0;31;118;111;44;469;17;323;50;23;408;254;633;553;0;88;44;22;0;0;0;126;27;79;18;69;34;0;0;21;0;20;0;18;16;22;12;36;29;63;19;22;16;149;16;68;169;43;0;55721;213;14;49;44;27;586;0;29;335;146;1717;64510
912;;;;;;;;;;0;0;;0;;;0;;0;;;;;;;;;0;;;0;;;0;0;;0;0;;0;0;;0;;;;;;;0;;;11;0;0;0;0;0;;0;0;0;;;0;0;0;;;;;0;40;12;0;0;;0;0;0;;0;0;0;35;;15;37;;0;;;0;;0;32;0;130;0;0;20;0;18;18;;12;0;0;;0;;16;14;11;12;11;63;0;0;0;0;0;0;0;0;0;0;0;0;0;0;0;0;48;0;14;30;11;;80;4140;0;0;0;0;19;;0;28;26;168;5071
921;;;0;;;;;;;0;0;;;;;;0;;;;;;;;;;0;;;;;0;;;0;0;0;0;;;;;;;;;;;;0;0;0;0;0;;;0;;;0;0;0;;0;;;0;;0;;0;0;;;0;;0;0;;;;0;;0;;0;18;;0;;;0;0;0;26;;15;0;;15;0;0;12;;0;231;55;18;16;0;27;0;0;0;0;0;;;0;0;0;;0;0;0;;0;;0;0;;0;0;;0;16;47;;17;0;1649;0;30;0;0;;0;14;;43;2249
931;;;;;0;;;0;;0;0;;0;;;;17;;;;;;;;;;;;;;;;;;;;11;0;;;;;;;;;0;;;0;;;;;0;;0;;;;0;;;26;53;0;;;;;0;15;0;;0;;0;0;0;;;0;0;0;;0;46;;0;;0;;0;0;24;;26;;0;11;0;0;0;;0;17;0;0;0;;670;38;40;16;46;30;0;0;13;0;13;;;21;11;;0;;;0;0;0;24;0;0;37;90;;13;0;0;3967;0;0;0;;0;14;;85;5374
932;;;0;;0;0;;;;0;;;0;;;0;0;0;;;;;;;;;;;0;0;0;;0;0;;0;0;0;0;0;;0;;;;;;;0;0;0;23;0;0;0;0;11;;;0;0;;;50;47;;0;;;;0;33;;0;0;0;0;0;;0;0;12;;48;;25;312;;0;0;0;0;0;0;11;0;62;0;0;36;0;31;33;;13;0;0;0;0;;45;21;29;0;97;33;;0;0;0;23;0;37;0;19;0;37;0;92;12;56;32;176;0;0;39;31;;26;0;0;0;7362;11;18;;0;39;;95;9077
933;;;0;;;;0;;;0;0;;0;;;;0;0;;;;;;;;;;;;;0;;0;;;;0;0;0;0;;0;;;;;;;;;0;0;0;0;0;0;0;;;0;0;;;12;0;0;;;;;0;31;0;;0;0;0;0;;0;;0;0;26;;28;170;0;0;;0;0;0;0;18;0;68;;14;0;0;11;14;;17;0;0;0;0;0;33;0;0;0;12;18;0;0;11;0;0;0;;0;0;0;0;;0;0;0;12;50;;13;89;45;;23;0;0;0;15;6088;0;;0;13;;93;6924
941;;;0;0;11;0;0;0;0;0;16;0;;;0;;11;0;;;;;;0;0;;22;;0;318;0;11;0;0;0;0;34;16;16;12;0;24;;;;0;0;0;0;0;23;314;54;20;90;36;49;0;0;25;20;36;0;64;0;0;26;;0;;106;174;56;0;48;;63;87;25;11;62;54;0;391;11;565;512;0;95;0;58;1876;1220;47;91;85;2158;294;84;752;188;548;569;0;167;29;23;0;14;0;83;25;29;17;109;29;0;0;31;12;0;0;64;0;18;0;34;25;74;14;27;34;249;0;72;119;70;0;675;50;0;15;72;29;47095;0;22;179;97;1222;62302
952;;;;;;0;;;;;0;;;;;;;;;;;;;;;;0;;;;0;;;;;;;;;;;;;;;;0;0;;;;0;;;0;0;0;;;;;;;;;;0;;;;;0;;;;;0;;;;0;;;0;;0;0;;;;;0;0;;0;;14;;;0;0;0;0;;;;0;;;;0;;0;0;;;;;;;;;0;;0;;0;0;;;;;0;;0;;;;0;0;;;0;0;0;433;;0;44;139;630
961;;;0;;;0;;0;;;0;;0;;0;;12;0;;;;;;;;;0;;;;;;0;0;;;0;0;;0;;0;0;;;;;0;;0;;0;0;0;0;0;0;;;0;;;;11;15;;0;;;;0;14;0;0;0;;0;0;;;;0;0;13;;13;61;;0;;;0;0;;43;0;14;;0;0;0;0;16;;0;17;0;0;;;70;0;16;0;18;48;;0;12;0;0;0;0;0;0;0;0;0;0;0;14;34;22;;30;453;61;0;19;11;0;11;0;0;0;;6163;15;0;144;7370
962;;;0;;0;0;0;;;0;13;;0;;;0;0;0;;0;;;0;;;;11;;;0;0;0;0;0;0;0;18;0;0;0;;0;0;0;;;0;0;0;0;0;41;21;0;28;0;51;0;0;0;12;0;;65;0;;14;;0;0;13;49;15;21;37;0;21;20;26;0;0;49;0;257;0;136;200;0;59;;13;33;41;0;202;49;173;54;12;97;38;70;131;0;72;31;21;0;0;0;94;15;19;15;68;68;0;16;34;27;28;0;0;0;18;0;29;0;18;11;27;57;104;0;59;110;44;;192;19;0;13;36;12;182;0;17;28785;;321;32652
***;;;32;28;274;160;57;42;40;287;272;74;106;30;61;49;182;126;0;0;17;14;14;26;17;;33;23;25;255;173;33;69;57;22;81;880;277;464;76;341;156;37;60;49;86;125;73;154;31;114;1107;281;528;867;639;2052;163;64;735;479;177;76;1274;278;201;214;19;53;19;654;1703;610;163;274;0;306;922;302;240;78;609;154;2338;47;1702;2789;23;430;34;148;1300;1642;902;930;100;7253;762;545;2276;1005;2408;2966;56;596;561;523;178;277;21;4495;1040;1262;762;1198;1336;141;170;1144;292;328;104;321;147;284;66;313;184;421;187;178;257;1857;26;976;1976;1272;148;2960;321;121;343;477;246;4395;39;212;836;132103;;215593
NULL;;;22;100;747;569;256;194;173;914;626;273;326;130;198;142;583;370;21;27;39;84;95;86;75;0;137;83;57;364;363;101;201;74;44;159;1814;327;524;152;478;873;120;118;52;125;238;185;143;138;236;1281;405;1243;2389;1357;3259;403;189;759;484;511;97;2294;658;145;257;0;75;47;1479;4495;1304;400;689;25;640;930;291;363;160;1063;174;4690;73;1827;1922;38;133;67;195;1187;939;425;1483;149;5012;356;282;1382;1474;1104;3024;195;593;606;410;232;141;31;3299;1433;1155;760;1228;1317;108;178;1256;330;376;57;244;207;299;60;207;100;253;182;141;348;1299;58;935;2853;1343;65;1719;247;60;194;297;214;1492;0;225;568;;154357;248456
Totalsumma;1059;623;4928;3617;20134;16721;7625;10709;3741;28770;20670;10483;10597;6010;10086;3539;17183;15470;539;10289;4390;1067;11564;4896;9455;634;16993;4811;1314;7489;9753;1296;6565;5717;1939;6142;88609;11451;14774;7567;37124;80194;21283;8515;2287;5543;19829;9644;32262;9479;27991;179972;34226;45021;102414;33947;109524;20620;9886;15471;11334;38399;3606;96032;21493;4872;24346;541;2174;3529;54960;126323;35832;11431;42516;15328;22636;22386;8094;6525;3385;42892;3561;157050;1552;55225;84150;2812;14512;686;7504;35797;19676;19759;37647;2982;193784;12098;8027;104602;176451;59528;141615;9655;34324;20125;14971;7953;5493;839;101323;33845;24154;25352;53773;56660;4264;7131;39551;9983;10734;2941;7477;6848;13302;4718;12663;4662;13271;15477;7793;18717;50067;5203;16787;73359;34141;1194;64323;6096;2049;5382;9580;7361;59104;472;7353;32859;136045;239441;4280918