111,112,121,122,123,124,125,129,131,132,133,134,135,136,137,138,141,142,149,151,152,153,154,159,161,171,172,173,174,179,211,212,213,214,216,217,218,221,222,223,224,225,226,227,228,231,232,233,234,235,241,242,243,251,261,262,264,265,266,267,311,312,315,321,324,325,331,332,333,334,335,336,341,342,343,344,345,351,352,411,421,422,432,441,442,443,511,512,513,514,515,516,522,523,524,531,532,533,534,535,541,611,612,613,621,711,712,713,721,722,723,731,732,741,742,752,753,761,811,812,813,814,815,816,817,818,819,821,831,832,833,834,835,911,912,921,931,932,933,941,961,962
,,,,,,,,,,,,,,,,,,,,,,,,,,,,,,,,,,,,,,,,,,,,,,,,,,,,,,,,,,,,,,,,,,,,,,,,,,,,,,,,,,,,,,,,,,,,,,,,,,,,,,,,,,,,,,,,,,,,,,,,,,,,,,,,,,,,,,,,,,,,,
,,,,,,,,,,,,,,,,,,,,,,,,,,,,,,,,,,,,,,,,,,,,,,,,,,,,,,,,,,,,,,,,,,,,,,,,,,,,,,,,,,,,,,,,,,,,,,,,,,,,,,,,,,,,,,,,,,,,,,,,,,,,,,,,,,,,,,,,,,,,,
27.0,157.0,115.0,55.0,72.0,24.0,213.0,133.0,82.0,72.0,36.0,59.0,21.0,110.0,103.0,4.0,68.0,30.0,6.0,75.0,27.0,63.0,5.0,110.0,51.0,9.0,46.0,69.0,6.0,45.0,42.0,14.0,46.0,581.0,69.0,87.0,50.0,258.0,577.0,144.0,55.0,15.0,39.0,131.0,55.0,245.0,71.0,198.0,1270.0,230.0,314.0,627.0,220.0,704.0,136.0,68.0,94.0,58.0,229.0,27.0,647.0,131.0,34.0,181.0,12.0,26.0,392.0,950.0,221.0,69.0,310.0,113.0,131.0,142.0,49.0,39.0,25.0,312.0,27.0,1196.0,15.0,368.0,606.0,24.0,127.0,5.0,55.0,257.0,150.0,50.0,272.0,19.0,1425.0,102.0,64.0,682.0,1257.0,531.0,1002.0,70.0,250.0,114.0,49.0,26.0,25.0,647.0,237.0,161.0,173.0,368.0,379.0,28.0,61.0,271.0,68.0,75.0,16.0,52.0,63.0,108.0,38.0,95.0,37.0,107.0,113.0,60.0,131.0,372.0,37.0,125.0,542.0,230.0,7.0,488.0,27.0,20.0,39.0,89.0,49.0,476.0,59.0,266.0
50.0,295.0,215.0,101.0,133.0,44.0,400.0,247.0,152.0,132.0,67.0,109.0,38.0,206.0,194.0,7.0,128.0,55.0,11.0,138.0,50.0,117.0,9.0,206.0,95.0,17.0,85.0,128.0,11.0,82.0,76.0,26.0,85.0,1097.0,129.0,161.0,93.0,484.0,1087.0,270.0,103.0,27.0,73.0,244.0,102.0,461.0,132.0,369.0,2398.0,431.0,590.0,1188.0,412.0,1330.0,253.0,127.0,176.0,108.0,430.0,51.0,1224.0,245.0,64.0,340.0,23.0,48.0,737.0,1795.0,414.0,127.0,581.0,211.0,242.0,265.0,91.0,73.0,46.0,584.0,49.0,2263.0,28.0,690.0,1144.0,44.0,235.0,10.0,103.0,482.0,278.0,93.0,511.0,36.0,2694.0,188.0,118.0,1284.0,2372.0,994.0,1890.0,133.0,469.0,214.0,92.0,48.0,46.0,1222.0,444.0,301.0,325.0,691.0,713.0,51.0,113.0,510.0,125.0,138.0,29.0,97.0,116.0,203.0,71.0,178.0,68.0,200.0,211.0,111.0,244.0,701.0,69.0,233.0,1021.0,432.0,14.0,917.0,50.0,37.0,72.0,164.0,90.0,892.0,109.0,497.0
66.0,396.0,287.0,134.0,177.0,58.0,537.0,331.0,203.0,175.0,88.0,145.0,51.0,276.0,260.0,9.0,170.0,73.0,15.0,184.0,67.0,156.0,12.0,277.0,125.0,23.0,112.0,170.0,15.0,109.0,101.0,34.0,114.0,1490.0,173.0,214.0,123.0,655.0,1472.0,361.0,138.0,36.0,98.0,328.0,136.0,623.0,176.0,495.0,3259.0,578.0,797.0,1619.0,553.0,1807.0,341.0,171.0,234.0,144.0,580.0,69.0,1666.0,330.0,87.0,456.0,31.0,65.0,995.0,2443.0,556.0,168.0,782.0,284.0,321.0,352.0,121.0,96.0,60.0,787.0,64.0,3084.0,37.0,931.0,1552.0,59.0,314.0,14.0,138.0,649.0,370.0,123.0,687.0,48.0,3667.0,249.0,157.0,1738.0,3214.0,1333.0,2564.0,178.0,630.0,286.0,122.0,63.0,61.0,1660.0,597.0,405.0,436.0,934.0,964.0,67.0,150.0,689.0,165.0,184.0,38.0,129.0,154.0,272.0,94.0,238.0,91.0,266.0,283.0,147.0,328.0,949.0,91.0,311.0,1384.0,581.0,19.0,1236.0,67.0,48.0,95.0,218.0,119.0,1200.0,144.0,668.0
77.0,467.0,338.0,157.0,207.0,67.0,635.0,390.0,237.0,204.0,102.0,170.0,59.0,325.0,305.0,10.0,199.0,84.0,17.0,215.0,78.0,183.0,15.0,328.0,144.0,26.0,130.0,197.0,17.0,127.0,118.0,40.0,132.0,1786.0,203.0,250.0,144.0,779.0,1755.0,426.0,163.0,43.0,116.0,388.0,161.0,740.0,205.0,583.0,3904.0,683.0,948.0,1948.0,653.0,2164.0,403.0,200.0,275.0,168.0,689.0,82.0,1999.0,389.0,102.0,538.0,36.0,77.0,1183.0,2932.0,657.0,196.0,927.0,335.0,375.0,413.0,140.0,112.0,69.0,931.0,75.0,3707.0,44.0,1104.0,1856.0,69.0,368.0,17.0,161.0,769.0,432.0,144.0,814.0,56.0,4402.0,290.0,184.0,2071.0,3840.0,1573.0,3066.0,211.0,746.0,337.0,142.0,73.0,71.0,1989.0,708.0,479.0,515.0,1112.0,1148.0,78.0,176.0,818.0,192.0,214.0,43.0,149.0,179.0,318.0,110.0,279.0,106.0,312.0,334.0,171.0,387.0,1133.0,107.0,365.0,1652.0,689.0,23.0,1468.0,78.0,56.0,112.0,253.0,139.0,1421.0,167.0,791.0
84.0,515.0,371.0,170.0,226.0,72.0,701.0,429.0,257.0,221.0,110.0,185.0,63.0,358.0,334.0,11.0,218.0,90.0,19.0,234.0,84.0,199.0,16.0,362.0,156.0,29.0,140.0,213.0,18.0,137.0,128.0,44.0,143.0,2002.0,222.0,273.0,157.0,865.0,1958.0,469.0,180.0,47.0,129.0,429.0,177.0,823.0,223.0,641.0,4376.0,752.0,1053.0,2193.0,721.0,2426.0,445.0,219.0,300.0,184.0,765.0,91.0,2245.0,427.0,113.0,593.0,39.0,85.0,1315.0,3293.0,724.0,213.0,1025.0,369.0,408.0,450.0,152.0,121.0,75.0,1029.0,80.0,4171.0,48.0,1224.0,2076.0,74.0,402.0,21.0,176.0,850.0,469.0,156.0,902.0,61.0,4945.0,315.0,200.0,2309.0,4290.0,1731.0,3428.0,234.0,823.0,371.0,155.0,78.0,76.0,2229.0,784.0,528.0,568.0,1236.0,1278.0,84.0,191.0,908.0,208.0,233.0,46.0,161.0,194.0,349.0,119.0,306.0,114.0,339.0,368.0,185.0,427.0,1264.0,116.0,399.0,1845.0,762.0,25.0,1627.0,85.0,61.0,121.0,275.0,150.0,1570.0,180.0,873.0
87.0,542.0,390.0,177.0,236.0,73.0,742.0,451.0,267.0,229.0,113.0,193.0,65.0,377.0,350.0,11.0,228.0,93.0,19.0,244.0,86.0,207.0,17.0,382.0,160.0,29.0,143.0,220.0,18.0,141.0,131.0,46.0,148.0,2155.0,232.0,285.0,163.0,922.0,2094.0,494.0,190.0,49.0,137.0,453.0,185.0,876.0,231.0,674.0,4708.0,794.0,1122.0,2371.0,761.0,2609.0,470.0,229.0,313.0,191.0,814.0,96.0,2421.0,450.0,119.0,625.0,40.0,91.0,1401.0,3551.0,765.0,221.0,1087.0,389.0,424.0,469.0,157.0,125.0,76.0,1090.0,82.0,4507.0,51.0,1300.0,2228.0,77.0,420.0,23.0,183.0,900.0,487.0,162.0,957.0,62.0,5334.0,326.0,208.0,2468.0,4599.0,1824.0,3678.0,248.0,870.0,389.0,161.0,81.0,79.0,2399.0,832.0,558.0,600.0,1319.0,1363.0,85.0,198.0,965.0,215.0,242.0,48.0,166.0,200.0,366.0,122.0,321.0,118.0,354.0,389.0,192.0,450.0,1353.0,121.0,416.0,1975.0,807.0,26.0,1729.0,88.0,63.0,126.0,285.0,155.0,1662.0,186.0,922.0
88.0,555.0,398.0,177.0,239.0,73.0,762.0,461.0,269.0,230.0,112.0,195.0,64.0,385.0,355.0,10.0,230.0,93.0,19.0,246.0,87.0,209.0,17.0,391.0,160.0,29.0,143.0,221.0,18.0,141.0,132.0,47.0,149.0,2255.0,236.0,287.0,163.0,954.0,2177.0,505.0,194.0,50.0,140.0,465.0,188.0,906.0,232.0,688.0,4926.0,813.0,1161.0,2494.0,779.0,2729.0,482.0,231.0,317.0,192.0,841.0,99.0,2539.0,460.0,122.0,640.0,41.0,94.0,1450.0,3725.0,785.0,221.0,1119.0,399.0,428.0,474.0,157.0,125.0,74.0,1120.0,81.0,4739.0,52.0,1341.0,2325.0,76.0,426.0,24.0,184.0,926.0,489.0,162.0,986.0,62.0,5598.0,326.0,209.0,2564.0,4793.0,1865.0,3837.0,256.0,893.0,397.0,163.0,80.0,79.0,2510.0,857.0,572.0,614.0,1367.0,1413.0,85.0,199.0,996.0,216.0,243.0,47.0,166.0,200.0,371.0,122.0,326.0,118.0,356.0,398.0,192.0,461.0,1407.0,122.0,421.0,2057.0,830.0,27.0,1784.0,88.0,62.0,126.0,285.0,154.0,1708.0,185.0,947.0
86.0,554.0,397.0,173.0,235.0,70.0,765.0,459.0,264.0,225.0,108.0,192.0,61.0,385.0,353.0,9.0,228.0,90.0,18.0,243.0,84.0,205.0,17.0,393.0,155.0,28.0,139.0,215.0,18.0,137.0,128.0,46.0,146.0,2315.0,233.0,283.0,160.0,967.0,2218.0,504.0,194.0,50.0,141.0,466.0,187.0,918.0,227.0,685.0,5054.0,814.0,1177.0,2573.0,781.0,2799.0,483.0,229.0,313.0,188.0,852.0,101.0,2612.0,459.0,122.0,640.0,40.0,95.0,1469.0,3832.0,788.0,217.0,1127.0,399.0,420.0,468.0,153.0,121.0,72.0,1127.0,77.0,4887.0,50.0,1354.0,2379.0,73.0,421.0,25.0,181.0,931.0,480.0,158.0,993.0,61.0,5760.0,319.0,203.0,2609.0,4896.0,1866.0,3923.0,258.0,897.0,395.0,161.0,78.0,76.0,2575.0,864.0,573.0,615.0,1387.0,1435.0,81.0,195.0,1007.0,210.0,239.0,45.0,161.0,195.0,369.0,119.0,323.0,115.0,350.0,399.0,187.0,462.0,1434.0,120.0,416.0,2098.0,836.0,27.0,1802.0,87.0,60.0,123.0,278.0,149.0,1717.0,179.0,950.0
83.0,545.0,389.0,166.0,228.0,66.0,756.0,450.0,254.0,216.0,103.0,185.0,57.0,378.0,343.0,8.0,222.0,86.0,17.0,234.0,79.0,198.0,16.0,387.0,146.0,26.0,131.0,206.0,17.0,131.0,121.0,44.0,139.0,2341.0,226.0,274.0,155.0,965.0,2225.0,495.0,191.0,49.0,140.0,460.0,183.0,915.0,219.0,672.0,5109.0,801.0,1174.0,2617.0,769.0,2828.0,476.0,222.0,304.0,181.0,848.0,101.0,2647.0,450.0,120.0,630.0,39.0,94.0,1466.0,3885.0,777.0,208.0,1117.0,393.0,404.0,453.0,146.0,115.0,67.0,1116.0,72.0,4967.0,49.0,1345.0,2396.0,69.0,409.0,26.0,175.0,921.0,462.0,152.0,985.0,57.0,5840.0,305.0,194.0,2615.0,4925.0,1834.0,3951.0,255.0,885.0,386.0,155.0,74.0,73.0,2602.0,857.0,565.0,606.0,1386.0,1434.0,76.0,187.0,1002.0,200.0,230.0,43.0,153.0,186.0,359.0,114.0,315.0,109.0,337.0,393.0,179.0,454.0,1439.0,116.0,403.0,2108.0,827.0,27.0,1791.0,83.0,56.0,118.0,266.0,142.0,1697.0,171.0,937.0
78.0,527.0,375.0,156.0,217.0,60.0,737.0,434.0,242.0,203.0,97.0,177.0,53.0,366.0,329.0,7.0,212.0,79.0,16.0,224.0,74.0,187.0,16.0,376.0,136.0,24.0,122.0,194.0,15.0,122.0,113.0,41.0,132.0,2340.0,216.0,260.0,147.0,950.0,2206.0,478.0,185.0,47.0,137.0,448.0,176.0,901.0,207.0,649.0,5106.0,777.0,1156.0,2632.0,747.0,2825.0,463.0,212.0,290.0,171.0,833.0,99.0,2652.0,436.0,117.0,612.0,37.0,92.0,1444.0,3894.0,756.0,197.0,1092.0,382.0,383.0,431.0,138.0,107.0,61.0,1090.0,67.0,4993.0,46.0,1320.0,2386.0,64.0,391.0,26.0,166.0,898.0,437.0,144.0,963.0,54.0,5856.0,287.0,183.0,2589.0,4897.0,1778.0,3933.0,250.0,862.0,372.0,148.0,69.0,69.0,2600.0,838.0,549.0,588.0,1367.0,1416.0,71.0,176.0,983.0,188.0,218.0,39.0,144.0,175.0,345.0,106.0,302.0,102.0,320.0,382.0,169.0,441.0,1426.0,110.0,385.0,2092.0,808.0,26.0,1758.0,78.0,52.0,110.0,250.0,132.0,1654.0,159.0,912.0
72.0,504.0,358.0,145.0,204.0,55.0,711.0,415.0,226.0,189.0,88.0,166.0,48.0,351.0,312.0,6.0,200.0,73.0,15.0,211.0,67.0,175.0,15.0,361.0,124.0,22.0,111.0,179.0,13.0,112.0,104.0,39.0,122.0,2318.0,204.0,245.0,137.0,927.0,2165.0,457.0,178.0,45.0,132.0,431.0,167.0,878.0,192.0,619.0,5057.0,746.0,1127.0,2624.0,718.0,2798.0,445.0,200.0,273.0,159.0,810.0,96.0,2635.0,416.0,113.0,587.0,34.0,90.0,1408.0,3869.0,728.0,183.0,1056.0,367.0,358.0,405.0,128.0,98.0,55.0,1052.0,61.0,4975.0,43.0,1281.0,2353.0,59.0,369.0,25.0,155.0,866.0,408.0,133.0,932.0,50.0,5819.0,266.0,169.0,2538.0,4824.0,1703.0,3878.0,242.0,830.0,355.0,138.0,63.0,63.0,2573.0,812.0,528.0,564.0,1336.0,1384.0,64.0,164.0,955.0,173.0,203.0,35.0,132.0,161.0,326.0,98.0,286.0,94.0,299.0,366.0,158.0,423.0,1400.0,103.0,362.0,2057.0,780.0,25.0,1707.0,72.0,47.0,101.0,231.0,121.0,1595.0,146.0,878.0
66.0,477.0,338.0,133.0,190.0,48.0,679.0,392.0,208.0,173.0,79.0,154.0,42.0,333.0,292.0,5.0,187.0,66.0,13.0,196.0,60.0,162.0,14.0,344.0,112.0,20.0,101.0,164.0,11.0,102.0,94.0,35.0,112.0,2280.0,191.0,227.0,126.0,897.0,2109.0,432.0,169.0,42.0,126.0,412.0,157.0,848.0,176.0,584.0,4972.0,709.0,1089.0,2597.0,683.0,2749.0,424.0,187.0,254.0,146.0,782.0,93.0,2598.0,394.0,107.0,558.0,31.0,86.0,1361.0,3817.0,694.0,168.0,1012.0,348.0,331.0,376.0,117.0,89.0,49.0,1008.0,53.0,4923.0,39.0,1233.0,2303.0,53.0,344.0,24.0,143.0,828.0,375.0,121.0,894.0,44.0,5741.0,243.0,154.0,2468.0,4717.0,1616.0,3795.0,231.0,791.0,334.0,128.0,58.0,57.0,2529.0,780.0,503.0,536.0,1294.0,1342.0,57.0,151.0,920.0,157.0,188.0,31.0,119.0,147.0,305.0,88.0,268.0,85.0,276.0,348.0,145.0,403.0,1364.0,95.0,337.0,2007.0,747.0,23.0,1643.0,66.0,41.0,92.0,211.0,110.0,1524.0,131.0,836.0
59.0,447.0,316.0,121.0,174.0,42.0,643.0,367.0,190.0,157.0,71.0,141.0,37.0,313.0,271.0,4.0,172.0,59.0,11.0,181.0,54.0,148.0,13.0,325.0,99.0,17.0,89.0,148.0,10.0,92.0,85.0,32.0,102.0,2229.0,176.0,209.0,115.0,862.0,2041.0,405.0,158.0,39.0,120.0,389.0,146.0,813.0,160.0,547.0,4859.0,668.0,1046.0,2556.0,645.0,2686.0,400.0,173.0,234.0,133.0,749.0,90.0,2546.0,369.0,102.0,526.0,29.0,82.0,1307.0,3743.0,656.0,153.0,963.0,328.0,302.0,346.0,105.0,80.0,42.0,958.0,47.0,4843.0,35.0,1177.0,2240.0,47.0,318.0,23.0,131.0,785.0,342.0,110.0,850.0,40.0,5632.0,219.0,139.0,2385.0,4583.0,1521.0,3691.0,220.0,748.0,313.0,117.0,52.0,51.0,2470.0,743.0,474.0,506.0,1245.0,1292.0,50.0,137.0,880.0,141.0,171.0,28.0,107.0,132.0,283.0,79.0,248.0,76.0,252.0,328.0,131.0,380.0,1319.0,87.0,311.0,1945.0,709.0,22.0,1569.0,59.0,36.0,82.0,190.0,98.0,1444.0,117.0,791.0
53.0,417.0,293.0,108.0,159.0,37.0,605.0,341.0,172.0,142.0,63.0,128.0,32.0,292.0,249.0,3.0,158.0,52.0,10.0,165.0,48.0,134.0,12.0,304.0,87.0,14.0,78.0,132.0,9.0,81.0,75.0,28.0,91.0,2168.0,162.0,190.0,104.0,823.0,1964.0,377.0,148.0,36.0,113.0,366.0,134.0,775.0,143.0,508.0,4726.0,624.0,998.0,2503.0,605.0,2611.0,375.0,158.0,213.0,120.0,713.0,85.0,2484.0,344.0,95.0,491.0,26.0,78.0,1247.0,3653.0,616.0,138.0,911.0,307.0,274.0,315.0,94.0,70.0,36.0,904.0,41.0,4743.0,32.0,1118.0,2168.0,41.0,290.0,21.0,118.0,739.0,309.0,98.0,804.0,35.0,5497.0,196.0,124.0,2291.0,4429.0,1421.0,3570.0,208.0,703.0,289.0,106.0,47.0,45.0,2401.0,703.0,444.0,473.0,1191.0,1238.0,43.0,123.0,836.0,126.0,154.0,24.0,94.0,118.0,260.0,70.0,228.0,67.0,227.0,307.0,117.0,355.0,1269.0,78.0,284.0,1875.0,669.0,21.0,1490.0,53.0,31.0,73.0,170.0,87.0,1359.0,103.0,742.0
46.0,385.0,269.0,96.0,143.0,31.0,566.0,315.0,154.0,126.0,54.0,115.0,27.0,270.0,227.0,3.0,143.0,45.0,8.0,149.0,41.0,119.0,11.0,283.0,75.0,12.0,67.0,117.0,7.0,71.0,65.0,25.0,81.0,2100.0,147.0,171.0,93.0,782.0,1882.0,348.0,137.0,33.0,106.0,341.0,123.0,735.0,127.0,468.0,4577.0,580.0,948.0,2442.0,563.0,2528.0,349.0,144.0,193.0,106.0,675.0,81.0,2414.0,318.0,89.0,457.0,23.0,73.0,1184.0,3550.0,575.0,123.0,856.0,285.0,246.0,285.0,83.0,61.0,30.0,848.0,35.0,4626.0,28.0,1055.0,2088.0,35.0,263.0,20.0,106.0,691.0,276.0,87.0,755.0,30.0,5345.0,173.0,110.0,2191.0,4262.0,1319.0,3439.0,195.0,656.0,266.0,95.0,41.0,39.0,2323.0,661.0,414.0,440.0,1133.0,1179.0,37.0,109.0,790.0,110.0,138.0,20.0,83.0,103.0,237.0,61.0,208.0,59.0,203.0,285.0,104.0,330.0,1215.0,69.0,257.0,1799.0,627.0,19.0,1406.0,47.0,26.0,64.0,150.0,76.0,1271.0,90.0,692.0
40.0,353.0,247.0,85.0,128.0,26.0,527.0,289.0,136.0,111.0,47.0,103.0,23.0,249.0,206.0,2.0,129.0,39.0,7.0,134.0,36.0,106.0,9.0,262.0,64.0,10.0,57.0,102.0,6.0,62.0,57.0,22.0,71.0,2028.0,132.0,153.0,82.0,740.0,1796.0,320.0,126.0,30.0,99.0,316.0,112.0,694.0,112.0,428.0,4417.0,536.0,896.0,2374.0,521.0,2439.0,324.0,129.0,172.0,93.0,636.0,77.0,2337.0,292.0,82.0,422.0,21.0,69.0,1120.0,3439.0,533.0,109.0,800.0,263.0,219.0,255.0,73.0,53.0,25.0,792.0,29.0,4497.0,24.0,991.0,2003.0,31.0,237.0,19.0,94.0,642.0,244.0,75.0,706.0,26.0,5178.0,151.0,96.0,2087.0,4087.0,1217.0,3299.0,182.0,609.0,242.0,85.0,36.0,34.0,2240.0,619.0,383.0,406.0,1073.0,1118.0,31.0,96.0,743.0,96.0,122.0,17.0,71.0,91.0,214.0,53.0,188.0,51.0,180.0,263.0,92.0,305.0,1159.0,61.0,230.0,1719.0,585.0,18.0,1321.0,41.0,21.0,56.0,131.0,66.0,1183.0,77.0,642.0
35.0,322.0,224.0,74.0,114.0,21.0,488.0,263.0,120.0,97.0,40.0,91.0,19.0,228.0,185.0,1.0,115.0,33.0,6.0,119.0,30.0,93.0,8.0,241.0,54.0,8.0,48.0,89.0,5.0,53.0,49.0,18.0,62.0,1952.0,118.0,135.0,72.0,697.0,1708.0,292.0,115.0,27.0,92.0,292.0,100.0,653.0,97.0,390.0,4250.0,493.0,843.0,2301.0,480.0,2345.0,298.0,116.0,153.0,81.0,596.0,72.0,2256.0,267.0,76.0,388.0,18.0,64.0,1054.0,3322.0,493.0,96.0,745.0,242.0,194.0,227.0,63.0,45.0,21.0,736.0,24.0,4360.0,21.0,927.0,1915.0,26.0,212.0,17.0,83.0,594.0,214.0,65.0,656.0,22.0,5002.0,132.0,83.0,1980.0,3906.0,1117.0,3155.0,169.0,563.0,219.0,74.0,30.0,29.0,2153.0,577.0,352.0,373.0,1012.0,1056.0,26.0,83.0,696.0,83.0,107.0,14.0,61.0,78.0,192.0,45.0,169.0,43.0,159.0,242.0,80.0,280.0,1101.0,54.0,205.0,1638.0,543.0,16.0,1235.0,36.0,17.0,48.0,113.0,56.0,1095.0,65.0,592.0
30.0,292.0,203.0,64.0,100.0,17.0,450.0,238.0,105.0,84.0,34.0,80.0,16.0,208.0,165.0,1.0,102.0,28.0,5.0,106.0,26.0,81.0,7.0,221.0,45.0,6.0,40.0,76.0,4.0,45.0,41.0,16.0,53.0,1873.0,105.0,119.0,63.0,655.0,1619.0,266.0,105.0,24.0,85.0,268.0,90.0,612.0,84.0,353.0,4080.0,451.0,791.0,2225.0,440.0,2250.0,273.0,103.0,136.0,70.0,557.0,67.0,2172.0,243.0,69.0,354.0,16.0,60.0,989.0,3200.0,453.0,84.0,690.0,221.0,170.0,200.0,55.0,38.0,16.0,681.0,20.0,4217.0,18.0,863.0,1826.0,21.0,187.0,16.0,73.0,547.0,186.0,56.0,608.0,18.0,4820.0,113.0,71.0,1874.0,3722.0,1020.0,3009.0,156.0,518.0,197.0,65.0,26.0,24.0,2064.0,536.0,323.0,341.0,952.0,995.0,21.0,71.0,649.0,70.0,93.0,12.0,52.0,67.0,171.0,38.0,150.0,36.0,138.0,221.0,69.0,256.0,1043.0,46.0,181.0,1555.0,501.0,14.0,1151.0,31.0,14.0,41.0,97.0,47.0,1008.0,55.0,543.0
25.0,263.0,182.0,55.0,88.0,14.0,413.0,215.0,91.0,72.0,28.0,70.0,13.0,188.0,147.0,0.0,90.0,23.0,4.0,93.0,22.0,70.0,7.0,201.0,37.0,5.0,33.0,65.0,3.0,38.0,34.0,13.0,46.0,1795.0,93.0,104.0,54.0,613.0,1531.0,240.0,95.0,22.0,79.0,245.0,80.0,571.0,72.0,318.0,3907.0,410.0,740.0,2147.0,401.0,2153.0,249.0,91.0,119.0,60.0,519.0,63.0,2087.0,220.0,63.0,322.0,14.0,55.0,925.0,3077.0,414.0,73.0,637.0,201.0,148.0,176.0,47.0,32.0,13.0,627.0,16.0,4070.0,15.0,802.0,1737.0,18.0,165.0,14.0,63.0,501.0,161.0,47.0,561.0,15.0,4635.0,97.0,61.0,1768.0,3539.0,928.0,2862.0,144.0,474.0,177.0,57.0,22.0,20.0,1974.0,495.0,294.0,310.0,892.0,934.0,17.0,61.0,603.0,60.0,81.0,9.0,43.0,57.0,151.0,32.0,134.0,30.0,119.0,201.0,59.0,233.0,985.0,40.0,159.0,1472.0,461.0,13.0,1068.0,27.0,11.0,35.0,82.0,40.0,925.0,46.0,496.0
21.0,236.0,163.0,47.0,76.0,11.0,378.0,193.0,79.0,61.0,24.0,61.0,10.0,170.0,130.0,0.0,79.0,19.0,3.0,81.0,18.0,60.0,6.0,183.0,30.0,4.0,27.0,55.0,2.0,31.0,28.0,11.0,38.0,1716.0,82.0,90.0,46.0,573.0,1444.0,216.0,85.0,19.0,72.0,223.0,71.0,532.0,61.0,284.0,3735.0,372.0,690.0,2068.0,365.0,2057.0,227.0,80.0,103.0,51.0,482.0,59.0,2002.0,198.0,58.0,292.0,12.0,51.0,863.0,2952.0,377.0,63.0,586.0,182.0,128.0,153.0,39.0,26.0,10.0,576.0,13.0,3922.0,13.0,742.0,1648.0,15.0,144.0,13.0,54.0,458.0,138.0,40.0,515.0,12.0,4448.0,82.0,51.0,1663.0,3358.0,840.0,2716.0,132.0,432.0,157.0,49.0,18.0,17.0,1884.0,456.0,267.0,281.0,834.0,875.0,14.0,52.0,559.0,50.0,69.0,7.0,36.0,48.0,133.0,26.0,118.0,25.0,102.0,182.0,50.0,211.0,928.0,34.0,138.0,1391.0,423.0,12.0,988.0,22.0,9.0,29.0,69.0,33.0,845.0,38.0,452.0
17.0,210.0,145.0,39.0,66.0,9.0,344.0,172.0,68.0,52.0,19.0,53.0,8.0,153.0,114.0,0.0,69.0,15.0,2.0,71.0,15.0,51.0,5.0,165.0,25.0,3.0,21.0,46.0,2.0,26.0,23.0,9.0,32.0,1637.0,71.0,78.0,40.0,534.0,1360.0,193.0,77.0,17.0,66.0,202.0,63.0,494.0,51.0,253.0,3564.0,336.0,641.0,1989.0,330.0,1961.0,205.0,69.0,89.0,43.0,446.0,55.0,1916.0,178.0,52.0,264.0,10.0,47.0,802.0,2828.0,342.0,54.0,538.0,164.0,110.0,133.0,33.0,22.0,8.0,528.0,10.0,3773.0,11.0,684.0,1560.0,12.0,125.0,11.0,46.0,416.0,118.0,33.0,472.0,10.0,4262.0,69.0,43.0,1562.0,3180.0,759.0,2573.0,121.0,392.0,139.0,42.0,15.0,14.0,1795.0,419.0,242.0,254.0,777.0,817.0,11.0,43.0,516.0,41.0,59.0,6.0,30.0,40.0,116.0,22.0,103.0,20.0,86.0,164.0,43.0,190.0,872.0,29.0,119.0,1311.0,386.0,11.0,911.0,19.0,7.0,24.0,57.0,27.0,769.0,31.0,409.0
14.0,186.0,128.0,33.0,57.0,7.0,313.0,153.0,58.0,44.0,16.0,45.0,6.0,137.0,100.0,0.0,59.0,12.0,2.0,61.0,12.0,43.0,5.0,149.0,20.0,2.0,17.0,38.0,1.0,21.0,19.0,7.0,27.0,1560.0,62.0,66.0,33.0,496.0,1277.0,172.0,68.0,15.0,60.0,182.0,55.0,457.0,43.0,225.0,3396.0,302.0,595.0,1909.0,298.0,1868.0,185.0,60.0,76.0,36.0,411.0,51.0,1832.0,159.0,47.0,237.0,8.0,43.0,745.0,2706.0,309.0,46.0,492.0,147.0,94.0,115.0,28.0,18.0,6.0,482.0,8.0,3625.0,9.0,630.0,1474.0,9.0,108.0,10.0,39.0,377.0,99.0,27.0,431.0,8.0,4077.0,58.0,36.0,1464.0,3007.0,682.0,2433.0,111.0,355.0,122.0,35.0,12.0,11.0,1707.0,384.0,218.0,228.0,723.0,761.0,9.0,36.0,476.0,34.0,50.0,5.0,24.0,33.0,101.0,17.0,90.0,16.0,73.0,147.0,36.0,170.0,817.0,24.0,103.0,1233.0,351.0,9.0,838.0,16.0,5.0,20.0,47.0,22.0,697.0,25.0,369.0
11.0,164.0,113.0,27.0,49.0,5.0,283.0,136.0,49.0,37.0,13.0,39.0,5.0,122.0,87.0,0.0,51.0,10.0,2.0,52.0,10.0,36.0,4.0,133.0,15.0,2.0,13.0,32.0,1.0,17.0,15.0,6.0,22.0,1485.0,53.0,56.0,28.0,460.0,1198.0,152.0,61.0,13.0,55.0,164.0,48.0,422.0,35.0,199.0,3232.0,271.0,551.0,1830.0,268.0,1776.0,166.0,52.0,65.0,30.0,379.0,47.0,1749.0,141.0,42.0,212.0,7.0,40.0,689.0,2585.0,279.0,39.0,448.0,132.0,80.0,98.0,23.0,14.0,4.0,439.0,6.0,3478.0,7.0,578.0,1391.0,7.0,93.0,8.0,33.0,340.0,83.0,22.0,392.0,6.0,3896.0,48.0,30.0,1369.0,2840.0,611.0,2297.0,100.0,320.0,107.0,29.0,10.0,9.0,1622.0,350.0,195.0,204.0,671.0,708.0,7.0,30.0,437.0,28.0,42.0,3.0,19.0,27.0,87.0,14.0,78.0,13.0,60.0,131.0,30.0,152.0,765.0,20.0,88.0,1158.0,319.0,8.0,768.0,13.0,4.0,16.0,39.0,18.0,630.0,20.0,332.0
9.0,144.0,99.0,23.0,41.0,4.0,255.0,120.0,41.0,31.0,10.0,33.0,4.0,108.0,75.0,0.0,44.0,8.0,1.0,45.0,8.0,30.0,3.0,119.0,12.0,1.0,10.0,26.0,1.0,14.0,12.0,5.0,18.0,1411.0,46.0,47.0,23.0,426.0,1122.0,135.0,54.0,11.0,49.0,147.0,41.0,389.0,29.0,175.0,3073.0,242.0,509.0,1753.0,240.0,1687.0,149.0,44.0,55.0,24.0,348.0,43.0,1668.0,125.0,38.0,189.0,6.0,36.0,637.0,2467.0,250.0,33.0,408.0,117.0,68.0,84.0,19.0,11.0,3.0,398.0,4.0,3334.0,6.0,529.0,1311.0,6.0,79.0,7.0,27.0,305.0,70.0,18.0,356.0,5.0,3718.0,40.0,25.0,1278.0,2678.0,546.0,2165.0,91.0,288.0,93.0,25.0,8.0,7.0,1538.0,319.0,174.0,182.0,621.0,657.0,5.0,24.0,401.0,22.0,35.0,3.0,15.0,22.0,75.0,11.0,67.0,10.0,50.0,116.0,24.0,136.0,715.0,16.0,74.0,1086.0,288.0,8.0,703.0,11.0,3.0,13.0,32.0,14.0,567.0,15.0,297.0
7.0,126.0,87.0,18.0,35.0,3.0,230.0,105.0,34.0,25.0,8.0,28.0,3.0,95.0,64.0,0.0,37.0,6.0,1.0,38.0,6.0,25.0,3.0,106.0,9.0,1.0,8.0,21.0,0.0,11.0,10.0,4.0,15.0,1340.0,39.0,40.0,19.0,394.0,1050.0,118.0,47.0,9.0,45.0,131.0,35.0,358.0,24.0,153.0,2918.0,216.0,469.0,1677.0,215.0,1601.0,133.0,38.0,46.0,20.0,319.0,40.0,1589.0,111.0,34.0,168.0,4.0,33.0,588.0,2352.0,224.0,27.0,370.0,104.0,57.0,71.0,15.0,9.0,2.0,361.0,3.0,3193.0,5.0,484.0,1233.0,4.0,67.0,6.0,22.0,273.0,58.0,14.0,322.0,4.0,3546.0,33.0,20.0,1192.0,2522.0,486.0,2039.0,82.0,258.0,81.0,20.0,6.0,5.0,1458.0,290.0,155.0,162.0,574.0,609.0,4.0,19.0,367.0,18.0,29.0,2.0,12.0,18.0,64.0,9.0,57.0,8.0,41.0,103.0,20.0,121.0,667.0,13.0,62.0,1017.0,260.0,7.0,642.0,9.0,2.0,10.0,26.0,11.0,509.0,12.0,266.0
5.0,110.0,76.0,15.0,29.0,2.0,206.0,92.0,28.0,21.0,6.0,23.0,2.0,84.0,55.0,0.0,31.0,5.0,1.0,32.0,5.0,20.0,2.0,94.0,7.0,1.0,6.0,17.0,0.0,9.0,8.0,3.0,12.0,1271.0,33.0,33.0,16.0,363.0,981.0,104.0,41.0,8.0,40.0,117.0,30.0,329.0,19.0,133.0,2769.0,192.0,432.0,1603.0,192.0,1518.0,118.0,32.0,38.0,16.0,291.0,37.0,1512.0,98.0,30.0,149.0,4.0,30.0,541.0,2241.0,200.0,23.0,335.0,92.0,48.0,60.0,12.0,7.0,2.0,327.0,2.0,3056.0,4.0,441.0,1159.0,3.0,56.0,5.0,18.0,244.0,48.0,11.0,291.0,3.0,3378.0,27.0,16.0,1110.0,2374.0,432.0,1918.0,74.0,230.0,70.0,17.0,5.0,4.0,1380.0,262.0,138.0,143.0,530.0,564.0,3.0,15.0,335.0,14.0,23.0,1.0,9.0,14.0,54.0,7.0,49.0,6.0,33.0,91.0,16.0,107.0,621.0,11.0,52.0,951.0,234.0,6.0,584.0,7.0,2.0,8.0,20.0,9.0,456.0,9.0,236.0
4.0,95.0,66.0,12.0,25.0,2.0,185.0,80.0,24.0,17.0,5.0,19.0,2.0,74.0,47.0,0.0,26.0,4.0,0.0,27.0,4.0,17.0,2.0,83.0,5.0,0.0,5.0,14.0,0.0,7.0,6.0,2.0,9.0,1205.0,28.0,27.0,13.0,335.0,915.0,91.0,36.0,7.0,36.0,104.0,26.0,301.0,15.0,116.0,2625.0,170.0,397.0,1531.0,170.0,1438.0,105.0,27.0,32.0,13.0,266.0,34.0,1438.0,86.0,26.0,131.0,3.0,27.0,498.0,2133.0,178.0,19.0,303.0,81.0,40.0,50.0,10.0,6.0,1.0,295.0,2.0,2923.0,3.0,401.0,1087.0,2.0,47.0,4.0,15.0,217.0,39.0,9.0,262.0,2.0,3215.0,22.0,13.0,1033.0,2232.0,382.0,1802.0,67.0,205.0,60.0,14.0,4.0,3.0,1305.0,237.0,122.0,126.0,488.0,521.0,2.0,12.0,305.0,11.0,19.0,1.0,7.0,12.0,45.0,5.0,41.0,4.0,27.0,80.0,13.0,94.0,577.0,9.0,43.0,888.0,210.0,5.0,531.0,6.0,1.0,7.0,16.0,7.0,407.0,7.0,210.0
3.0,82.0,57.0,10.0,20.0,1.0,165.0,70.0,19.0,14.0,4.0,16.0,1.0,64.0,40.0,0.0,22.0,3.0,0.0,23.0,3.0,13.0,2.0,74.0,4.0,0.0,3.0,11.0,0.0,5.0,5.0,2.0,7.0,1141.0,23.0,23.0,10.0,308.0,853.0,79.0,31.0,6.0,32.0,92.0,22.0,275.0,12.0,100.0,2487.0,150.0,364.0,1461.0,151.0,1361.0,92.0,22.0,26.0,10.0,242.0,31.0,1366.0,75.0,23.0,115.0,2.0,24.0,457.0,2029.0,158.0,16.0,273.0,71.0,33.0,42.0,8.0,4.0,1.0,265.0,1.0,2794.0,2.0,365.0,1019.0,2.0,39.0,4.0,12.0,192.0,32.0,7.0,235.0,2.0,3058.0,18.0,11.0,959.0,2097.0,338.0,1691.0,60.0,182.0,51.0,11.0,3.0,2.0,1233.0,214.0,107.0,111.0,449.0,480.0,1.0,10.0,278.0,9.0,15.0,1.0,5.0,9.0,38.0,4.0,35.0,3.0,21.0,70.0,10.0,82.0,536.0,7.0,36.0,829.0,188.0,4.0,481.0,5.0,1.0,5.0,13.0,5.0,363.0,5.0,186.0
2.0,70.0,49.0,8.0,17.0,1.0,147.0,60.0,16.0,11.0,3.0,13.0,1.0,56.0,34.0,0.0,18.0,2.0,0.0,19.0,2.0,11.0,1.0,65.0,3.0,0.0,2.0,9.0,0.0,4.0,4.0,1.0,6.0,1080.0,19.0,18.0,8.0,283.0,795.0,68.0,27.0,5.0,29.0,81.0,18.0,252.0,10.0,86.0,2356.0,132.0,333.0,1393.0,134.0,1288.0,81.0,18.0,21.0,8.0,220.0,28.0,1297.0,66.0,21.0,101.0,2.0,22.0,419.0,1929.0,140.0,13.0,245.0,62.0,28.0,35.0,6.0,3.0,1.0,238.0,1.0,2668.0,2.0,331.0,955.0,1.0,32.0,3.0,10.0,170.0,26.0,5.0,211.0,1.0,2907.0,14.0,9.0,890.0,1968.0,298.0,1586.0,54.0,162.0,43.0,9.0,2.0,2.0,1164.0,193.0,94.0,98.0,412.0,443.0,1.0,7.0,252.0,7.0,12.0,0.0,4.0,7.0,32.0,3.0,29.0,2.0,17.0,61.0,8.0,72.0,497.0,5.0,30.0,772.0,168.0,4.0,435.0,4.0,1.0,4.0,10.0,4.0,322.0,4.0,164.0
2.0,60.0,42.0,6.0,14.0,1.0,131.0,52.0,13.0,9.0,2.0,11.0,1.0,49.0,28.0,0.0,15.0,2.0,0.0,16.0,2.0,9.0,1.0,57.0,2.0,0.0,2.0,7.0,0.0,3.0,3.0,1.0,5.0,1022.0,16.0,15.0,7.0,260.0,740.0,59.0,23.0,4.0,25.0,71.0,15.0,229.0,7.0,74.0,2229.0,116.0,305.0,1328.0,118.0,1218.0,72.0,15.0,17.0,6.0,200.0,26.0,1231.0,57.0,18.0,89.0,1.0,20.0,383.0,1833.0,124.0,10.0,220.0,54.0,23.0,29.0,5.0,3.0,0.0,214.0,1.0,2548.0,1.0,299.0,893.0,1.0,26.0,2.0,8.0,150.0,21.0,4.0,188.0,1.0,2762.0,11.0,7.0,825.0,1847.0,262.0,1486.0,48.0,143.0,37.0,7.0,2.0,1.0,1098.0,173.0,83.0,85.0,378.0,407.0,1.0,6.0,228.0,5.0,10.0,0.0,3.0,6.0,26.0,2.0,24.0,2.0,13.0,53.0,6.0,63.0,460.0,4.0,24.0,719.0,149.0,3.0,393.0,3.0,0.0,3.0,8.0,3.0,285.0,3.0,144.0
1.0,51.0,36.0,5.0,11.0,0.0,116.0,45.0,10.0,7.0,2.0,9.0,0.0,42.0,24.0,0.0,12.0,1.0,0.0,13.0,1.0,7.0,1.0,49.0,2.0,0.0,1.0,5.0,0.0,2.0,2.0,1.0,4.0,966.0,13.0,12.0,5.0,238.0,688.0,51.0,20.0,3.0,23.0,62.0,13.0,209.0,6.0,64.0,2109.0,102.0,279.0,1265.0,104.0,1150.0,63.0,12.0,14.0,5.0,181.0,24.0,1168.0,50.0,16.0,77.0,1.0,18.0,351.0,1741.0,109.0,9.0,197.0,47.0,19.0,24.0,4.0,2.0,0.0,191.0,0.0,2431.0,1.0,271.0,835.0,1.0,21.0,2.0,6.0,131.0,16.0,3.0,168.0,1.0,2623.0,9.0,6.0,764.0,1732.0,230.0,1392.0,43.0,126.0,31.0,5.0,1.0,1.0,1036.0,155.0,72.0,74.0,346.0,374.0,0.0,4.0,207.0,4.0,8.0,0.0,2.0,4.0,21.0,2.0,20.0,1.0,10.0,46.0,5.0,55.0,426.0,3.0,20.0,669.0,133.0,3.0,355.0,2.0,0.0,2.0,6.0,2.0,252.0,2.0,126.0
1.0,43.0,31.0,4.0,9.0,0.0,102.0,38.0,8.0,5.0,1.0,7.0,0.0,37.0,20.0,0.0,10.0,1.0,0.0,11.0,1.0,5.0,1.0,43.0,1.0,0.0,1.0,4.0,0.0,2.0,1.0,1.0,3.0,913.0,11.0,10.0,4.0,218.0,639.0,44.0,17.0,3.0,20.0,54.0,10.0,190.0,4.0,54.0,1994.0,89.0,254.0,1204.0,91.0,1087.0,55.0,10.0,11.0,3.0,164.0,22.0,1107.0,43.0,14.0,67.0,1.0,16.0,320.0,1653.0,96.0,7.0,177.0,41.0,15.0,20.0,3.0,2.0,0.0,171.0,0.0,2319.0,1.0,244.0,780.0,0.0,17.0,2.0,5.0,115.0,13.0,2.0,150.0,1.0,2489.0,7.0,4.0,707.0,1623.0,201.0,1302.0,38.0,110.0,26.0,4.0,1.0,1.0,976.0,139.0,63.0,65.0,317.0,344.0,0.0,3.0,187.0,3.0,6.0,0.0,2.0,3.0,18.0,1.0,17.0,1.0,8.0,40.0,4.0,47.0,394.0,2.0,16.0,621.0,118.0,2.0,319.0,2.0,0.0,2.0,4.0,2.0,222.0,2.0,110.0
1.0,36.0,26.0,3.0,7.0,0.0,90.0,33.0,7.0,4.0,1.0,6.0,0.0,31.0,16.0,0.0,8.0,1.0,0.0,9.0,1.0,4.0,1.0,37.0,1.0,0.0,1.0,3.0,0.0,1.0,1.0,0.0,2.0,862.0,9.0,8.0,3.0,199.0,594.0,37.0,15.0,2.0,18.0,47.0,9.0,172.0,3.0,46.0,1885.0,77.0,232.0,1146.0,80.0,1026.0,48.0,8.0,9.0,3.0,148.0,20.0,1049.0,37.0,12.0,58.0,1.0,14.0,292.0,1568.0,84.0,6.0,158.0,35.0,13.0,16.0,2.0,1.0,0.0,153.0,0.0,2212.0,1.0,220.0,728.0,0.0,14.0,1.0,4.0,100.0,10.0,2.0,133.0,0.0,2362.0,6.0,3.0,654.0,1521.0,176.0,1218.0,34.0,97.0,21.0,3.0,1.0,1.0,919.0,124.0,54.0,56.0,289.0,315.0,0.0,2.0,168.0,2.0,5.0,0.0,1.0,3.0,14.0,1.0,14.0,1.0,6.0,34.0,3.0,41.0,364.0,2.0,13.0,577.0,104.0,2.0,287.0,2.0,0.0,1.0,3.0,1.0,195.0,1.0,96.0
0.0,30.0,22.0,2.0,6.0,0.0,80.0,28.0,5.0,3.0,1.0,5.0,0.0,27.0,13.0,0.0,6.0,0.0,0.0,7.0,1.0,3.0,0.0,32.0,1.0,0.0,0.0,2.0,0.0,1.0,1.0,0.0,2.0,814.0,7.0,6.0,3.0,182.0,551.0,32.0,13.0,2.0,16.0,41.0,7.0,156.0,3.0,39.0,1781.0,67.0,211.0,1089.0,70.0,968.0,41.0,7.0,7.0,2.0,134.0,18.0,994.0,32.0,10.0,50.0,0.0,13.0,266.0,1487.0,74.0,5.0,141.0,30.0,10.0,13.0,2.0,1.0,0.0,136.0,0.0,2108.0,0.0,198.0,679.0,0.0,11.0,1.0,3.0,87.0,8.0,1.0,118.0,0.0,2240.0,4.0,3.0,605.0,1424.0,153.0,1138.0,30.0,85.0,18.0,3.0,0.0,0.0,865.0,111.0,47.0,48.0,264.0,289.0,0.0,2.0,152.0,2.0,4.0,0.0,1.0,2.0,12.0,1.0,11.0,0.0,5.0,29.0,2.0,35.0,335.0,1.0,10.0,536.0,92.0,2.0,257.0,1.0,0.0,1.0,3.0,1.0,171.0,1.0,83.0
0.0,25.0,19.0,2.0,5.0,0.0,70.0,24.0,4.0,3.0,0.0,4.0,0.0,23.0,11.0,0.0,5.0,0.0,0.0,6.0,0.0,2.0,0.0,28.0,0.0,0.0,0.0,2.0,0.0,1.0,1.0,0.0,1.0,769.0,6.0,5.0,2.0,166.0,511.0,27.0,11.0,1.0,14.0,35.0,6.0,141.0,2.0,33.0,1683.0,59.0,192.0,1035.0,61.0,913.0,36.0,5.0,5.0,1.0,120.0,16.0,941.0,27.0,9.0,43.0,0.0,11.0,242.0,1410.0,64.0,4.0,125.0,26.0,8.0,11.0,1.0,1.0,0.0,121.0,0.0,2009.0,0.0,178.0,633.0,0.0,9.0,1.0,2.0,75.0,6.0,1.0,104.0,0.0,2123.0,4.0,2.0,558.0,1333.0,133.0,1063.0,26.0,74.0,15.0,2.0,0.0,0.0,814.0,98.0,41.0,42.0,240.0,264.0,0.0,1.0,136.0,1.0,3.0,0.0,1.0,2.0,9.0,0.0,9.0,0.0,3.0,25.0,2.0,30.0,309.0,1.0,8.0,497.0,81.0,1.0,230.0,1.0,0.0,1.0,2.0,1.0,150.0,1.0,72.0
0.0,21.0,16.0,1.0,4.0,0.0,62.0,20.0,3.0,2.0,0.0,3.0,0.0,20.0,9.0,0.0,4.0,0.0,0.0,5.0,0.0,2.0,0.0,24.0,0.0,0.0,0.0,1.0,0.0,1.0,0.0,0.0,1.0,725.0,5.0,4.0,2.0,152.0,474.0,23.0,9.0,1.0,12.0,31.0,5.0,128.0,1.0,28.0,1589.0,51.0,174.0,984.0,53.0,861.0,31.0,4.0,4.0,1.0,108.0,15.0,891.0,23.0,8.0,37.0,0.0,10.0,220.0,1337.0,56.0,3.0,111.0,22.0,7.0,9.0,1.0,0.0,0.0,108.0,0.0,1915.0,0.0,160.0,589.0,0.0,7.0,1.0,2.0,65.0,5.0,1.0,92.0,0.0,2012.0,3.0,2.0,515.0,1247.0,116.0,992.0,23.0,64.0,12.0,1.0,0.0,0.0,766.0,87.0,35.0,36.0,219.0,242.0,0.0,1.0,123.0,1.0,2.0,0.0,0.0,1.0,7.0,0.0,7.0,0.0,2.0,21.0,1.0,26.0,285.0,1.0,6.0,460.0,71.0,1.0,206.0,1.0,0.0,1.0,1.0,0.0,131.0,0.0,63.0
0.0,17.0,13.0,1.0,3.0,0.0,54.0,17.0,3.0,2.0,0.0,2.0,0.0,17.0,7.0,0.0,3.0,0.0,0.0,4.0,0.0,1.0,0.0,21.0,0.0,0.0,0.0,1.0,0.0,0.0,0.0,0.0,1.0,684.0,4.0,3.0,1.0,138.0,439.0,20.0,7.0,1.0,11.0,26.0,4.0,115.0,1.0,23.0,1500.0,44.0,158.0,934.0,46.0,812.0,27.0,3.0,3.0,1.0,97.0,13.0,843.0,20.0,7.0,32.0,0.0,9.0,200.0,1267.0,49.0,2.0,99.0,19.0,5.0,7.0,1.0,0.0,0.0,95.0,0.0,1824.0,0.0,144.0,548.0,0.0,5.0,1.0,1.0,56.0,4.0,0.0,81.0,0.0,1907.0,2.0,1.0,475.0,1167.0,100.0,926.0,21.0,56.0,10.0,1.0,0.0,0.0,720.0,78.0,30.0,31.0,199.0,221.0,0.0,1.0,110.0,1.0,2.0,0.0,0.0,1.0,6.0,0.0,6.0,0.0,2.0,18.0,1.0,22.0,262.0,1.0,5.0,426.0,62.0,1.0,184.0,1.0,0.0,0.0,1.0,0.0,114.0,0.0,54.0
0.0,14.0,11.0,1.0,2.0,0.0,47.0,14.0,2.0,1.0,0.0,2.0,0.0,14.0,6.0,0.0,3.0,0.0,0.0,3.0,0.0,1.0,0.0,18.0,0.0,0.0,0.0,1.0,0.0,0.0,0.0,0.0,0.0,645.0,3.0,2.0,1.0,126.0,406.0,17.0,6.0,1.0,9.0,23.0,3.0,104.0,1.0,19.0,1416.0,38.0,143.0,887.0,40.0,766.0,23.0,3.0,2.0,1.0,87.0,12.0,797.0,17.0,6.0,27.0,0.0,8.0,182.0,1200.0,42.0,2.0,87.0,16.0,4.0,6.0,1.0,0.0,0.0,85.0,0.0,1737.0,0.0,129.0,510.0,0.0,4.0,0.0,1.0,48.0,3.0,0.0,71.0,0.0,1806.0,2.0,1.0,438.0,1091.0,87.0,864.0,18.0,48.0,8.0,1.0,0.0,0.0,677.0,69.0,26.0,26.0,181.0,202.0,0.0,0.0,98.0,0.0,1.0,0.0,0.0,1.0,5.0,0.0,5.0,0.0,1.0,15.0,1.0,19.0,241.0,0.0,4.0,394.0,55.0,1.0,164.0,0.0,0.0,0.0,1.0,0.0,99.0,0.0,46.0
0.0,12.0,9.0,1.0,2.0,0.0,41.0,12.0,2.0,1.0,0.0,2.0,0.0,12.0,5.0,0.0,2.0,0.0,0.0,3.0,0.0,1.0,0.0,15.0,0.0,0.0,0.0,1.0,0.0,0.0,0.0,0.0,0.0,608.0,2.0,2.0,1.0,115.0,376.0,14.0,5.0,1.0,8.0,19.0,2.0,94.0,1.0,16.0,1337.0,33.0,130.0,842.0,35.0,722.0,20.0,2.0,2.0,0.0,78.0,11.0,754.0,15.0,5.0,23.0,0.0,7.0,165.0,1137.0,37.0,1.0,77.0,14.0,3.0,5.0,0.0,0.0,0.0,75.0,0.0,1654.0,0.0,115.0,474.0,0.0,3.0,0.0,1.0,41.0,2.0,0.0,62.0,0.0,1710.0,1.0,1.0,403.0,1020.0,75.0,805.0,16.0,42.0,6.0,1.0,0.0,0.0,636.0,61.0,22.0,22.0,164.0,184.0,0.0,0.0,88.0,0.0,1.0,0.0,0.0,1.0,4.0,0.0,4.0,0.0,1.0,13.0,1.0,16.0,221.0,0.0,3.0,365.0,48.0,1.0,146.0,0.0,0.0,0.0,1.0,0.0,86.0,0.0,40.0
0.0,10.0,8.0,0.0,2.0,0.0,36.0,10.0,1.0,1.0,0.0,1.0,0.0,10.0,4.0,0.0,2.0,0.0,0.0,2.0,0.0,1.0,0.0,13.0,0.0,0.0,0.0,0.0,0.0,0.0,0.0,0.0,0.0,573.0,2.0,1.0,0.0,104.0,348.0,12.0,4.0,0.0,7.0,16.0,2.0,84.0,0.0,13.0,1261.0,28.0,118.0,799.0,30.0,680.0,17.0,2.0,1.0,0.0,70.0,10.0,712.0,12.0,4.0,20.0,0.0,6.0,150.0,1077.0,32.0,1.0,68.0,11.0,3.0,4.0,0.0,0.0,0.0,66.0,0.0,1575.0,0.0,103.0,440.0,0.0,3.0,0.0,0.0,35.0,2.0,0.0,55.0,0.0,1619.0,1.0,1.0,371.0,954.0,65.0,750.0,14.0,36.0,5.0,0.0,0.0,0.0,597.0,54.0,18.0,19.0,149.0,168.0,0.0,0.0,79.0,0.0,1.0,0.0,0.0,0.0,3.0,0.0,3.0,0.0,1.0,11.0,0.0,14.0,203.0,0.0,2.0,337.0,42.0,0.0,129.0,0.0,0.0,0.0,0.0,0.0,74.0,0.0,34.0
0.0,8.0,6.0,0.0,1.0,0.0,31.0,8.0,1.0,1.0,0.0,1.0,0.0,9.0,3.0,0.0,1.0,0.0,0.0,2.0,0.0,0.0,0.0,11.0,0.0,0.0,0.0,0.0,0.0,0.0,0.0,0.0,0.0,540.0,1.0,1.0,0.0,95.0,322.0,10.0,4.0,0.0,6.0,14.0,1.0,76.0,0.0,11.0,1190.0,24.0,106.0,758.0,26.0,640.0,14.0,1.0,1.0,0.0,62.0,9.0,673.0,10.0,3.0,17.0,0.0,5.0,135.0,1020.0,27.0,1.0,60.0,10.0,2.0,3.0,0.0,0.0,0.0,58.0,0.0,1499.0,0.0,92.0,409.0,0.0,2.0,0.0,0.0,30.0,1.0,0.0,48.0,0.0,1532.0,1.0,0.0,341.0,892.0,56.0,699.0,12.0,31.0,4.0,0.0,0.0,0.0,561.0,47.0,16.0,16.0,135.0,153.0,0.0,0.0,70.0,0.0,1.0,0.0,0.0,0.0,2.0,0.0,2.0,0.0,0.0,9.0,0.0,11.0,186.0,0.0,2.0,311.0,36.0,0.0,115.0,0.0,0.0,0.0,0.0,0.0,64.0,0.0,29.0
0.0,6.0,5.0,0.0,1.0,0.0,27.0,7.0,1.0,0.0,0.0,1.0,0.0,7.0,2.0,0.0,1.0,0.0,0.0,1.0,0.0,0.0,0.0,9.0,0.0,0.0,0.0,0.0,0.0,0.0,0.0,0.0,0.0,509.0,1.0,1.0,0.0,86.0,298.0,8.0,3.0,0.0,5.0,12.0,1.0,68.0,0.0,9.0,1122.0,21.0,96.0,718.0,22.0,603.0,12.0,1.0,1.0,0.0,55.0,8.0,636.0,9.0,3.0,14.0,0.0,5.0,123.0,965.0,24.0,1.0,53.0,8.0,2.0,2.0,0.0,0.0,0.0,52.0,0.0,1427.0,0.0,82.0,379.0,0.0,1.0,0.0,0.0,25.0,1.0,0.0,42.0,0.0,1450.0,1.0,0.0,314.0,833.0,48.0,651.0,11.0,27.0,3.0,0.0,0.0,0.0,526.0,42.0,13.0,14.0,122.0,139.0,0.0,0.0,63.0,0.0,0.0,0.0,0.0,0.0,2.0,0.0,2.0,0.0,0.0,7.0,0.0,10.0,170.0,0.0,1.0,287.0,31.0,0.0,102.0,0.0,0.0,0.0,0.0,0.0,55.0,0.0,25.0
0.0,5.0,4.0,0.0,1.0,0.0,24.0,6.0,1.0,0.0,0.0,1.0,0.0,6.0,2.0,0.0,1.0,0.0,0.0,1.0,0.0,0.0,0.0,8.0,0.0,0.0,0.0,0.0,0.0,0.0,0.0,0.0,0.0,479.0,1.0,1.0,0.0,78.0,275.0,7.0,2.0,0.0,4.0,10.0,1.0,61.0,0.0,8.0,1059.0,18.0,87.0,681.0,19.0,568.0,10.0,1.0,1.0,0.0,49.0,7.0,601.0,7.0,2.0,12.0,0.0,4.0,111.0,914.0,20.0,1.0,47.0,7.0,1.0,2.0,0.0,0.0,0.0,45.0,0.0,1358.0,0.0,73.0,352.0,0.0,1.0,0.0,0.0,21.0,1.0,0.0,36.0,0.0,1372.0,0.0,0.0,289.0,779.0,41.0,606.0,9.0,23.0,3.0,0.0,0.0,0.0,494.0,37.0,11.0,11.0,110.0,126.0,0.0,0.0,56.0,0.0,0.0,0.0,0.0,0.0,1.0,0.0,1.0,0.0,0.0,6.0,0.0,8.0,156.0,0.0,1.0,265.0,27.0,0.0,90.0,0.0,0.0,0.0,0.0,0.0,47.0,0.0,21.0
0.0,4.0,4.0,0.0,1.0,0.0,20.0,5.0,0.0,0.0,0.0,0.0,0.0,5.0,2.0,0.0,1.0,0.0,0.0,1.0,0.0,0.0,0.0,6.0,0.0,0.0,0.0,0.0,0.0,0.0,0.0,0.0,0.0,451.0,1.0,0.0,0.0,71.0,254.0,6.0,2.0,0.0,4.0,8.0,1.0,55.0,0.0,6.0,999.0,15.0,78.0,645.0,16.0,535.0,9.0,1.0,0.0,0.0,44.0,6.0,567.0,6.0,2.0,10.0,0.0,3.0,100.0,865.0,17.0,0.0,41.0,6.0,1.0,1.0,0.0,0.0,0.0,40.0,0.0,1292.0,0.0,65.0,326.0,0.0,1.0,0.0,0.0,18.0,1.0,0.0,32.0,0.0,1298.0,0.0,0.0,265.0,727.0,36.0,564.0,8.0,20.0,2.0,0.0,0.0,0.0,464.0,32.0,9.0,10.0,99.0,115.0,0.0,0.0,50.0,0.0,0.0,0.0,0.0,0.0,1.0,0.0,1.0,0.0,0.0,5.0,0.0,7.0,142.0,0.0,1.0,245.0,24.0,0.0,79.0,0.0,0.0,0.0,0.0,0.0,41.0,0.0,18.0
0.0,3.0,3.0,0.0,0.0,0.0,18.0,4.0,0.0,0.0,0.0,0.0,0.0,4.0,1.0,0.0,0.0,0.0,0.0,1.0,0.0,0.0,0.0,5.0,0.0,0.0,0.0,0.0,0.0,0.0,0.0,0.0,0.0,425.0,1.0,0.0,0.0,64.0,235.0,5.0,2.0,0.0,3.0,7.0,1.0,49.0,0.0,5.0,942.0,13.0,70.0,611.0,14.0,503.0,7.0,0.0,0.0,0.0,39.0,6.0,536.0,5.0,2.0,9.0,0.0,3.0,90.0,818.0,15.0,0.0,36.0,5.0,1.0,1.0,0.0,0.0,0.0,35.0,0.0,1229.0,0.0,58.0,302.0,0.0,1.0,0.0,0.0,15.0,0.0,0.0,27.0,0.0,1228.0,0.0,0.0,244.0,680.0,30.0,525.0,7.0,17.0,2.0,0.0,0.0,0.0,435.0,28.0,8.0,8.0,90.0,104.0,0.0,0.0,44.0,0.0,0.0,0.0,0.0,0.0,1.0,0.0,1.0,0.0,0.0,4.0,0.0,6.0,130.0,0.0,1.0,226.0,20.0,0.0,70.0,0.0,0.0,0.0,0.0,0.0,35.0,0.0,15.0
0.0,3.0,2.0,0.0,0.0,0.0,15.0,3.0,0.0,0.0,0.0,0.0,0.0,4.0,1.0,0.0,0.0,0.0,0.0,1.0,0.0,0.0,0.0,5.0,0.0,0.0,0.0,0.0,0.0,0.0,0.0,0.0,0.0,400.0,0.0,0.0,0.0,58.0,217.0,4.0,1.0,0.0,3.0,6.0,0.0,44.0,0.0,4.0,888.0,11.0,63.0,579.0,12.0,474.0,6.0,0.0,0.0,0.0,35.0,5.0,506.0,4.0,1.0,7.0,0.0,3.0,82.0,774.0,13.0,0.0,32.0,4.0,1.0,1.0,0.0,0.0,0.0,31.0,0.0,1170.0,0.0,51.0,280.0,0.0,0.0,0.0,0.0,13.0,0.0,0.0,24.0,0.0,1161.0,0.0,0.0,224.0,635.0,26.0,488.0,6.0,14.0,1.0,0.0,0.0,0.0,408.0,25.0,7.0,7.0,81.0,95.0,0.0,0.0,39.0,0.0,0.0,0.0,0.0,0.0,1.0,0.0,1.0,0.0,0.0,3.0,0.0,5.0,119.0,0.0,0.0,208.0,18.0,0.0,62.0,0.0,0.0,0.0,0.0,0.0,30.0,0.0,13.0
0.0,2.0,2.0,0.0,0.0,0.0,13.0,3.0,0.0,0.0,0.0,0.0,0.0,3.0,1.0,0.0,0.0,0.0,0.0,0.0,0.0,0.0,0.0,4.0,0.0,0.0,0.0,0.0,0.0,0.0,0.0,0.0,0.0,376.0,0.0,0.0,0.0,53.0,200.0,3.0,1.0,0.0,2.0,5.0,0.0,39.0,0.0,3.0,837.0,9.0,57.0,548.0,10.0,446.0,5.0,0.0,0.0,0.0,31.0,5.0,477.0,4.0,1.0,6.0,0.0,2.0,74.0,732.0,11.0,0.0,28.0,3.0,1.0,1.0,0.0,0.0,0.0,27.0,0.0,1113.0,0.0,46.0,259.0,0.0,0.0,0.0,0.0,11.0,0.0,0.0,20.0,0.0,1098.0,0.0,0.0,205.0,593.0,22.0,454.0,5.0,12.0,1.0,0.0,0.0,0.0,382.0,22.0,5.0,6.0,73.0,86.0,0.0,0.0,35.0,0.0,0.0,0.0,0.0,0.0,0.0,0.0,1.0,0.0,0.0,3.0,0.0,4.0,108.0,0.0,0.0,191.0,15.0,0.0,54.0,0.0,0.0,0.0,0.0,0.0,25.0,0.0,11.0
0.0,2.0,2.0,0.0,0.0,0.0,11.0,2.0,0.0,0.0,0.0,0.0,0.0,2.0,1.0,0.0,0.0,0.0,0.0,0.0,0.0,0.0,0.0,3.0,0.0,0.0,0.0,0.0,0.0,0.0,0.0,0.0,0.0,354.0,0.0,0.0,0.0,48.0,185.0,3.0,1.0,0.0,2.0,4.0,0.0,35.0,0.0,3.0,789.0,8.0,51.0,519.0,9.0,420.0,4.0,0.0,0.0,0.0,27.0,4.0,450.0,3.0,1.0,5.0,0.0,2.0,66.0,693.0,9.0,0.0,24.0,3.0,0.0,1.0,0.0,0.0,0.0,24.0,0.0,1058.0,0.0,40.0,239.0,0.0,0.0,0.0,0.0,9.0,0.0,0.0,18.0,0.0,1038.0,0.0,0.0,188.0,554.0,19.0,422.0,5.0,10.0,1.0,0.0,0.0,0.0,358.0,19.0,5.0,5.0,65.0,78.0,0.0,0.0,31.0,0.0,0.0,0.0,0.0,0.0,0.0,0.0,0.0,0.0,0.0,2.0,0.0,3.0,99.0,0.0,0.0,176.0,13.0,0.0,48.0,0.0,0.0,0.0,0.0,0.0,21.0,0.0,9.0
0.0,1.0,1.0,0.0,0.0,0.0,10.0,2.0,0.0,0.0,0.0,0.0,0.0,2.0,0.0,0.0,0.0,0.0,0.0,0.0,0.0,0.0,0.0,3.0,0.0,0.0,0.0,0.0,0.0,0.0,0.0,0.0,0.0,333.0,0.0,0.0,0.0,43.0,170.0,2.0,1.0,0.0,2.0,3.0,0.0,31.0,0.0,2.0,744.0,7.0,46.0,491.0,7.0,395.0,4.0,0.0,0.0,0.0,24.0,4.0,425.0,3.0,1.0,4.0,0.0,2.0,60.0,655.0,8.0,0.0,21.0,2.0,0.0,0.0,0.0,0.0,0.0,21.0,0.0,1007.0,0.0,36.0,221.0,0.0,0.0,0.0,0.0,7.0,0.0,0.0,15.0,0.0,982.0,0.0,0.0,173.0,517.0,16.0,392.0,4.0,9.0,1.0,0.0,0.0,0.0,336.0,16.0,4.0,4.0,59.0,70.0,0.0,0.0,27.0,0.0,0.0,0.0,0.0,0.0,0.0,0.0,0.0,0.0,0.0,2.0,0.0,3.0,90.0,0.0,0.0,162.0,11.0,0.0,42.0,0.0,0.0,0.0,0.0,0.0,18.0,0.0,7.0
0.0,1.0,1.0,0.0,0.0,0.0,8.0,2.0,0.0,0.0,0.0,0.0,0.0,2.0,0.0,0.0,0.0,0.0,0.0,0.0,0.0,0.0,0.0,2.0,0.0,0.0,0.0,0.0,0.0,0.0,0.0,0.0,0.0,314.0,0.0,0.0,0.0,39.0,157.0,2.0,1.0,0.0,1.0,3.0,0.0,27.0,0.0,2.0,702.0,6.0,41.0,465.0,6.0,372.0,3.0,0.0,0.0,0.0,21.0,3.0,401.0,2.0,1.0,3.0,0.0,1.0,54.0,620.0,7.0,0.0,18.0,2.0,0.0,0.0,0.0,0.0,0.0,18.0,0.0,957.0,0.0,32.0,205.0,0.0,0.0,0.0,0.0,6.0,0.0,0.0,13.0,0.0,928.0,0.0,0.0,158.0,483.0,14.0,364.0,3.0,7.0,0.0,0.0,0.0,0.0,315.0,14.0,3.0,3.0,53.0,64.0,0.0,0.0,24.0,0.0,0.0,0.0,0.0,0.0,0.0,0.0,0.0,0.0,0.0,1.0,0.0,2.0,82.0,0.0,0.0,149.0,10.0,0.0,37.0,0.0,0.0,0.0,0.0,0.0,15.0,0.0,6.0
0.0,1.0,1.0,0.0,0.0,0.0,7.0,1.0,0.0,0.0,0.0,0.0,0.0,1.0,0.0,0.0,0.0,0.0,0.0,0.0,0.0,0.0,0.0,2.0,0.0,0.0,0.0,0.0,0.0,0.0,0.0,0.0,0.0,295.0,0.0,0.0,0.0,35.0,145.0,1.0,0.0,0.0,1.0,2.0,0.0,24.0,0.0,1.0,661.0,5.0,37.0,439.0,5.0,350.0,3.0,0.0,0.0,0.0,19.0,3.0,378.0,2.0,1.0,3.0,0.0,1.0,48.0,586.0,6.0,0.0,16.0,1.0,0.0,0.0,0.0,0.0,0.0,16.0,0.0,911.0,0.0,28.0,189.0,0.0,0.0,0.0,0.0,5.0,0.0,0.0,11.0,0.0,877.0,0.0,0.0,145.0,451.0,12.0,338.0,3.0,6.0,0.0,0.0,0.0,0.0,295.0,12.0,3.0,3.0,47.0,58.0,0.0,0.0,21.0,0.0,0.0,0.0,0.0,0.0,0.0,0.0,0.0,0.0,0.0,1.0,0.0,2.0,75.0,0.0,0.0,137.0,8.0,0.0,32.0,0.0,0.0,0.0,0.0,0.0,13.0,0.0,5.0
0.0,1.0,1.0,0.0,0.0,0.0,6.0,1.0,0.0,0.0,0.0,0.0,0.0,1.0,0.0,0.0,0.0,0.0,0.0,0.0,0.0,0.0,0.0,1.0,0.0,0.0,0.0,0.0,0.0,0.0,0.0,0.0,0.0,277.0,0.0,0.0,0.0,32.0,134.0,1.0,0.0,0.0,1.0,2.0,0.0,22.0,0.0,1.0,623.0,4.0,33.0,415.0,5.0,329.0,2.0,0.0,0.0,0.0,17.0,3.0,357.0,2.0,0.0,2.0,0.0,1.0,43.0,554.0,5.0,0.0,14.0,1.0,0.0,0.0,0.0,0.0,0.0,14.0,0.0,866.0,0.0,25.0,174.0,0.0,0.0,0.0,0.0,4.0,0.0,0.0,10.0,0.0,829.0,0.0,0.0,133.0,421.0,10.0,314.0,2.0,5.0,0.0,0.0,0.0,0.0,276.0,11.0,2.0,2.0,43.0,52.0,0.0,0.0,19.0,0.0,0.0,0.0,0.0,0.0,0.0,0.0,0.0,0.0,0.0,1.0,0.0,1.0,68.0,0.0,0.0,126.0,7.0,0.0,28.0,0.0,0.0,0.0,0.0,0.0,11.0,0.0,4.0
0.0,0.0,1.0,0.0,0.0,0.0,5.0,1.0,0.0,0.0,0.0,0.0,0.0,1.0,0.0,0.0,0.0,0.0,0.0,0.0,0.0,0.0,0.0,1.0,0.0,0.0,0.0,0.0,0.0,0.0,0.0,0.0,0.0,261.0,0.0,0.0,0.0,29.0,123.0,1.0,0.0,0.0,1.0,2.0,0.0,19.0,0.0,1.0,588.0,3.0,30.0,393.0,4.0,309.0,2.0,0.0,0.0,0.0,15.0,2.0,336.0,1.0,0.0,2.0,0.0,1.0,39.0,524.0,4.0,0.0,12.0,1.0,0.0,0.0,0.0,0.0,0.0,12.0,0.0,823.0,0.0,22.0,161.0,0.0,0.0,0.0,0.0,3.0,0.0,0.0,8.0,0.0,783.0,0.0,0.0,122.0,393.0,9.0,291.0,2.0,4.0,0.0,0.0,0.0,0.0,258.0,9.0,2.0,2.0,38.0,47.0,0.0,0.0,16.0,0.0,0.0,0.0,0.0,0.0,0.0,0.0,0.0,0.0,0.0,1.0,0.0,1.0,62.0,0.0,0.0,116.0,6.0,0.0,24.0,0.0,0.0,0.0,0.0,0.0,9.0,0.0,4.0
0.0,0.0,0.0,0.0,0.0,0.0,4.0,1.0,0.0,0.0,0.0,0.0,0.0,1.0,0.0,0.0,0.0,0.0,0.0,0.0,0.0,0.0,0.0,1.0,0.0,0.0,0.0,0.0,0.0,0.0,0.0,0.0,0.0,245.0,0.0,0.0,0.0,26.0,114.0,1.0,0.0,0.0,1.0,1.0,0.0,17.0,0.0,1.0,554.0,3.0,27.0,371.0,3.0,291.0,1.0,0.0,0.0,0.0,13.0,2.0,317.0,1.0,0.0,2.0,0.0,1.0,35.0,495.0,4.0,0.0,11.0,1.0,0.0,0.0,0.0,0.0,0.0,11.0,0.0,783.0,0.0,19.0,149.0,0.0,0.0,0.0,0.0,3.0,0.0,0.0,7.0,0.0,740.0,0.0,0.0,111.0,367.0,7.0,270.0,2.0,4.0,0.0,0.0,0.0,0.0,242.0,8.0,1.0,1.0,34.0,43.0,0.0,0.0,15.0,0.0,0.0,0.0,0.0,0.0,0.0,0.0,0.0,0.0,0.0,1.0,0.0,1.0,56.0,0.0,0.0,106.0,5.0,0.0,21.0,0.0,0.0,0.0,0.0,0.0,8.0,0.0,3.0
0.0,0.0,0.0,0.0,0.0,0.0,4.0,1.0,0.0,0.0,0.0,0.0,0.0,1.0,0.0,0.0,0.0,0.0,0.0,0.0,0.0,0.0,0.0,1.0,0.0,0.0,0.0,0.0,0.0,0.0,0.0,0.0,0.0,231.0,0.0,0.0,0.0,23.0,105.0,1.0,0.0,0.0,1.0,1.0,0.0,15.0,0.0,1.0,522.0,2.0,24.0,351.0,3.0,274.0,1.0,0.0,0.0,0.0,11.0,2.0,299.0,1.0,0.0,1.0,0.0,1.0,32.0,468.0,3.0,0.0,9.0,1.0,0.0,0.0,0.0,0.0,0.0,9.0,0.0,745.0,0.0,17.0,137.0,0.0,0.0,0.0,0.0,2.0,0.0,0.0,6.0,0.0,699.0,0.0,0.0,102.0,343.0,6.0,251.0,2.0,3.0,0.0,0.0,0.0,0.0,226.0,7.0,1.0,1.0,31.0,38.0,0.0,0.0,13.0,0.0,0.0,0.0,0.0,0.0,0.0,0.0,0.0,0.0,0.0,0.0,0.0,1.0,51.0,0.0,0.0,98.0,4.0,0.0,19.0,0.0,0.0,0.0,0.0,0.0,7.0,0.0,2.0
0.0,0.0,0.0,0.0,0.0,0.0,3.0,0.0,0.0,0.0,0.0,0.0,0.0,0.0,0.0,0.0,0.0,0.0,0.0,0.0,0.0,0.0,0.0,1.0,0.0,0.0,0.0,0.0,0.0,0.0,0.0,0.0,0.0,217.0,0.0,0.0,0.0,21.0,96.0,1.0,0.0,0.0,1.0,1.0,0.0,13.0,0.0,0.0,492.0,2.0,21.0,331.0,2.0,257.0,1.0,0.0,0.0,0.0,10.0,2.0,282.0,1.0,0.0,1.0,0.0,1.0,28.0,442.0,3.0,0.0,8.0,0.0,0.0,0.0,0.0,0.0,0.0,8.0,0.0,708.0,0.0,15.0,126.0,0.0,0.0,0.0,0.0,2.0,0.0,0.0,5.0,0.0,661.0,0.0,0.0,93.0,320.0,5.0,233.0,1.0,3.0,0.0,0.0,0.0,0.0,212.0,6.0,1.0,1.0,27.0,35.0,0.0,0.0,11.0,0.0,0.0,0.0,0.0,0.0,0.0,0.0,0.0,0.0,0.0,0.0,0.0,1.0,46.0,0.0,0.0,89.0,4.0,0.0,16.0,0.0,0.0,0.0,0.0,0.0,6.0,0.0,2.0
0.0,0.0,0.0,0.0,0.0,0.0,3.0,0.0,0.0,0.0,0.0,0.0,0.0,0.0,0.0,0.0,0.0,0.0,0.0,0.0,0.0,0.0,0.0,1.0,0.0,0.0,0.0,0.0,0.0,0.0,0.0,0.0,0.0,204.0,0.0,0.0,0.0,19.0,89.0,0.0,0.0,0.0,0.0,1.0,0.0,12.0,0.0,0.0,464.0,2.0,19.0,313.0,2.0,242.0,1.0,0.0,0.0,0.0,9.0,1.0,265.0,1.0,0.0,1.0,0.0,0.0,25.0,418.0,2.0,0.0,7.0,0.0,0.0,0.0,0.0,0.0,0.0,7.0,0.0,673.0,0.0,13.0,116.0,0.0,0.0,0.0,0.0,1.0,0.0,0.0,4.0,0.0,624.0,0.0,0.0,85.0,299.0,4.0,216.0,1.0,2.0,0.0,0.0,0.0,0.0,198.0,5.0,1.0,1.0,24.0,31.0,0.0,0.0,10.0,0.0,0.0,0.0,0.0,0.0,0.0,0.0,0.0,0.0,0.0,0.0,0.0,1.0,42.0,0.0,0.0,82.0,3.0,0.0,14.0,0.0,0.0,0.0,0.0,0.0,5.0,0.0,2.0
0.0,0.0,0.0,0.0,0.0,0.0,2.0,0.0,0.0,0.0,0.0,0.0,0.0,0.0,0.0,0.0,0.0,0.0,0.0,0.0,0.0,0.0,0.0,0.0,0.0,0.0,0.0,0.0,0.0,0.0,0.0,0.0,0.0,192.0,0.0,0.0,0.0,17.0,82.0,0.0,0.0,0.0,0.0,1.0,0.0,10.0,0.0,0.0,437.0,1.0,17.0,296.0,2.0,227.0,1.0,0.0,0.0,0.0,8.0,1.0,250.0,0.0,0.0,1.0,0.0,0.0,23.0,395.0,2.0,0.0,6.0,0.0,0.0,0.0,0.0,0.0,0.0,6.0,0.0,640.0,0.0,12.0,107.0,0.0,0.0,0.0,0.0,1.0,0.0,0.0,4.0,0.0,590.0,0.0,0.0,78.0,279.0,4.0,200.0,1.0,2.0,0.0,0.0,0.0,0.0,186.0,4.0,1.0,1.0,22.0,28.0,0.0,0.0,9.0,0.0,0.0,0.0,0.0,0.0,0.0,0.0,0.0,0.0,0.0,0.0,0.0,0.0,38.0,0.0,0.0,75.0,3.0,0.0,12.0,0.0,0.0,0.0,0.0,0.0,4.0,0.0,1.0
0.0,0.0,0.0,0.0,0.0,0.0,2.0,0.0,0.0,0.0,0.0,0.0,0.0,0.0,0.0,0.0,0.0,0.0,0.0,0.0,0.0,0.0,0.0,0.0,0.0,0.0,0.0,0.0,0.0,0.0,0.0,0.0,0.0,180.0,0.0,0.0,0.0,15.0,75.0,0.0,0.0,0.0,0.0,0.0,0.0,9.0,0.0,0.0,412.0,1.0,15.0,279.0,1.0,214.0,1.0,0.0,0.0,0.0,7.0,1.0,236.0,0.0,0.0,1.0,0.0,0.0,20.0,374.0,2.0,0.0,5.0,0.0,0.0,0.0,0.0,0.0,0.0,5.0,0.0,609.0,0.0,10.0,99.0,0.0,0.0,0.0,0.0,1.0,0.0,0.0,3.0,0.0,557.0,0.0,0.0,71.0,260.0,3.0,186.0,1.0,2.0,0.0,0.0,0.0,0.0,174.0,4.0,0.0,1.0,19.0,25.0,0.0,0.0,8.0,0.0,0.0,0.0,0.0,0.0,0.0,0.0,0.0,0.0,0.0,0.0,0.0,0.0,34.0,0.0,0.0,69.0,2.0,0.0,10.0,0.0,0.0,0.0,0.0,0.0,3.0,0.0,1.0
0.0,0.0,0.0,0.0,0.0,0.0,2.0,0.0,0.0,0.0,0.0,0.0,0.0,0.0,0.0,0.0,0.0,0.0,0.0,0.0,0.0,0.0,0.0,0.0,0.0,0.0,0.0,0.0,0.0,0.0,0.0,0.0,0.0,169.0,0.0,0.0,0.0,14.0,69.0,0.0,0.0,0.0,0.0,0.0,0.0,8.0,0.0,0.0,388.0,1.0,14.0,263.0,1.0,201.0,0.0,0.0,0.0,0.0,6.0,1.0,222.0,0.0,0.0,0.0,0.0,0.0,18.0,353.0,1.0,0.0,5.0,0.0,0.0,0.0,0.0,0.0,0.0,5.0,0.0,579.0,0.0,9.0,91.0,0.0,0.0,0.0,0.0,1.0,0.0,0.0,3.0,0.0,526.0,0.0,0.0,65.0,243.0,3.0,172.0,1.0,1.0,0.0,0.0,0.0,0.0,162.0,3.0,0.0,0.0,17.0,23.0,0.0,0.0,7.0,0.0,0.0,0.0,0.0,0.0,0.0,0.0,0.0,0.0,0.0,0.0,0.0,0.0,31.0,0.0,0.0,63.0,2.0,0.0,9.0,0.0,0.0,0.0,0.0,0.0,3.0,0.0,1.0
0.0,0.0,0.0,0.0,0.0,0.0,1.0,0.0,0.0,0.0,0.0,0.0,0.0,0.0,0.0,0.0,0.0,0.0,0.0,0.0,0.0,0.0,0.0,0.0,0.0,0.0,0.0,0.0,0.0,0.0,0.0,0.0,0.0,159.0,0.0,0.0,0.0,12.0,64.0,0.0,0.0,0.0,0.0,0.0,0.0,7.0,0.0,0.0,366.0,1.0,12.0,249.0,1.0,189.0,0.0,0.0,0.0,0.0,5.0,1.0,209.0,0.0,0.0,0.0,0.0,0.0,16.0,334.0,1.0,0.0,4.0,0.0,0.0,0.0,0.0,0.0,0.0,4.0,0.0,550.0,0.0,8.0,84.0,0.0,0.0,0.0,0.0,1.0,0.0,0.0,2.0,0.0,497.0,0.0,0.0,60.0,227.0,2.0,159.0,1.0,1.0,0.0,0.0,0.0,0.0,152.0,3.0,0.0,0.0,15.0,21.0,0.0,0.0,6.0,0.0,0.0,0.0,0.0,0.0,0.0,0.0,0.0,0.0,0.0,0.0,0.0,0.0,28.0,0.0,0.0,58.0,2.0,0.0,8.0,0.0,0.0,0.0,0.0,0.0,2.0,0.0,1.0
0.0,0.0,0.0,0.0,0.0,0.0,1.0,0.0,0.0,0.0,0.0,0.0,0.0,0.0,0.0,0.0,0.0,0.0,0.0,0.0,0.0,0.0,0.0,0.0,0.0,0.0,0.0,0.0,0.0,0.0,0.0,0.0,0.0,149.0,0.0,0.0,0.0,11.0,59.0,0.0,0.0,0.0,0.0,0.0,0.0,6.0,0.0,0.0,345.0,1.0,11.0,234.0,1.0,178.0,0.0,0.0,0.0,0.0,4.0,1.0,197.0,0.0,0.0,0.0,0.0,0.0,15.0,315.0,1.0,0.0,3.0,0.0,0.0,0.0,0.0,0.0,0.0,4.0,0.0,524.0,0.0,7.0,77.0,0.0,0.0,0.0,0.0,0.0,0.0,0.0,2.0,0.0,470.0,0.0,0.0,54.0,212.0,2.0,148.0,0.0,1.0,0.0,0.0,0.0,0.0,142.0,2.0,0.0,0.0,14.0,18.0,0.0,0.0,5.0,0.0,0.0,0.0,0.0,0.0,0.0,0.0,0.0,0.0,0.0,0.0,0.0,0.0,25.0,0.0,0.0,53.0,1.0,0.0,7.0,0.0,0.0,0.0,0.0,0.0,2.0,0.0,1.0
0.0,0.0,0.0,0.0,0.0,0.0,1.0,0.0,0.0,0.0,0.0,0.0,0.0,0.0,0.0,0.0,0.0,0.0,0.0,0.0,0.0,0.0,0.0,0.0,0.0,0.0,0.0,0.0,0.0,0.0,0.0,0.0,0.0,140.0,0.0,0.0,0.0,10.0,54.0,0.0,0.0,0.0,0.0,0.0,0.0,5.0,0.0,0.0,325.0,1.0,10.0,221.0,1.0,167.0,0.0,0.0,0.0,0.0,4.0,1.0,185.0,0.0,0.0,0.0,0.0,0.0,13.0,298.0,1.0,0.0,3.0,0.0,0.0,0.0,0.0,0.0,0.0,3.0,0.0,498.0,0.0,6.0,71.0,0.0,0.0,0.0,0.0,0.0,0.0,0.0,2.0,0.0,444.0,0.0,0.0,50.0,198.0,2.0,137.0,0.0,1.0,0.0,0.0,0.0,0.0,133.0,2.0,0.0,0.0,12.0,17.0,0.0,0.0,4.0,0.0,0.0,0.0,0.0,0.0,0.0,0.0,0.0,0.0,0.0,0.0,0.0,0.0,23.0,0.0,0.0,48.0,1.0,0.0,6.0,0.0,0.0,0.0,0.0,0.0,2.0,0.0,0.0
0.0,0.0,0.0,0.0,0.0,0.0,1.0,0.0,0.0,0.0,0.0,0.0,0.0,0.0,0.0,0.0,0.0,0.0,0.0,0.0,0.0,0.0,0.0,0.0,0.0,0.0,0.0,0.0,0.0,0.0,0.0,0.0,0.0,132.0,0.0,0.0,0.0,9.0,50.0,0.0,0.0,0.0,0.0,0.0,0.0,5.0,0.0,0.0,306.0,0.0,9.0,209.0,1.0,157.0,0.0,0.0,0.0,0.0,3.0,1.0,175.0,0.0,0.0,0.0,0.0,0.0,12.0,281.0,1.0,0.0,3.0,0.0,0.0,0.0,0.0,0.0,0.0,3.0,0.0,474.0,0.0,5.0,65.0,0.0,0.0,0.0,0.0,0.0,0.0,0.0,1.0,0.0,419.0,0.0,0.0,45.0,185.0,1.0,127.0,0.0,1.0,0.0,0.0,0.0,0.0,124.0,2.0,0.0,0.0,11.0,15.0,0.0,0.0,4.0,0.0,0.0,0.0,0.0,0.0,0.0,0.0,0.0,0.0,0.0,0.0,0.0,0.0,21.0,0.0,0.0,44.0,1.0,0.0,5.0,0.0,0.0,0.0,0.0,0.0,1.0,0.0,0.0
0.0,0.0,0.0,0.0,0.0,0.0,1.0,0.0,0.0,0.0,0.0,0.0,0.0,0.0,0.0,0.0,0.0,0.0,0.0,0.0,0.0,0.0,0.0,0.0,0.0,0.0,0.0,0.0,0.0,0.0,0.0,0.0,0.0,124.0,0.0,0.0,0.0,8.0,45.0,0.0,0.0,0.0,0.0,0.0,0.0,4.0,0.0,0.0,288.0,0.0,8.0,197.0,1.0,147.0,0.0,0.0,0.0,0.0,3.0,1.0,164.0,0.0,0.0,0.0,0.0,0.0,10.0,266.0,1.0,0.0,2.0,0.0,0.0,0.0,0.0,0.0,0.0,2.0,0.0,451.0,0.0,5.0,60.0,0.0,0.0,0.0,0.0,0.0,0.0,0.0,1.0,0.0,396.0,0.0,0.0,41.0,173.0,1.0,117.0,0.0,0.0,0.0,0.0,0.0,0.0,116.0,2.0,0.0,0.0,10.0,13.0,0.0,0.0,3.0,0.0,0.0,0.0,0.0,0.0,0.0,0.0,0.0,0.0,0.0,0.0,0.0,0.0,19.0,0.0,0.0,41.0,1.0,0.0,4.0,0.0,0.0,0.0,0.0,0.0,1.0,0.0,0.0
0.0,0.0,0.0,0.0,0.0,0.0,1.0,0.0,0.0,0.0,0.0,0.0,0.0,0.0,0.0,0.0,0.0,0.0,0.0,0.0,0.0,0.0,0.0,0.0,0.0,0.0,0.0,0.0,0.0,0.0,0.0,0.0,0.0,116.0,0.0,0.0,0.0,7.0,42.0,0.0,0.0,0.0,0.0,0.0,0.0,4.0,0.0,0.0,271.0,0.0,7.0,185.0,0.0,138.0,0.0,0.0,0.0,0.0,2.0,0.0,155.0,0.0,0.0,0.0,0.0,0.0,9.0,251.0,0.0,0.0,2.0,0.0,0.0,0.0,0.0,0.0,0.0,2.0,0.0,429.0,0.0,4.0,55.0,0.0,0.0,0.0,0.0,0.0,0.0,0.0,1.0,0.0,374.0,0.0,0.0,38.0,161.0,1.0,109.0,0.0,0.0,0.0,0.0,0.0,0.0,109.0,1.0,0.0,0.0,9.0,12.0,0.0,0.0,3.0,0.0,0.0,0.0,0.0,0.0,0.0,0.0,0.0,0.0,0.0,0.0,0.0,0.0,17.0,0.0,0.0,37.0,1.0,0.0,4.0,0.0,0.0,0.0,0.0,0.0,1.0,0.0,0.0
0.0,0.0,0.0,0.0,0.0,0.0,1.0,0.0,0.0,0.0,0.0,0.0,0.0,0.0,0.0,0.0,0.0,0.0,0.0,0.0,0.0,0.0,0.0,0.0,0.0,0.0,0.0,0.0,0.0,0.0,0.0,0.0,0.0,109.0,0.0,0.0,0.0,6.0,38.0,0.0,0.0,0.0,0.0,0.0,0.0,3.0,0.0,0.0,255.0,0.0,6.0,174.0,0.0,130.0,0.0,0.0,0.0,0.0,2.0,0.0,146.0,0.0,0.0,0.0,0.0,0.0,8.0,237.0,0.0,0.0,2.0,0.0,0.0,0.0,0.0,0.0,0.0,2.0,0.0,408.0,0.0,4.0,51.0,0.0,0.0,0.0,0.0,0.0,0.0,0.0,1.0,0.0,353.0,0.0,0.0,34.0,150.0,1.0,101.0,0.0,0.0,0.0,0.0,0.0,0.0,102.0,1.0,0.0,0.0,8.0,11.0,0.0,0.0,3.0,0.0,0.0,0.0,0.0,0.0,0.0,0.0,0.0,0.0,0.0,0.0,0.0,0.0,15.0,0.0,0.0,34.0,1.0,0.0,3.0,0.0,0.0,0.0,0.0,0.0,1.0,0.0,0.0
0.0,0.0,0.0,0.0,0.0,0.0,0.0,0.0,0.0,0.0,0.0,0.0,0.0,0.0,0.0,0.0,0.0,0.0,0.0,0.0,0.0,0.0,0.0,0.0,0.0,0.0,0.0,0.0,0.0,0.0,0.0,0.0,0.0,102.0,0.0,0.0,0.0,6.0,35.0,0.0,0.0,0.0,0.0,0.0,0.0,3.0,0.0,0.0,240.0,0.0,5.0,164.0,0.0,122.0,0.0,0.0,0.0,0.0,2.0,0.0,137.0,0.0,0.0,0.0,0.0,0.0,7.0,224.0,0.0,0.0,1.0,0.0,0.0,0.0,0.0,0.0,0.0,1.0,0.0,389.0,0.0,3.0,47.0,0.0,0.0,0.0,0.0,0.0,0.0,0.0,1.0,0.0,334.0,0.0,0.0,31.0,140.0,1.0,93.0,0.0,0.0,0.0,0.0,0.0,0.0,95.0,1.0,0.0,0.0,7.0,10.0,0.0,0.0,2.0,0.0,0.0,0.0,0.0,0.0,0.0,0.0,0.0,0.0,0.0,0.0,0.0,0.0,14.0,0.0,0.0,31.0,0.0,0.0,3.0,0.0,0.0,0.0,0.0,0.0,1.0,0.0,0.0
0.0,0.0,0.0,0.0,0.0,0.0,0.0,0.0,0.0,0.0,0.0,0.0,0.0,0.0,0.0,0.0,0.0,0.0,0.0,0.0,0.0,0.0,0.0,0.0,0.0,0.0,0.0,0.0,0.0,0.0,0.0,0.0,0.0,96.0,0.0,0.0,0.0,5.0,32.0,0.0,0.0,0.0,0.0,0.0,0.0,2.0,0.0,0.0,226.0,0.0,5.0,154.0,0.0,114.0,0.0,0.0,0.0,0.0,2.0,0.0,129.0,0.0,0.0,0.0,0.0,0.0,7.0,212.0,0.0,0.0,1.0,0.0,0.0,0.0,0.0,0.0,0.0,1.0,0.0,370.0,0.0,3.0,43.0,0.0,0.0,0.0,0.0,0.0,0.0,0.0,1.0,0.0,315.0,0.0,0.0,28.0,131.0,1.0,86.0,0.0,0.0,0.0,0.0,0.0,0.0,89.0,1.0,0.0,0.0,6.0,9.0,0.0,0.0,2.0,0.0,0.0,0.0,0.0,0.0,0.0,0.0,0.0,0.0,0.0,0.0,0.0,0.0,12.0,0.0,0.0,28.0,0.0,0.0,2.0,0.0,0.0,0.0,0.0,0.0,1.0,0.0,0.0
0.0,0.0,0.0,0.0,0.0,0.0,0.0,0.0,0.0,0.0,0.0,0.0,0.0,0.0,0.0,0.0,0.0,0.0,0.0,0.0,0.0,0.0,0.0,0.0,0.0,0.0,0.0,0.0,0.0,0.0,0.0,0.0,0.0,90.0,0.0,0.0,0.0,5.0,29.0,0.0,0.0,0.0,0.0,0.0,0.0,2.0,0.0,0.0,213.0,0.0,4.0,145.0,0.0,107.0,0.0,0.0,0.0,0.0,1.0,0.0,121.0,0.0,0.0,0.0,0.0,0.0,6.0,200.0,0.0,0.0,1.0,0.0,0.0,0.0,0.0,0.0,0.0,1.0,0.0,353.0,0.0,2.0,39.0,0.0,0.0,0.0,0.0,0.0,0.0,0.0,0.0,0.0,298.0,0.0,0.0,26.0,122.0,0.0,80.0,0.0,0.0,0.0,0.0,0.0,0.0,83.0,1.0,0.0,0.0,5.0,8.0,0.0,0.0,2.0,0.0,0.0,0.0,0.0,0.0,0.0,0.0,0.0,0.0,0.0,0.0,0.0,0.0,11.0,0.0,0.0,26.0,0.0,0.0,2.0,0.0,0.0,0.0,0.0,0.0,0.0,0.0,0.0
0.0,0.0,0.0,0.0,0.0,0.0,0.0,0.0,0.0,0.0,0.0,0.0,0.0,0.0,0.0,0.0,0.0,0.0,0.0,0.0,0.0,0.0,0.0,0.0,0.0,0.0,0.0,0.0,0.0,0.0,0.0,0.0,0.0,84.0,0.0,0.0,0.0,4.0,27.0,0.0,0.0,0.0,0.0,0.0,0.0,2.0,0.0,0.0,200.0,0.0,4.0,136.0,0.0,100.0,0.0,0.0,0.0,0.0,1.0,0.0,114.0,0.0,0.0,0.0,0.0,0.0,5.0,189.0,0.0,0.0,1.0,0.0,0.0,0.0,0.0,0.0,0.0,1.0,0.0,336.0,0.0,2.0,36.0,0.0,0.0,0.0,0.0,0.0,0.0,0.0,0.0,0.0,282.0,0.0,0.0,24.0,114.0,0.0,74.0,0.0,0.0,0.0,0.0,0.0,0.0,78.0,1.0,0.0,0.0,5.0,7.0,0.0,0.0,1.0,0.0,0.0,0.0,0.0,0.0,0.0,0.0,0.0,0.0,0.0,0.0,0.0,0.0,10.0,0.0,0.0,24.0,0.0,0.0,2.0,0.0,0.0,0.0,0.0,0.0,0.0,0.0,0.0
0.0,0.0,0.0,0.0,0.0,0.0,0.0,0.0,0.0,0.0,0.0,0.0,0.0,0.0,0.0,0.0,0.0,0.0,0.0,0.0,0.0,0.0,0.0,0.0,0.0,0.0,0.0,0.0,0.0,0.0,0.0,0.0,0.0,79.0,0.0,0.0,0.0,4.0,25.0,0.0,0.0,0.0,0.0,0.0,0.0,2.0,0.0,0.0,188.0,0.0,3.0,128.0,0.0,94.0,0.0,0.0,0.0,0.0,1.0,0.0,107.0,0.0,0.0,0.0,0.0,0.0,5.0,178.0,0.0,0.0,1.0,0.0,0.0,0.0,0.0,0.0,0.0,1.0,0.0,321.0,0.0,2.0,33.0,0.0,0.0,0.0,0.0,0.0,0.0,0.0,0.0,0.0,267.0,0.0,0.0,21.0,107.0,0.0,68.0,0.0,0.0,0.0,0.0,0.0,0.0,73.0,1.0,0.0,0.0,4.0,6.0,0.0,0.0,1.0,0.0,0.0,0.0,0.0,0.0,0.0,0.0,0.0,0.0,0.0,0.0,0.0,0.0,9.0,0.0,0.0,22.0,0.0,0.0,1.0,0.0,0.0,0.0,0.0,0.0,0.0,0.0,0.0
0.0,0.0,0.0,0.0,0.0,0.0,0.0,0.0,0.0,0.0,0.0,0.0,0.0,0.0,0.0,0.0,0.0,0.0,0.0,0.0,0.0,0.0,0.0,0.0,0.0,0.0,0.0,0.0,0.0,0.0,0.0,0.0,0.0,73.0,0.0,0.0,0.0,3.0,22.0,0.0,0.0,0.0,0.0,0.0,0.0,1.0,0.0,0.0,176.0,0.0,3.0,120.0,0.0,88.0,0.0,0.0,0.0,0.0,1.0,0.0,101.0,0.0,0.0,0.0,0.0,0.0,4.0,168.0,0.0,0.0,1.0,0.0,0.0,0.0,0.0,0.0,0.0,1.0,0.0,306.0,0.0,2.0,31.0,0.0,0.0,0.0,0.0,0.0,0.0,0.0,0.0,0.0,252.0,0.0,0.0,19.0,100.0,0.0,63.0,0.0,0.0,0.0,0.0,0.0,0.0,68.0,0.0,0.0,0.0,4.0,6.0,0.0,0.0,1.0,0.0,0.0,0.0,0.0,0.0,0.0,0.0,0.0,0.0,0.0,0.0,0.0,0.0,8.0,0.0,0.0,20.0,0.0,0.0,1.0,0.0,0.0,0.0,0.0,0.0,0.0,0.0,0.0
0.0,0.0,0.0,0.0,0.0,0.0,0.0,0.0,0.0,0.0,0.0,0.0,0.0,0.0,0.0,0.0,0.0,0.0,0.0,0.0,0.0,0.0,0.0,0.0,0.0,0.0,0.0,0.0,0.0,0.0,0.0,0.0,0.0,68.0,0.0,0.0,0.0,3.0,20.0,0.0,0.0,0.0,0.0,0.0,0.0,1.0,0.0,0.0,165.0,0.0,3.0,113.0,0.0,82.0,0.0,0.0,0.0,0.0,1.0,0.0,95.0,0.0,0.0,0.0,0.0,0.0,4.0,159.0,0.0,0.0,1.0,0.0,0.0,0.0,0.0,0.0,0.0,1.0,0.0,293.0,0.0,2.0,28.0,0.0,0.0,0.0,0.0,0.0,0.0,0.0,0.0,0.0,239.0,0.0,0.0,18.0,93.0,0.0,58.0,0.0,0.0,0.0,0.0,0.0,0.0,64.0,0.0,0.0,0.0,3.0,5.0,0.0,0.0,1.0,0.0,0.0,0.0,0.0,0.0,0.0,0.0,0.0,0.0,0.0,0.0,0.0,0.0,8.0,0.0,0.0,18.0,0.0,0.0,1.0,0.0,0.0,0.0,0.0,0.0,0.0,0.0,0.0
0.0,0.0,0.0,0.0,0.0,0.0,0.0,0.0,0.0,0.0,0.0,0.0,0.0,0.0,0.0,0.0,0.0,0.0,0.0,0.0,0.0,0.0,0.0,0.0,0.0,0.0,0.0,0.0,0.0,0.0,0.0,0.0,0.0,64.0,0.0,0.0,0.0,2.0,18.0,0.0,0.0,0.0,0.0,0.0,0.0,1.0,0.0,0.0,154.0,0.0,2.0,105.0,0.0,77.0,0.0,0.0,0.0,0.0,1.0,0.0,89.0,0.0,0.0,0.0,0.0,0.0,3.0,150.0,0.0,0.0,0.0,0.0,0.0,0.0,0.0,0.0,0.0,1.0,0.0,280.0,0.0,1.0,26.0,0.0,0.0,0.0,0.0,0.0,0.0,0.0,0.0,0.0,226.0,0.0,0.0,16.0,87.0,0.0,54.0,0.0,0.0,0.0,0.0,0.0,0.0,60.0,0.0,0.0,0.0,3.0,5.0,0.0,0.0,1.0,0.0,0.0,0.0,0.0,0.0,0.0,0.0,0.0,0.0,0.0,0.0,0.0,0.0,7.0,0.0,0.0,17.0,0.0,0.0,1.0,0.0,0.0,0.0,0.0,0.0,0.0,0.0,0.0
0.0,0.0,0.0,0.0,0.0,0.0,0.0,0.0,0.0,0.0,0.0,0.0,0.0,0.0,0.0,0.0,0.0,0.0,0.0,0.0,0.0,0.0,0.0,0.0,0.0,0.0,0.0,0.0,0.0,0.0,0.0,0.0,0.0,59.0,0.0,0.0,0.0,2.0,17.0,0.0,0.0,0.0,0.0,0.0,0.0,1.0,0.0,0.0,144.0,0.0,2.0,98.0,0.0,71.0,0.0,0.0,0.0,0.0,1.0,0.0,84.0,0.0,0.0,0.0,0.0,0.0,3.0,141.0,0.0,0.0,0.0,0.0,0.0,0.0,0.0,0.0,0.0,0.0,0.0,269.0,0.0,1.0,24.0,0.0,0.0,0.0,0.0,0.0,0.0,0.0,0.0,0.0,215.0,0.0,0.0,14.0,81.0,0.0,49.0,0.0,0.0,0.0,0.0,0.0,0.0,57.0,0.0,0.0,0.0,3.0,4.0,0.0,0.0,1.0,0.0,0.0,0.0,0.0,0.0,0.0,0.0,0.0,0.0,0.0,0.0,0.0,0.0,6.0,0.0,0.0,15.0,0.0,0.0,1.0,0.0,0.0,0.0,0.0,0.0,0.0,0.0,0.0
0.0,0.0,0.0,0.0,0.0,0.0,0.0,0.0,0.0,0.0,0.0,0.0,0.0,0.0,0.0,0.0,0.0,0.0,0.0,0.0,0.0,0.0,0.0,0.0,0.0,0.0,0.0,0.0,0.0,0.0,0.0,0.0,0.0,55.0,0.0,0.0,0.0,2.0,15.0,0.0,0.0,0.0,0.0,0.0,0.0,1.0,0.0,0.0,134.0,0.0,2.0,92.0,0.0,66.0,0.0,0.0,0.0,0.0,0.0,0.0,79.0,0.0,0.0,0.0,0.0,0.0,3.0,133.0,0.0,0.0,0.0,0.0,0.0,0.0,0.0,0.0,0.0,0.0,0.0,258.0,0.0,1.0,23.0,0.0,0.0,0.0,0.0,0.0,0.0,0.0,0.0,0.0,204.0,0.0,0.0,13.0,76.0,0.0,46.0,0.0,0.0,0.0,0.0,0.0,0.0,53.0,0.0,0.0,0.0,2.0,4.0,0.0,0.0,1.0,0.0,0.0,0.0,0.0,0.0,0.0,0.0,0.0,0.0,0.0,0.0,0.0,0.0,6.0,0.0,0.0,14.0,0.0,0.0,1.0,0.0,0.0,0.0,0.0,0.0,0.0,0.0,0.0
0.0,0.0,0.0,0.0,0.0,0.0,0.0,0.0,0.0,0.0,0.0,0.0,0.0,0.0,0.0,0.0,0.0,0.0,0.0,0.0,0.0,0.0,0.0,0.0,0.0,0.0,0.0,0.0,0.0,0.0,0.0,0.0,0.0,51.0,0.0,0.0,0.0,2.0,13.0,0.0,0.0,0.0,0.0,0.0,0.0,1.0,0.0,0.0,125.0,0.0,2.0,85.0,0.0,61.0,0.0,0.0,0.0,0.0,0.0,0.0,74.0,0.0,0.0,0.0,0.0,0.0,2.0,125.0,0.0,0.0,0.0,0.0,0.0,0.0,0.0,0.0,0.0,0.0,0.0,249.0,0.0,1.0,21.0,0.0,0.0,0.0,0.0,0.0,0.0,0.0,0.0,0.0,194.0,0.0,0.0,12.0,70.0,0.0,42.0,0.0,0.0,0.0,0.0,0.0,0.0,50.0,0.0,0.0,0.0,2.0,3.0,0.0,0.0,1.0,0.0,0.0,0.0,0.0,0.0,0.0,0.0,0.0,0.0,0.0,0.0,0.0,0.0,5.0,0.0,0.0,13.0,0.0,0.0,1.0,0.0,0.0,0.0,0.0,0.0,0.0,0.0,0.0
0.0,0.0,0.0,0.0,0.0,0.0,0.0,0.0,0.0,0.0,0.0,0.0,0.0,0.0,0.0,0.0,0.0,0.0,0.0,0.0,0.0,0.0,0.0,0.0,0.0,0.0,0.0,0.0,0.0,0.0,0.0,0.0,0.0,47.0,0.0,0.0,0.0,1.0,12.0,0.0,0.0,0.0,0.0,0.0,0.0,0.0,0.0,0.0,116.0,0.0,2.0,79.0,0.0,57.0,0.0,0.0,0.0,0.0,0.0,0.0,70.0,0.0,0.0,0.0,0.0,0.0,2.0,118.0,0.0,0.0,0.0,0.0,0.0,0.0,0.0,0.0,0.0,0.0,0.0,240.0,0.0,1.0,20.0,0.0,0.0,0.0,0.0,0.0,0.0,0.0,0.0,0.0,184.0,0.0,0.0,11.0,66.0,0.0,39.0,0.0,0.0,0.0,0.0,0.0,0.0,47.0,0.0,0.0,0.0,2.0,3.0,0.0,0.0,0.0,0.0,0.0,0.0,0.0,0.0,0.0,0.0,0.0,0.0,0.0,0.0,0.0,0.0,5.0,0.0,0.0,12.0,0.0,0.0,0.0,0.0,0.0,0.0,0.0,0.0,0.0,0.0,0.0
0.0,0.0,0.0,0.0,0.0,0.0,0.0,0.0,0.0,0.0,0.0,0.0,0.0,0.0,0.0,0.0,0.0,0.0,0.0,0.0,0.0,0.0,0.0,0.0,0.0,0.0,0.0,0.0,0.0,0.0,0.0,0.0,0.0,43.0,0.0,0.0,0.0,1.0,10.0,0.0,0.0,0.0,0.0,0.0,0.0,0.0,0.0,0.0,107.0,0.0,1.0,73.0,0.0,52.0,0.0,0.0,0.0,0.0,0.0,0.0,66.0,0.0,0.0,0.0,0.0,0.0,2.0,111.0,0.0,0.0,0.0,0.0,0.0,0.0,0.0,0.0,0.0,0.0,0.0,233.0,0.0,1.0,18.0,0.0,0.0,0.0,0.0,0.0,0.0,0.0,0.0,0.0,176.0,0.0,0.0,9.0,61.0,0.0,36.0,0.0,0.0,0.0,0.0,0.0,0.0,45.0,0.0,0.0,0.0,2.0,3.0,0.0,0.0,0.0,0.0,0.0,0.0,0.0,0.0,0.0,0.0,0.0,0.0,0.0,0.0,0.0,0.0,5.0,0.0,0.0,11.0,0.0,0.0,0.0,0.0,0.0,0.0,0.0,0.0,0.0,0.0,0.0
0.0,0.0,0.0,0.0,0.0,0.0,0.0,0.0,0.0,0.0,0.0,0.0,0.0,0.0,0.0,0.0,0.0,0.0,0.0,0.0,0.0,0.0,0.0,0.0,0.0,0.0,0.0,0.0,0.0,0.0,0.0,0.0,0.0,39.0,0.0,0.0,0.0,1.0,9.0,0.0,0.0,0.0,0.0,0.0,0.0,0.0,0.0,0.0,98.0,0.0,1.0,67.0,0.0,48.0,0.0,0.0,0.0,0.0,0.0,0.0,62.0,0.0,0.0,0.0,0.0,0.0,2.0,105.0,0.0,0.0,0.0,0.0,0.0,0.0,0.0,0.0,0.0,0.0,0.0,226.0,0.0,1.0,17.0,0.0,0.0,0.0,0.0,0.0,0.0,0.0,0.0,0.0,168.0,0.0,0.0,8.0,57.0,0.0,33.0,0.0,0.0,0.0,0.0,0.0,0.0,43.0,0.0,0.0,0.0,2.0,3.0,0.0,0.0,0.0,0.0,0.0,0.0,0.0,0.0,0.0,0.0,0.0,0.0,0.0,0.0,0.0,0.0,4.0,0.0,0.0,10.0,0.0,0.0,0.0,0.0,0.0,0.0,0.0,0.0,0.0,0.0,0.0
0.0,0.0,0.0,0.0,0.0,0.0,0.0,0.0,0.0,0.0,0.0,0.0,0.0,0.0,0.0,0.0,0.0,0.0,0.0,0.0,0.0,0.0,0.0,0.0,0.0,0.0,0.0,0.0,0.0,0.0,0.0,0.0,0.0,36.0,0.0,0.0,0.0,1.0,8.0,0.0,0.0,0.0,0.0,0.0,0.0,0.0,0.0,0.0,89.0,0.0,1.0,61.0,0.0,43.0,0.0,0.0,0.0,0.0,0.0,0.0,58.0,0.0,0.0,0.0,0.0,0.0,2.0,98.0,0.0,0.0,0.0,0.0,0.0,0.0,0.0,0.0,0.0,0.0,0.0,221.0,0.0,1.0,17.0,0.0,0.0,0.0,0.0,0.0,0.0,0.0,0.0,0.0,161.0,0.0,0.0,7.0,53.0,0.0,30.0,0.0,0.0,0.0,0.0,0.0,0.0,41.0,0.0,0.0,0.0,2.0,2.0,0.0,0.0,0.0,0.0,0.0,0.0,0.0,0.0,0.0,0.0,0.0,0.0,0.0,0.0,0.0,0.0,4.0,0.0,0.0,9.0,0.0,0.0,0.0,0.0,0.0,0.0,0.0,0.0,0.0,0.0,0.0
0.0,0.0,0.0,0.0,0.0,0.0,0.0,0.0,0.0,0.0,0.0,0.0,0.0,0.0,0.0,0.0,0.0,0.0,0.0,0.0,0.0,0.0,0.0,0.0,0.0,0.0,0.0,0.0,0.0,0.0,0.0,0.0,0.0,32.0,0.0,0.0,0.0,1.0,7.0,0.0,0.0,0.0,0.0,0.0,0.0,0.0,0.0,0.0,81.0,0.0,1.0,56.0,0.0,39.0,0.0,0.0,0.0,0.0,0.0,0.0,55.0,0.0,0.0,0.0,0.0,0.0,1.0,92.0,0.0,0.0,0.0,0.0,0.0,0.0,0.0,0.0,0.0,0.0,0.0,217.0,0.0,1.0,16.0,0.0,0.0,0.0,0.0,0.0,0.0,0.0,0.0,0.0,155.0,0.0,0.0,6.0,49.0,0.0,27.0,0.0,0.0,0.0,0.0,0.0,0.0,39.0,0.0,0.0,0.0,2.0,2.0,0.0,0.0,0.0,0.0,0.0,0.0,0.0,0.0,0.0,0.0,0.0,0.0,0.0,0.0,0.0,0.0,4.0,0.0,0.0,9.0,0.0,0.0,0.0,0.0,0.0,0.0,0.0,0.0,0.0,0.0,0.0
0.0,0.0,0.0,0.0,0.0,0.0,0.0,0.0,0.0,0.0,0.0,0.0,0.0,0.0,0.0,0.0,0.0,0.0,0.0,0.0,0.0,0.0,0.0,0.0,0.0,0.0,0.0,0.0,0.0,0.0,0.0,0.0,0.0,28.0,0.0,0.0,0.0,0.0,5.0,0.0,0.0,0.0,0.0,0.0,0.0,0.0,0.0,0.0,72.0,0.0,1.0,50.0,0.0,34.0,0.0,0.0,0.0,0.0,0.0,0.0,51.0,0.0,0.0,0.0,0.0,0.0,1.0,87.0,0.0,0.0,0.0,0.0,0.0,0.0,0.0,0.0,0.0,0.0,0.0,228.0,0.0,1.0,15.0,0.0,0.0,0.0,0.0,0.0,0.0,0.0,0.0,0.0,150.0,0.0,0.0,6.0,46.0,0.0,25.0,0.0,0.0,0.0,0.0,0.0,0.0,38.0,0.0,0.0,0.0,2.0,2.0,0.0,0.0,0.0,0.0,0.0,0.0,0.0,0.0,0.0,0.0,0.0,0.0,0.0,0.0,0.0,0.0,5.0,0.0,0.0,8.0,0.0,0.0,0.0,0.0,0.0,0.0,0.0,0.0,0.0,0.0,0.0
0.0,0.0,0.0,0.0,0.0,0.0,0.0,0.0,0.0,0.0,0.0,0.0,0.0,0.0,0.0,0.0,0.0,0.0,0.0,0.0,0.0,0.0,0.0,0.0,0.0,0.0,0.0,0.0,0.0,0.0,0.0,0.0,0.0,25.0,0.0,0.0,0.0,0.0,4.0,0.0,0.0,0.0,0.0,0.0,0.0,0.0,0.0,0.0,64.0,0.0,1.0,45.0,0.0,30.0,0.0,0.0,0.0,0.0,0.0,0.0,48.0,0.0,0.0,0.0,0.0,0.0,1.0,81.0,0.0,0.0,0.0,0.0,0.0,0.0,0.0,0.0,0.0,0.0,0.0,263.0,0.0,1.0,15.0,0.0,0.0,0.0,0.0,0.0,0.0,0.0,0.0,0.0,145.0,0.0,0.0,5.0,43.0,0.0,23.0,0.0,0.0,0.0,0.0,0.0,0.0,36.0,0.0,0.0,0.0,2.0,2.0,0.0,0.0,0.0,0.0,0.0,0.0,0.0,0.0,0.0,0.0,0.0,0.0,0.0,0.0,0.0,0.0,5.0,0.0,0.0,7.0,0.0,0.0,0.0,0.0,0.0,0.0,0.0,0.0,0.0,0.0,0.0
0.0,0.0,0.0,0.0,0.0,0.0,0.0,0.0,0.0,0.0,0.0,0.0,0.0,0.0,0.0,0.0,0.0,0.0,0.0,0.0,0.0,0.0,0.0,0.0,0.0,0.0,0.0,0.0,0.0,0.0,0.0,0.0,0.0,21.0,0.0,0.0,0.0,0.0,3.0,0.0,0.0,0.0,0.0,0.0,0.0,0.0,0.0,0.0,55.0,0.0,1.0,39.0,0.0,26.0,0.0,0.0,0.0,0.0,0.0,0.0,45.0,0.0,0.0,0.0,0.0,0.0,1.0,76.0,0.0,0.0,0.0,0.0,0.0,0.0,0.0,0.0,0.0,0.0,0.0,304.0,0.0,1.0,17.0,0.0,0.0,0.0,0.0,0.0,0.0,0.0,0.0,0.0,141.0,0.0,0.0,4.0,39.0,0.0,21.0,0.0,0.0,0.0,0.0,0.0,0.0,35.0,0.0,0.0,0.0,2.0,2.0,0.0,0.0,0.0,0.0,0.0,0.0,0.0,0.0,0.0,0.0,0.0,0.0,0.0,0.0,0.0,0.0,6.0,0.0,0.0,7.0,0.0,0.0,0.0,0.0,0.0,0.0,0.0,0.0,0.0,0.0,0.0
0.0,0.0,0.0,0.0,0.0,0.0,0.0,0.0,0.0,0.0,0.0,0.0,0.0,0.0,0.0,0.0,0.0,0.0,0.0,0.0,0.0,0.0,0.0,0.0,0.0,-0.0,0.0,0.0,0.0,0.0,0.0,0.0,0.0,18.0,0.0,0.0,0.0,0.0,2.0,0.0,0.0,0.0,0.0,0.0,-0.0,0.0,0.0,0.0,47.0,0.0,1.0,34.0,0.0,22.0,0.0,0.0,0.0,0.0,0.0,0.0,43.0,0.0,0.0,0.0,0.0,0.0,1.0,71.0,0.0,0.0,0.0,0.0,0.0,0.0,0.0,0.0,0.0,0.0,0.0,352.0,0.0,1.0,19.0,0.0,0.0,0.0,0.0,0.0,0.0,0.0,0.0,0.0,138.0,0.0,0.0,3.0,36.0,0.0,19.0,0.0,0.0,0.0,0.0,0.0,0.0,35.0,0.0,0.0,0.0,2.0,2.0,0.0,0.0,0.0,0.0,0.0,0.0,0.0,0.0,0.0,0.0,0.0,0.0,0.0,0.0,0.0,0.0,7.0,0.0,0.0,7.0,0.0,0.0,0.0,0.0,0.0,0.0,0.0,0.0,0.0,0.0,0.0
0.0,0.0,0.0,0.0,0.0,0.0,0.0,0.0,0.0,0.0,0.0,0.0,0.0,0.0,0.0,0.0,0.0,0.0,0.0,0.0,0.0,0.0,0.0,0.0,0.0,0.0,-0.0,0.0,0.0,0.0,0.0,0.0,0.0,15.0,0.0,0.0,0.0,0.0,1.0,0.0,0.0,0.0,0.0,-0.0,0.0,0.0,0.0,0.0,39.0,0.0,1.0,29.0,0.0,18.0,0.0,0.0,0.0,0.0,0.0,0.0,40.0,0.0,0.0,0.0,0.0,0.0,1.0,66.0,0.0,0.0,0.0,0.0,0.0,0.0,0.0,0.0,0.0,0.0,0.0,406.0,0.0,1.0,21.0,0.0,0.0,0.0,0.0,0.0,0.0,0.0,0.0,0.0,136.0,0.0,0.0,3.0,34.0,0.0,17.0,0.0,0.0,0.0,0.0,0.0,0.0,37.0,0.0,0.0,0.0,3.0,2.0,0.0,0.0,0.0,0.0,0.0,0.0,0.0,0.0,0.0,0.0,0.0,0.0,0.0,0.0,0.0,0.0,8.0,0.0,0.0,6.0,0.0,0.0,0.0,0.0,0.0,0.0,0.0,0.0,0.0,0.0,0.0
0.0,-0.0,0.0,0.0,0.0,0.0,0.0,0.0,0.0,0.0,0.0,0.0,0.0,0.0,-0.0,0.0,-0.0,0.0,0.0,-0.0,0.0,-0.0,0.0,0.0,0.0,-0.0,0.0,0.0,0.0,0.0,0.0,0.0,0.0,12.0,0.0,-0.0,0.0,0.0,1.0,0.0,0.0,0.0,-0.0,0.0,-0.0,0.0,-0.0,-0.0,31.0,0.0,1.0,24.0,0.0,14.0,0.0,0.0,0.0,0.0,0.0,0.0,38.0,0.0,0.0,0.0,0.0,0.0,1.0,61.0,0.0,0.0,0.0,0.0,0.0,0.0,0.0,0.0,0.0,0.0,0.0,467.0,0.0,1.0,24.0,0.0,0.0,0.0,0.0,0.0,0.0,0.0,0.0,0.0,142.0,0.0,0.0,2.0,31.0,0.0,15.0,0.0,0.0,0.0,0.0,0.0,0.0,41.0,0.0,0.0,0.0,3.0,2.0,0.0,0.0,0.0,0.0,0.0,0.0,0.0,0.0,0.0,0.0,0.0,0.0,0.0,0.0,0.0,0.0,9.0,0.0,0.0,6.0,0.0,0.0,0.0,0.0,0.0,0.0,0.0,0.0,0.0,0.0,0.0
0.0,0.0,-0.0,0.0,0.0,0.0,0.0,0.0,-0.0,0.0,0.0,0.0,0.0,0.0,0.0,0.0,0.0,0.0,0.0,0.0,0.0,0.0,0.0,0.0,-0.0,0.0,-0.0,0.0,0.0,-0.0,0.0,0.0,0.0,9.0,0.0,0.0,0.0,-0.0,0.0,0.0,0.0,0.0,0.0,-0.0,0.0,-0.0,0.0,0.0,24.0,0.0,1.0,20.0,0.0,11.0,0.0,0.0,0.0,0.0,-0.0,0.0,35.0,0.0,0.0,0.0,0.0,0.0,1.0,57.0,0.0,0.0,0.0,0.0,0.0,0.0,0.0,0.0,0.0,0.0,0.0,533.0,0.0,1.0,27.0,0.0,0.0,0.0,0.0,0.0,0.0,0.0,0.0,0.0,158.0,0.0,0.0,2.0,28.0,0.0,14.0,0.0,0.0,0.0,0.0,0.0,0.0,46.0,0.0,0.0,0.0,3.0,1.0,0.0,0.0,0.0,0.0,0.0,0.0,0.0,0.0,0.0,0.0,0.0,0.0,0.0,0.0,0.0,0.0,10.0,0.0,0.0,6.0,0.0,0.0,0.0,0.0,0.0,0.0,0.0,0.0,0.0,0.0,0.0
0.0,-0.0,0.0,0.0,0.0,0.0,0.0,0.0,0.0,0.0,-0.0,0.0,0.0,0.0,-0.0,0.0,-0.0,0.0,0.0,-0.0,0.0,-0.0,0.0,0.0,0.0,-0.0,0.0,-0.0,0.0,0.0,0.0,0.0,-0.0,6.0,0.0,-0.0,0.0,0.0,0.0,0.0,0.0,0.0,-0.0,0.0,-0.0,0.0,-0.0,-0.0,17.0,-0.0,0.0,15.0,0.0,8.0,0.0,0.0,-0.0,0.0,0.0,0.0,33.0,0.0,0.0,0.0,0.0,0.0,1.0,52.0,0.0,0.0,0.0,0.0,0.0,0.0,0.0,-0.0,0.0,0.0,0.0,604.0,0.0,1.0,31.0,0.0,0.0,0.0,0.0,0.0,0.0,0.0,0.0,0.0,174.0,0.0,0.0,1.0,26.0,0.0,12.0,0.0,0.0,0.0,0.0,0.0,0.0,51.0,0.0,0.0,0.0,4.0,2.0,0.0,0.0,0.0,0.0,0.0,0.0,0.0,0.0,0.0,0.0,0.0,0.0,0.0,0.0,0.0,0.0,12.0,0.0,0.0,6.0,0.0,0.0,0.0,0.0,0.0,0.0,0.0,0.0,0.0,0.0,0.0
0.0,0.0,-0.0,0.0,0.0,0.0,0.0,0.0,-0.0,0.0,0.0,0.0,0.0,0.0,0.0,0.0,0.0,0.0,0.0,0.0,0.0,0.0,0.0,0.0,-0.0,0.0,-0.0,0.0,0.0,-0.0,0.0,0.0,0.0,4.0,0.0,0.0,0.0,-0.0,-0.0,0.0,0.0,0.0,0.0,-0.0,0.0,-0.0,0.0,0.0,12.0,0.0,0.0,12.0,0.0,5.0,-0.0,0.0,0.0,0.0,-0.0,0.0,31.0,0.0,0.0,0.0,0.0,0.0,1.0,48.0,0.0,0.0,0.0,0.0,-0.0,0.0,0.0,0.0,0.0,0.0,0.0,679.0,0.0,1.0,34.0,0.0,0.0,0.0,0.0,0.0,0.0,0.0,0.0,0.0,191.0,0.0,0.0,1.0,24.0,0.0,11.0,0.0,0.0,0.0,0.0,0.0,0.0,56.0,0.0,0.0,0.0,4.0,2.0,0.0,0.0,0.0,0.0,0.0,0.0,0.0,0.0,0.0,0.0,0.0,0.0,0.0,0.0,0.0,0.0,13.0,0.0,0.0,5.0,0.0,0.0,0.0,0.0,0.0,0.0,0.0,0.0,0.0,0.0,0.0
0.0,-0.0,0.0,0.0,0.0,0.0,-0.0,0.0,0.0,0.0,-0.0,0.0,0.0,-0.0,-0.0,0.0,-0.0,0.0,0.0,-0.0,0.0,-0.0,0.0,0.0,0.0,-0.0,0.0,-0.0,0.0,0.0,0.0,0.0,-0.0,3.0,0.0,-0.0,0.0,0.0,0.0,0.0,0.0,0.0,-0.0,0.0,-0.0,0.0,-0.0,-0.0,7.0,-0.0,0.0,8.0,0.0,3.0,0.0,0.0,-0.0,0.0,0.0,0.0,29.0,0.0,0.0,0.0,0.0,0.0,1.0,44.0,0.0,0.0,0.0,0.0,0.0,-0.0,0.0,-0.0,0.0,0.0,0.0,757.0,0.0,1.0,38.0,0.0,0.0,0.0,0.0,0.0,0.0,0.0,0.0,0.0,207.0,0.0,0.0,1.0,22.0,0.0,9.0,0.0,0.0,0.0,0.0,0.0,0.0,61.0,0.0,0.0,0.0,5.0,2.0,0.0,0.0,0.0,0.0,0.0,0.0,0.0,0.0,0.0,0.0,0.0,0.0,0.0,0.0,0.0,0.0,15.0,0.0,0.0,5.0,0.0,0.0,0.0,0.0,0.0,0.0,0.0,0.0,0.0,0.0,0.0
0.0,0.0,-0.0,0.0,0.0,0.0,0.0,0.0,-0.0,0.0,0.0,0.0,0.0,0.0,0.0,0.0,0.0,0.0,0.0,0.0,0.0,0.0,0.0,0.0,-0.0,0.0,-0.0,0.0,0.0,-0.0,0.0,0.0,0.0,2.0,0.0,0.0,0.0,-0.0,-0.0,0.0,0.0,0.0,0.0,-0.0,0.0,-0.0,0.0,0.0,4.0,0.0,0.0,6.0,0.0,1.0,-0.0,-0.0,0.0,0.0,-0.0,0.0,27.0,0.0,0.0,0.0,0.0,0.0,1.0,40.0,0.0,0.0,0.0,0.0,-0.0,0.0,0.0,0.0,0.0,0.0,0.0,835.0,0.0,1.0,41.0,0.0,0.0,0.0,0.0,0.0,0.0,0.0,0.0,0.0,222.0,0.0,0.0,1.0,19.0,0.0,8.0,0.0,0.0,0.0,0.0,0.0,0.0,65.0,0.0,0.0,0.0,5.0,2.0,0.0,0.0,0.0,0.0,0.0,0.0,0.0,0.0,0.0,0.0,0.0,0.0,0.0,0.0,0.0,0.0,16.0,0.0,0.0,5.0,0.0,0.0,0.0,0.0,0.0,0.0,0.0,0.0,0.0,0.0,0.0
0.0,-0.0,0.0,0.0,0.0,0.0,-0.0,0.0,0.0,0.0,-0.0,-0.0,0.0,-0.0,-0.0,0.0,-0.0,0.0,0.0,-0.0,0.0,-0.0,0.0,0.0,0.0,-0.0,0.0,-0.0,0.0,0.0,0.0,0.0,-0.0,1.0,-0.0,-0.0,0.0,0.0,0.0,0.0,0.0,0.0,-0.0,0.0,-0.0,0.0,-0.0,-0.0,2.0,-0.0,0.0,4.0,0.0,1.0,0.0,0.0,-0.0,0.0,0.0,0.0,26.0,0.0,0.0,0.0,0.0,0.0,1.0,37.0,0.0,0.0,0.0,0.0,0.0,-0.0,0.0,-0.0,0.0,0.0,0.0,911.0,0.0,1.0,44.0,0.0,0.0,0.0,0.0,0.0,0.0,0.0,0.0,0.0,236.0,0.0,0.0,0.0,18.0,0.0,7.0,0.0,0.0,0.0,0.0,0.0,0.0,70.0,0.0,0.0,0.0,6.0,2.0,0.0,0.0,0.0,0.0,0.0,0.0,0.0,0.0,0.0,0.0,0.0,0.0,0.0,0.0,0.0,0.0,18.0,0.0,0.0,5.0,0.0,0.0,0.0,0.0,0.0,0.0,0.0,0.0,0.0,0.0,0.0
0.0,0.0,-0.0,0.0,0.0,0.0,0.0,0.0,-0.0,0.0,0.0,0.0,0.0,0.0,0.0,0.0,0.0,0.0,0.0,0.0,0.0,0.0,0.0,0.0,-0.0,0.0,-0.0,0.0,0.0,-0.0,0.0,0.0,0.0,0.0,0.0,0.0,-0.0,-0.0,-0.0,0.0,0.0,0.0,0.0,-0.0,0.0,-0.0,0.0,0.0,1.0,0.0,0.0,2.0,0.0,0.0,-0.0,-0.0,0.0,0.0,-0.0,0.0,24.0,0.0,0.0,0.0,0.0,0.0,1.0,33.0,0.0,0.0,0.0,0.0,-0.0,0.0,0.0,0.0,0.0,0.0,0.0,984.0,0.0,1.0,47.0,0.0,0.0,0.0,0.0,0.0,0.0,0.0,0.0,0.0,247.0,0.0,0.0,0.0,16.0,0.0,6.0,0.0,0.0,0.0,0.0,0.0,0.0,74.0,0.0,0.0,0.0,6.0,2.0,0.0,0.0,0.0,0.0,0.0,0.0,0.0,0.0,0.0,0.0,0.0,0.0,0.0,0.0,0.0,0.0,19.0,0.0,0.0,5.0,0.0,0.0,0.0,0.0,0.0,0.0,0.0,0.0,0.0,0.0,0.0
0.0,-0.0,0.0,0.0,0.0,0.0,-0.0,0.0,0.0,0.0,-0.0,-0.0,0.0,-0.0,-0.0,0.0,-0.0,0.0,0.0,-0.0,0.0,-0.0,0.0,0.0,0.0,-0.0,0.0,-0.0,0.0,0.0,0.0,0.0,-0.0,0.0,-0.0,-0.0,0.0,0.0,0.0,0.0,0.0,0.0,-0.0,0.0,-0.0,0.0,-0.0,-0.0,0.0,-0.0,0.0,1.0,0.0,0.0,0.0,0.0,-0.0,0.0,0.0,0.0,22.0,0.0,0.0,0.0,0.0,0.0,1.0,30.0,0.0,0.0,0.0,0.0,0.0,-0.0,0.0,-0.0,0.0,0.0,0.0,1051.0,0.0,1.0,50.0,0.0,0.0,0.0,0.0,0.0,0.0,0.0,0.0,0.0,257.0,0.0,0.0,0.0,14.0,0.0,5.0,0.0,0.0,0.0,0.0,0.0,0.0,77.0,0.0,0.0,0.0,6.0,2.0,0.0,0.0,0.0,0.0,0.0,0.0,0.0,0.0,0.0,0.0,0.0,0.0,0.0,0.0,0.0,0.0,21.0,0.0,0.0,6.0,0.0,0.0,0.0,0.0,0.0,0.0,0.0,0.0,0.0,0.0,0.0
0.0,0.0,-0.0,0.0,0.0,0.0,0.0,0.0,-0.0,0.0,0.0,0.0,0.0,0.0,0.0,0.0,0.0,0.0,0.0,0.0,0.0,0.0,0.0,0.0,-0.0,0.0,-0.0,0.0,0.0,-0.0,0.0,0.0,0.0,0.0,0.0,0.0,-0.0,-0.0,-0.0,0.0,0.0,0.0,0.0,-0.0,0.0,-0.0,0.0,0.0,0.0,0.0,0.0,1.0,0.0,0.0,-0.0,-0.0,0.0,0.0,-0.0,0.0,21.0,0.0,0.0,0.0,0.0,0.0,1.0,27.0,0.0,0.0,0.0,0.0,-0.0,0.0,0.0,0.0,0.0,0.0,0.0,1112.0,0.0,1.0,52.0,0.0,0.0,0.0,0.0,0.0,0.0,0.0,0.0,0.0,263.0,0.0,0.0,0.0,12.0,0.0,4.0,0.0,0.0,0.0,0.0,0.0,0.0,79.0,0.0,0.0,0.0,7.0,2.0,0.0,0.0,0.0,0.0,0.0,0.0,0.0,0.0,0.0,0.0,0.0,0.0,0.0,0.0,0.0,0.0,22.0,0.0,0.0,6.0,0.0,0.0,0.0,0.0,0.0,0.0,0.0,0.0,0.0,0.0,0.0
0.0,-0.0,0.0,0.0,0.0,0.0,-0.0,0.0,0.0,0.0,-0.0,-0.0,0.0,-0.0,-0.0,0.0,-0.0,0.0,0.0,-0.0,0.0,-0.0,0.0,0.0,0.0,-0.0,0.0,-0.0,0.0,0.0,0.0,0.0,-0.0,0.0,-0.0,-0.0,0.0,0.0,0.0,0.0,0.0,0.0,-0.0,0.0,-0.0,0.0,-0.0,-0.0,0.0,-0.0,0.0,0.0,0.0,0.0,0.0,0.0,-0.0,0.0,0.0,0.0,19.0,0.0,0.0,0.0,0.0,0.0,1.0,24.0,0.0,0.0,0.0,0.0,0.0,-0.0,0.0,-0.0,0.0,0.0,0.0,1165.0,0.0,1.0,53.0,0.0,0.0,0.0,0.0,0.0,0.0,-0.0,0.0,0.0,267.0,0.0,0.0,0.0,11.0,0.0,4.0,0.0,0.0,0.0,0.0,0.0,0.0,81.0,0.0,0.0,0.0,7.0,2.0,0.0,0.0,0.0,0.0,0.0,0.0,0.0,0.0,0.0,0.0,0.0,0.0,0.0,0.0,0.0,0.0,23.0,0.0,0.0,6.0,0.0,0.0,0.0,0.0,0.0,0.0,0.0,0.0,0.0,0.0,0.0
0.0,0.0,-0.0,-0.0,0.0,0.0,0.0,0.0,-0.0,0.0,0.0,0.0,0.0,0.0,0.0,0.0,0.0,0.0,0.0,0.0,0.0,0.0,0.0,0.0,-0.0,0.0,-0.0,0.0,0.0,-0.0,0.0,0.0,0.0,0.0,0.0,0.0,-0.0,-0.0,-0.0,0.0,0.0,0.0,0.0,-0.0,0.0,-0.0,0.0,0.0,0.0,0.0,0.0,0.0,-0.0,0.0,-0.0,-0.0,0.0,0.0,-0.0,0.0,18.0,0.0,0.0,0.0,0.0,0.0,0.0,22.0,0.0,0.0,0.0,0.0,-0.0,0.0,0.0,0.0,0.0,0.0,0.0,1209.0,0.0,1.0,55.0,0.0,0.0,0.0,0.0,0.0,0.0,0.0,0.0,0.0,267.0,0.0,0.0,0.0,9.0,0.0,3.0,0.0,0.0,0.0,0.0,0.0,0.0,81.0,0.0,0.0,0.0,7.0,2.0,0.0,0.0,0.0,0.0,0.0,0.0,0.0,0.0,0.0,0.0,0.0,0.0,0.0,0.0,0.0,0.0,24.0,0.0,0.0,6.0,0.0,0.0,0.0,0.0,0.0,0.0,0.0,0.0,0.0,0.0,0.0
0.0,-0.0,0.0,0.0,0.0,0.0,-0.0,0.0,0.0,0.0,-0.0,-0.0,0.0,-0.0,-0.0,0.0,-0.0,0.0,0.0,-0.0,0.0,-0.0,0.0,0.0,0.0,-0.0,0.0,-0.0,0.0,0.0,0.0,0.0,-0.0,0.0,-0.0,-0.0,0.0,0.0,0.0,0.0,0.0,0.0,-0.0,0.0,-0.0,0.0,-0.0,-0.0,0.0,-0.0,0.0,0.0,0.0,0.0,0.0,0.0,-0.0,0.0,0.0,0.0,17.0,0.0,0.0,0.0,0.0,0.0,0.0,19.0,0.0,0.0,0.0,0.0,0.0,-0.0,0.0,-0.0,0.0,0.0,0.0,1244.0,0.0,1.0,55.0,0.0,0.0,0.0,0.0,0.0,0.0,-0.0,0.0,0.0,266.0,0.0,0.0,0.0,8.0,0.0,3.0,0.0,0.0,0.0,0.0,0.0,0.0,81.0,0.0,0.0,0.0,7.0,2.0,0.0,0.0,0.0,0.0,0.0,0.0,0.0,0.0,0.0,0.0,0.0,0.0,0.0,0.0,0.0,0.0,25.0,0.0,0.0,6.0,0.0,0.0,0.0,0.0,0.0,0.0,0.0,0.0,0.0,0.0,0.0
0.0,0.0,-0.0,-0.0,0.0,0.0,0.0,0.0,-0.0,0.0,0.0,0.0,0.0,0.0,0.0,0.0,0.0,0.0,0.0,0.0,0.0,0.0,0.0,0.0,-0.0,0.0,-0.0,0.0,0.0,-0.0,0.0,0.0,0.0,0.0,0.0,0.0,-0.0,-0.0,-0.0,0.0,0.0,0.0,0.0,-0.0,0.0,-0.0,0.0,0.0,0.0,0.0,0.0,0.0,-0.0,0.0,-0.0,-0.0,0.0,0.0,-0.0,0.0,15.0,0.0,0.0,0.0,0.0,0.0,0.0,17.0,0.0,0.0,0.0,0.0,-0.0,0.0,0.0,0.0,0.0,0.0,0.0,1269.0,0.0,1.0,55.0,0.0,0.0,0.0,0.0,0.0,0.0,0.0,0.0,0.0,262.0,0.0,0.0,0.0,7.0,0.0,2.0,0.0,0.0,0.0,0.0,0.0,0.0,81.0,0.0,0.0,0.0,8.0,2.0,0.0,0.0,0.0,0.0,0.0,0.0,0.0,0.0,0.0,0.0,0.0,0.0,0.0,0.0,0.0,0.0,26.0,0.0,0.0,5.0,0.0,0.0,0.0,0.0,0.0,0.0,0.0,0.0,0.0,0.0,0.0
0.0,-0.0,0.0,0.0,0.0,0.0,-0.0,0.0,0.0,0.0,-0.0,-0.0,0.0,-0.0,-0.0,0.0,-0.0,0.0,0.0,-0.0,0.0,-0.0,0.0,0.0,0.0,-0.0,0.0,-0.0,0.0,0.0,-0.0,0.0,-0.0,0.0,-0.0,-0.0,0.0,0.0,0.0,0.0,0.0,0.0,-0.0,0.0,-0.0,0.0,-0.0,-0.0,0.0,-0.0,0.0,0.0,-0.0,0.0,0.0,0.0,-0.0,0.0,0.0,0.0,14.0,0.0,0.0,0.0,0.0,0.0,0.0,15.0,0.0,0.0,0.0,0.0,0.0,-0.0,0.0,-0.0,0.0,0.0,0.0,1285.0,0.0,1.0,55.0,0.0,0.0,0.0,0.0,0.0,0.0,-0.0,0.0,0.0,255.0,0.0,0.0,0.0,6.0,0.0,2.0,0.0,0.0,0.0,0.0,0.0,0.0,79.0,0.0,0.0,0.0,8.0,2.0,0.0,0.0,0.0,0.0,0.0,0.0,0.0,0.0,0.0,0.0,0.0,0.0,0.0,0.0,0.0,0.0,27.0,0.0,0.0,5.0,0.0,0.0,0.0,0.0,0.0,0.0,0.0,0.0,0.0,0.0,0.0
0.0,0.0,-0.0,-0.0,0.0,0.0,0.0,0.0,-0.0,0.0,0.0,0.0,0.0,0.0,0.0,0.0,0.0,0.0,0.0,0.0,0.0,0.0,0.0,0.0,-0.0,0.0,-0.0,0.0,0.0,-0.0,0.0,0.0,0.0,0.0,0.0,0.0,-0.0,-0.0,-0.0,0.0,0.0,0.0,0.0,-0.0,0.0,-0.0,0.0,0.0,0.0,0.0,0.0,0.0,-0.0,0.0,-0.0,-0.0,0.0,0.0,-0.0,0.0,13.0,0.0,0.0,0.0,0.0,0.0,0.0,14.0,0.0,0.0,0.0,0.0,-0.0,0.0,0.0,0.0,0.0,0.0,0.0,1292.0,0.0,1.0,54.0,0.0,0.0,0.0,0.0,0.0,0.0,0.0,0.0,0.0,248.0,0.0,0.0,0.0,5.0,0.0,1.0,0.0,0.0,0.0,0.0,0.0,0.0,77.0,0.0,0.0,0.0,8.0,2.0,0.0,0.0,0.0,0.0,0.0,0.0,0.0,0.0,0.0,0.0,0.0,0.0,0.0,0.0,0.0,0.0,27.0,0.0,0.0,5.0,0.0,0.0,0.0,0.0,0.0,0.0,0.0,0.0,0.0,0.0,0.0
0.0,-0.0,0.0,0.0,0.0,0.0,-0.0,0.0,0.0,0.0,-0.0,-0.0,0.0,-0.0,-0.0,0.0,-0.0,0.0,0.0,-0.0,0.0,-0.0,0.0,0.0,0.0,-0.0,0.0,-0.0,0.0,0.0,-0.0,0.0,-0.0,0.0,-0.0,-0.0,0.0,0.0,0.0,0.0,0.0,0.0,-0.0,0.0,-0.0,0.0,-0.0,-0.0,0.0,-0.0,0.0,0.0,-0.0,0.0,0.0,0.0,-0.0,0.0,0.0,0.0,12.0,0.0,0.0,0.0,0.0,0.0,0.0,12.0,0.0,0.0,0.0,0.0,0.0,-0.0,0.0,-0.0,0.0,0.0,0.0,1289.0,0.0,1.0,53.0,0.0,0.0,0.0,0.0,0.0,0.0,-0.0,0.0,0.0,238.0,0.0,0.0,0.0,4.0,0.0,1.0,0.0,0.0,0.0,0.0,0.0,0.0,75.0,0.0,0.0,0.0,8.0,2.0,0.0,0.0,0.0,0.0,0.0,0.0,0.0,0.0,0.0,0.0,0.0,0.0,0.0,0.0,0.0,0.0,27.0,0.0,0.0,5.0,0.0,0.0,0.0,0.0,0.0,0.0,0.0,0.0,0.0,0.0,0.0
0.0,0.0,-0.0,-0.0,0.0,0.0,0.0,0.0,-0.0,0.0,0.0,0.0,0.0,-0.0,0.0,0.0,0.0,0.0,0.0,0.0,0.0,0.0,0.0,0.0,-0.0,0.0,-0.0,0.0,0.0,-0.0,0.0,0.0,0.0,0.0,0.0,0.0,-0.0,-0.0,-0.0,0.0,0.0,0.0,0.0,-0.0,0.0,-0.0,0.0,0.0,0.0,0.0,0.0,0.0,-0.0,0.0,-0.0,-0.0,0.0,0.0,-0.0,0.0,11.0,0.0,0.0,0.0,0.0,0.0,0.0,11.0,0.0,0.0,0.0,0.0,-0.0,0.0,0.0,0.0,0.0,0.0,0.0,1279.0,0.0,1.0,52.0,0.0,0.0,0.0,0.0,0.0,0.0,0.0,0.0,0.0,228.0,0.0,0.0,0.0,3.0,0.0,1.0,0.0,0.0,0.0,0.0,0.0,0.0,72.0,0.0,0.0,0.0,7.0,2.0,0.0,0.0,0.0,0.0,0.0,0.0,0.0,0.0,0.0,0.0,0.0,0.0,0.0,0.0,0.0,0.0,27.0,0.0,0.0,5.0,0.0,0.0,0.0,0.0,0.0,0.0,0.0,0.0,0.0,0.0,0.0
0.0,-0.0,0.0,0.0,0.0,0.0,-0.0,0.0,0.0,0.0,-0.0,-0.0,0.0,-0.0,-0.0,0.0,-0.0,0.0,0.0,-0.0,0.0,-0.0,0.0,0.0,0.0,-0.0,0.0,-0.0,0.0,0.0,-0.0,0.0,-0.0,0.0,-0.0,-0.0,0.0,0.0,0.0,0.0,0.0,0.0,-0.0,0.0,-0.0,0.0,-0.0,-0.0,0.0,-0.0,0.0,0.0,-0.0,0.0,0.0,0.0,-0.0,0.0,0.0,0.0,10.0,0.0,0.0,0.0,0.0,0.0,0.0,10.0,0.0,0.0,0.0,0.0,0.0,-0.0,0.0,-0.0,0.0,0.0,0.0,1261.0,0.0,1.0,50.0,0.0,0.0,0.0,0.0,0.0,0.0,-0.0,0.0,0.0,217.0,0.0,0.0,0.0,3.0,0.0,1.0,0.0,0.0,0.0,0.0,0.0,0.0,69.0,0.0,0.0,0.0,7.0,2.0,0.0,0.0,0.0,0.0,0.0,0.0,0.0,0.0,0.0,0.0,0.0,0.0,0.0,0.0,0.0,0.0,27.0,0.0,0.0,5.0,0.0,0.0,0.0,0.0,0.0,0.0,0.0,0.0,0.0,0.0,0.0
0.0,0.0,-0.0,-0.0,0.0,0.0,0.0,0.0,-0.0,0.0,0.0,0.0,0.0,-0.0,0.0,0.0,0.0,0.0,0.0,0.0,0.0,0.0,0.0,0.0,-0.0,0.0,-0.0,0.0,0.0,-0.0,0.0,0.0,0.0,0.0,0.0,0.0,-0.0,-0.0,-0.0,0.0,0.0,0.0,0.0,-0.0,0.0,-0.0,0.0,0.0,0.0,0.0,0.0,0.0,-0.0,0.0,-0.0,-0.0,0.0,0.0,-0.0,0.0,9.0,0.0,0.0,0.0,0.0,0.0,0.0,9.0,0.0,0.0,0.0,0.0,-0.0,-0.0,0.0,0.0,0.0,0.0,0.0,1236.0,0.0,1.0,48.0,0.0,0.0,0.0,0.0,0.0,0.0,0.0,0.0,0.0,206.0,0.0,0.0,0.0,2.0,0.0,1.0,0.0,0.0,0.0,0.0,0.0,0.0,66.0,0.0,0.0,0.0,7.0,2.0,0.0,0.0,0.0,0.0,0.0,0.0,0.0,0.0,0.0,0.0,0.0,0.0,0.0,0.0,0.0,0.0,27.0,0.0,0.0,5.0,0.0,0.0,0.0,0.0,0.0,0.0,0.0,0.0,0.0,0.0,0.0
0.0,-0.0,0.0,0.0,0.0,0.0,-0.0,0.0,0.0,0.0,-0.0,-0.0,0.0,-0.0,-0.0,0.0,-0.0,0.0,0.0,-0.0,0.0,-0.0,0.0,0.0,0.0,-0.0,0.0,-0.0,0.0,0.0,-0.0,0.0,-0.0,0.0,-0.0,-0.0,0.0,0.0,0.0,0.0,0.0,0.0,-0.0,0.0,-0.0,0.0,-0.0,-0.0,0.0,-0.0,0.0,0.0,-0.0,0.0,0.0,0.0,-0.0,0.0,0.0,0.0,9.0,0.0,0.0,0.0,0.0,0.0,0.0,8.0,0.0,0.0,0.0,0.0,0.0,-0.0,0.0,-0.0,0.0,0.0,0.0,1205.0,0.0,1.0,46.0,0.0,0.0,0.0,0.0,0.0,0.0,0.0,0.0,0.0,194.0,0.0,0.0,0.0,2.0,0.0,1.0,0.0,0.0,0.0,0.0,0.0,0.0,63.0,0.0,0.0,0.0,7.0,2.0,0.0,0.0,0.0,0.0,0.0,0.0,0.0,0.0,0.0,0.0,0.0,0.0,0.0,0.0,0.0,0.0,26.0,0.0,0.0,5.0,0.0,0.0,0.0,0.0,0.0,0.0,0.0,0.0,0.0,0.0,0.0
0.0,0.0,-0.0,-0.0,0.0,0.0,0.0,0.0,-0.0,0.0,0.0,0.0,0.0,-0.0,-0.0,0.0,0.0,0.0,0.0,0.0,0.0,0.0,0.0,0.0,-0.0,0.0,-0.0,0.0,0.0,-0.0,0.0,0.0,0.0,0.0,0.0,0.0,-0.0,-0.0,-0.0,0.0,0.0,0.0,0.0,-0.0,0.0,-0.0,0.0,0.0,0.0,0.0,0.0,0.0,-0.0,0.0,-0.0,-0.0,0.0,0.0,-0.0,0.0,8.0,0.0,0.0,0.0,0.0,0.0,0.0,7.0,0.0,0.0,0.0,0.0,-0.0,-0.0,0.0,0.0,0.0,0.0,0.0,1169.0,0.0,1.0,44.0,0.0,0.0,0.0,0.0,0.0,0.0,0.0,0.0,0.0,183.0,0.0,0.0,0.0,2.0,0.0,1.0,0.0,0.0,0.0,0.0,0.0,0.0,59.0,0.0,0.0,0.0,7.0,1.0,0.0,0.0,0.0,0.0,0.0,0.0,0.0,0.0,0.0,0.0,0.0,0.0,0.0,0.0,0.0,0.0,26.0,0.0,0.0,5.0,0.0,0.0,0.0,0.0,0.0,0.0,0.0,0.0,0.0,0.0,0.0
0.0,-0.0,0.0,0.0,0.0,0.0,-0.0,0.0,0.0,0.0,-0.0,-0.0,0.0,-0.0,-0.0,0.0,-0.0,0.0,0.0,-0.0,0.0,-0.0,0.0,0.0,0.0,-0.0,-0.0,-0.0,0.0,0.0,-0.0,0.0,-0.0,0.0,-0.0,-0.0,0.0,0.0,0.0,0.0,0.0,0.0,-0.0,0.0,-0.0,0.0,-0.0,-0.0,0.0,-0.0,0.0,0.0,-0.0,0.0,0.0,0.0,-0.0,0.0,0.0,0.0,7.0,0.0,0.0,0.0,0.0,0.0,0.0,7.0,0.0,0.0,0.0,0.0,0.0,-0.0,0.0,-0.0,0.0,0.0,0.0,1128.0,0.0,1.0,42.0,0.0,0.0,0.0,0.0,0.0,0.0,0.0,0.0,0.0,171.0,0.0,0.0,0.0,1.0,0.0,0.0,0.0,0.0,0.0,0.0,0.0,0.0,56.0,0.0,0.0,0.0,6.0,1.0,0.0,0.0,0.0,0.0,0.0,0.0,0.0,0.0,0.0,0.0,0.0,0.0,0.0,0.0,0.0,0.0,25.0,0.0,0.0,5.0,0.0,0.0,0.0,0.0,0.0,0.0,0.0,0.0,0.0,0.0,0.0
0.0,0.0,-0.0,-0.0,0.0,0.0,0.0,0.0,-0.0,0.0,0.0,0.0,0.0,-0.0,-0.0,0.0,0.0,0.0,0.0,0.0,0.0,0.0,0.0,0.0,-0.0,0.0,-0.0,0.0,0.0,-0.0,0.0,0.0,0.0,0.0,0.0,0.0,-0.0,-0.0,-0.0,0.0,0.0,0.0,0.0,-0.0,0.0,-0.0,0.0,0.0,0.0,0.0,0.0,0.0,-0.0,0.0,-0.0,-0.0,0.0,0.0,-0.0,0.0,7.0,0.0,0.0,0.0,0.0,0.0,0.0,6.0,0.0,0.0,0.0,0.0,-0.0,-0.0,0.0,0.0,0.0,0.0,0.0,1060.0,0.0,1.0,39.0,0.0,0.0,0.0,0.0,0.0,0.0,0.0,0.0,0.0,157.0,0.0,0.0,0.0,1.0,0.0,0.0,0.0,0.0,0.0,0.0,0.0,0.0,52.0,0.0,0.0,0.0,6.0,1.0,0.0,0.0,0.0,0.0,0.0,0.0,0.0,0.0,0.0,0.0,0.0,0.0,0.0,0.0,0.0,0.0,24.0,0.0,0.0,5.0,0.0,0.0,0.0,0.0,0.0,0.0,0.0,0.0,0.0,0.0,0.0
0.0,-0.0,0.0,0.0,0.0,0.0,-0.0,0.0,0.0,0.0,-0.0,-0.0,0.0,-0.0,-0.0,0.0,-0.0,0.0,0.0,-0.0,0.0,-0.0,0.0,0.0,0.0,-0.0,-0.0,-0.0,0.0,0.0,-0.0,0.0,-0.0,0.0,-0.0,-0.0,0.0,0.0,0.0,0.0,0.0,0.0,-0.0,0.0,-0.0,0.0,-0.0,-0.0,0.0,-0.0,0.0,0.0,-0.0,0.0,0.0,0.0,-0.0,0.0,0.0,0.0,6.0,0.0,0.0,0.0,0.0,0.0,0.0,5.0,0.0,0.0,0.0,0.0,0.0,-0.0,0.0,-0.0,0.0,0.0,0.0,993.0,0.0,1.0,36.0,0.0,0.0,0.0,0.0,0.0,0.0,0.0,0.0,0.0,144.0,0.0,0.0,0.0,1.0,0.0,0.0,0.0,0.0,0.0,0.0,0.0,0.0,48.0,0.0,0.0,0.0,6.0,1.0,0.0,0.0,0.0,0.0,0.0,0.0,0.0,0.0,0.0,0.0,0.0,0.0,0.0,0.0,0.0,0.0,23.0,0.0,0.0,5.0,0.0,0.0,0.0,0.0,0.0,0.0,0.0,0.0,0.0,0.0,0.0
0.0,0.0,-0.0,0.0,0.0,0.0,-0.0,0.0,-0.0,0.0,0.0,0.0,0.0,-0.0,-0.0,0.0,0.0,0.0,0.0,0.0,0.0,0.0,0.0,0.0,-0.0,0.0,-0.0,0.0,0.0,-0.0,0.0,0.0,0.0,0.0,0.0,0.0,-0.0,-0.0,-0.0,0.0,0.0,0.0,0.0,-0.0,0.0,-0.0,0.0,0.0,0.0,0.0,0.0,0.0,-0.0,0.0,-0.0,-0.0,0.0,0.0,-0.0,0.0,6.0,0.0,0.0,0.0,0.0,0.0,0.0,5.0,0.0,0.0,0.0,0.0,0.0,-0.0,0.0,0.0,0.0,0.0,0.0,927.0,0.0,1.0,33.0,0.0,0.0,0.0,0.0,0.0,0.0,0.0,0.0,0.0,132.0,0.0,0.0,0.0,1.0,0.0,0.0,0.0,0.0,0.0,0.0,0.0,0.0,44.0,0.0,0.0,0.0,5.0,1.0,0.0,0.0,0.0,0.0,0.0,0.0,0.0,0.0,0.0,0.0,0.0,0.0,0.0,0.0,0.0,0.0,22.0,0.0,0.0,5.0,0.0,0.0,0.0,0.0,0.0,0.0,0.0,0.0,0.0,0.0,0.0
0.0,-0.0,0.0,0.0,0.0,0.0,-0.0,0.0,0.0,0.0,-0.0,-0.0,0.0,-0.0,-0.0,0.0,-0.0,0.0,0.0,-0.0,0.0,-0.0,0.0,0.0,0.0,-0.0,-0.0,-0.0,0.0,0.0,-0.0,0.0,-0.0,0.0,-0.0,-0.0,0.0,0.0,0.0,0.0,0.0,0.0,-0.0,0.0,-0.0,0.0,-0.0,-0.0,0.0,0.0,0.0,0.0,-0.0,0.0,0.0,-0.0,-0.0,0.0,0.0,0.0,5.0,0.0,0.0,0.0,0.0,0.0,0.0,5.0,0.0,0.0,0.0,0.0,0.0,-0.0,0.0,-0.0,0.0,0.0,0.0,864.0,0.0,1.0,31.0,0.0,0.0,0.0,0.0,0.0,0.0,0.0,0.0,0.0,130.0,0.0,0.0,0.0,1.0,0.0,0.0,0.0,0.0,0.0,0.0,0.0,0.0,41.0,0.0,0.0,0.0,5.0,1.0,0.0,0.0,0.0,0.0,0.0,0.0,0.0,0.0,0.0,0.0,0.0,0.0,0.0,0.0,0.0,0.0,20.0,0.0,0.0,5.0,0.0,0.0,0.0,0.0,0.0,0.0,0.0,0.0,0.0,0.0,0.0
0.0,0.0,-0.0,0.0,0.0,0.0,-0.0,0.0,-0.0,0.0,0.0,0.0,0.0,-0.0,-0.0,0.0,0.0,0.0,0.0,0.0,0.0,0.0,0.0,0.0,-0.0,0.0,-0.0,0.0,0.0,-0.0,0.0,0.0,0.0,0.0,0.0,0.0,-0.0,-0.0,-0.0,0.0,0.0,0.0,0.0,-0.0,0.0,-0.0,0.0,0.0,0.0,0.0,0.0,0.0,-0.0,0.0,-0.0,-0.0,0.0,0.0,-0.0,0.0,5.0,0.0,0.0,0.0,0.0,0.0,0.0,4.0,0.0,0.0,0.0,0.0,0.0,-0.0,0.0,0.0,0.0,0.0,0.0,803.0,0.0,1.0,28.0,0.0,0.0,0.0,0.0,0.0,0.0,0.0,0.0,0.0,130.0,0.0,0.0,0.0,0.0,0.0,0.0,0.0,0.0,0.0,0.0,0.0,0.0,38.0,0.0,0.0,0.0,5.0,1.0,0.0,0.0,0.0,0.0,0.0,0.0,0.0,0.0,0.0,0.0,0.0,0.0,0.0,0.0,0.0,0.0,19.0,0.0,0.0,5.0,0.0,0.0,0.0,0.0,0.0,0.0,0.0,0.0,0.0,0.0,0.0
0.0,-0.0,0.0,0.0,0.0,0.0,-0.0,0.0,0.0,0.0,-0.0,0.0,0.0,-0.0,-0.0,0.0,-0.0,0.0,0.0,-0.0,0.0,-0.0,0.0,0.0,0.0,-0.0,-0.0,0.0,0.0,0.0,-0.0,0.0,-0.0,0.0,-0.0,-0.0,0.0,0.0,0.0,0.0,0.0,0.0,-0.0,0.0,-0.0,0.0,-0.0,-0.0,0.0,0.0,0.0,0.0,-0.0,0.0,0.0,-0.0,-0.0,0.0,0.0,0.0,5.0,0.0,0.0,0.0,0.0,0.0,0.0,4.0,0.0,0.0,0.0,0.0,0.0,-0.0,0.0,-0.0,0.0,0.0,0.0,745.0,0.0,1.0,26.0,0.0,0.0,0.0,0.0,0.0,0.0,0.0,0.0,0.0,129.0,0.0,0.0,0.0,0.0,0.0,0.0,0.0,0.0,0.0,0.0,0.0,0.0,37.0,0.0,0.0,0.0,4.0,1.0,0.0,0.0,0.0,0.0,0.0,0.0,0.0,0.0,0.0,0.0,0.0,0.0,0.0,0.0,0.0,0.0,18.0,0.0,0.0,5.0,0.0,0.0,0.0,0.0,0.0,0.0,0.0,0.0,0.0,0.0,0.0
0.0,0.0,0.0,0.0,0.0,0.0,-0.0,0.0,-0.0,0.0,0.0,0.0,0.0,-0.0,-0.0,0.0,0.0,0.0,0.0,0.0,0.0,0.0,0.0,0.0,-0.0,0.0,-0.0,0.0,0.0,0.0,0.0,0.0,0.0,0.0,0.0,0.0,-0.0,-0.0,-0.0,0.0,0.0,0.0,0.0,-0.0,0.0,-0.0,0.0,0.0,0.0,0.0,0.0,0.0,-0.0,0.0,-0.0,-0.0,0.0,0.0,-0.0,0.0,4.0,0.0,0.0,0.0,0.0,0.0,0.0,4.0,0.0,0.0,0.0,0.0,0.0,-0.0,0.0,0.0,0.0,0.0,0.0,689.0,0.0,0.0,24.0,0.0,0.0,0.0,0.0,0.0,0.0,0.0,0.0,0.0,128.0,0.0,0.0,0.0,0.0,0.0,0.0,0.0,0.0,0.0,0.0,0.0,0.0,37.0,0.0,0.0,0.0,4.0,1.0,0.0,0.0,0.0,0.0,0.0,0.0,0.0,0.0,0.0,0.0,0.0,0.0,0.0,0.0,0.0,0.0,17.0,0.0,0.0,4.0,0.0,0.0,0.0,0.0,0.0,0.0,0.0,0.0,0.0,0.0,0.0
0.0,-0.0,0.0,0.0,0.0,0.0,-0.0,0.0,0.0,0.0,-0.0,0.0,0.0,-0.0,-0.0,0.0,-0.0,0.0,0.0,-0.0,0.0,-0.0,0.0,0.0,0.0,-0.0,-0.0,0.0,0.0,0.0,-0.0,0.0,-0.0,0.0,0.0,-0.0,0.0,0.0,0.0,0.0,0.0,0.0,-0.0,0.0,-0.0,0.0,0.0,-0.0,0.0,0.0,0.0,0.0,-0.0,0.0,0.0,-0.0,-0.0,0.0,0.0,0.0,4.0,0.0,0.0,0.0,0.0,0.0,0.0,3.0,0.0,0.0,0.0,0.0,0.0,-0.0,0.0,0.0,0.0,0.0,0.0,637.0,0.0,0.0,22.0,0.0,0.0,0.0,0.0,0.0,0.0,0.0,0.0,0.0,126.0,0.0,0.0,0.0,0.0,0.0,0.0,0.0,0.0,0.0,0.0,0.0,0.0,37.0,0.0,0.0,0.0,4.0,1.0,0.0,0.0,0.0,0.0,0.0,0.0,0.0,0.0,0.0,0.0,0.0,0.0,0.0,0.0,0.0,0.0,16.0,0.0,0.0,4.0,0.0,0.0,0.0,0.0,0.0,0.0,0.0,0.0,0.0,0.0,0.0
0.0,0.0,0.0,0.0,0.0,0.0,-0.0,0.0,-0.0,0.0,0.0,0.0,0.0,-0.0,-0.0,0.0,0.0,0.0,0.0,0.0,0.0,0.0,0.0,0.0,-0.0,0.0,-0.0,0.0,0.0,0.0,0.0,0.0,0.0,0.0,0.0,-0.0,-0.0,-0.0,-0.0,0.0,0.0,0.0,0.0,-0.0,0.0,-0.0,0.0,0.0,0.0,0.0,0.0,0.0,-0.0,0.0,-0.0,-0.0,-0.0,0.0,-0.0,0.0,4.0,0.0,0.0,0.0,0.0,0.0,0.0,3.0,0.0,0.0,0.0,0.0,0.0,-0.0,0.0,0.0,0.0,0.0,0.0,587.0,0.0,0.0,20.0,0.0,0.0,0.0,0.0,0.0,0.0,0.0,0.0,0.0,123.0,0.0,0.0,0.0,0.0,0.0,0.0,0.0,0.0,0.0,0.0,0.0,0.0,37.0,0.0,0.0,0.0,3.0,1.0,0.0,0.0,0.0,0.0,0.0,0.0,0.0,0.0,0.0,0.0,0.0,0.0,0.0,0.0,0.0,0.0,15.0,0.0,0.0,4.0,0.0,0.0,0.0,0.0,0.0,0.0,0.0,0.0,0.0,0.0,0.0
0.0,-0.0,0.0,0.0,0.0,0.0,-0.0,0.0,0.0,0.0,-0.0,0.0,0.0,-0.0,-0.0,0.0,-0.0,0.0,0.0,-0.0,0.0,-0.0,0.0,0.0,0.0,-0.0,-0.0,0.0,0.0,0.0,-0.0,0.0,-0.0,0.0,0.0,-0.0,-0.0,0.0,0.0,0.0,0.0,0.0,-0.0,0.0,-0.0,0.0,0.0,-0.0,0.0,0.0,0.0,0.0,-0.0,0.0,0.0,-0.0,-0.0,0.0,-0.0,0.0,3.0,0.0,0.0,0.0,0.0,0.0,0.0,3.0,0.0,0.0,0.0,0.0,0.0,-0.0,0.0,0.0,0.0,0.0,0.0,541.0,0.0,0.0,19.0,0.0,0.0,0.0,0.0,0.0,0.0,0.0,0.0,0.0,121.0,0.0,0.0,0.0,0.0,0.0,0.0,0.0,0.0,0.0,0.0,0.0,0.0,37.0,0.0,0.0,0.0,3.0,1.0,0.0,0.0,0.0,0.0,0.0,0.0,0.0,0.0,0.0,0.0,0.0,0.0,0.0,0.0,0.0,0.0,14.0,0.0,0.0,4.0,0.0,0.0,0.0,0.0,0.0,0.0,0.0,0.0,0.0,0.0,0.0
0.0,0.0,0.0,0.0,0.0,0.0,-0.0,0.0,-0.0,0.0,0.0,0.0,0.0,-0.0,-0.0,0.0,0.0,0.0,0.0,0.0,0.0,0.0,0.0,0.0,-0.0,0.0,-0.0,0.0,0.0,0.0,0.0,0.0,0.0,0.0,0.0,-0.0,-0.0,-0.0,-0.0,0.0,0.0,0.0,0.0,-0.0,0.0,-0.0,0.0,0.0,0.0,0.0,0.0,0.0,-0.0,0.0,0.0,-0.0,-0.0,0.0,-0.0,0.0,3.0,0.0,0.0,0.0,0.0,0.0,0.0,3.0,0.0,0.0,0.0,0.0,0.0,-0.0,0.0,0.0,0.0,0.0,0.0,497.0,0.0,0.0,17.0,0.0,0.0,0.0,0.0,0.0,0.0,0.0,0.0,0.0,118.0,0.0,0.0,0.0,0.0,0.0,0.0,0.0,0.0,0.0,0.0,0.0,0.0,37.0,0.0,0.0,0.0,3.0,1.0,0.0,0.0,0.0,0.0,0.0,0.0,0.0,0.0,0.0,0.0,0.0,0.0,0.0,0.0,0.0,0.0,13.0,0.0,0.0,4.0,0.0,0.0,0.0,0.0,0.0,0.0,0.0,0.0,0.0,0.0,0.0
0.0,-0.0,0.0,0.0,0.0,0.0,-0.0,0.0,0.0,0.0,-0.0,0.0,0.0,-0.0,-0.0,0.0,-0.0,0.0,0.0,-0.0,0.0,-0.0,0.0,0.0,0.0,-0.0,-0.0,0.0,0.0,0.0,-0.0,0.0,-0.0,0.0,0.0,-0.0,-0.0,0.0,0.0,0.0,0.0,0.0,-0.0,0.0,-0.0,0.0,0.0,-0.0,0.0,0.0,0.0,0.0,-0.0,0.0,0.0,-0.0,-0.0,0.0,-0.0,0.0,3.0,0.0,0.0,0.0,0.0,0.0,0.0,2.0,0.0,0.0,0.0,0.0,0.0,-0.0,0.0,0.0,0.0,0.0,0.0,456.0,0.0,0.0,16.0,0.0,0.0,0.0,0.0,0.0,0.0,0.0,0.0,0.0,115.0,0.0,0.0,0.0,0.0,0.0,0.0,0.0,0.0,0.0,0.0,0.0,0.0,37.0,0.0,0.0,0.0,3.0,1.0,0.0,0.0,0.0,0.0,0.0,0.0,0.0,0.0,0.0,0.0,0.0,0.0,0.0,0.0,0.0,0.0,12.0,0.0,0.0,4.0,0.0,0.0,0.0,0.0,0.0,0.0,0.0,0.0,0.0,0.0,0.0
0.0,-0.0,0.0,0.0,0.0,0.0,-0.0,0.0,-0.0,0.0,0.0,0.0,0.0,-0.0,-0.0,0.0,0.0,0.0,0.0,0.0,0.0,0.0,0.0,0.0,-0.0,0.0,-0.0,0.0,0.0,0.0,0.0,0.0,0.0,0.0,0.0,-0.0,-0.0,-0.0,-0.0,0.0,0.0,0.0,0.0,-0.0,0.0,-0.0,0.0,0.0,0.0,0.0,0.0,0.0,-0.0,0.0,0.0,-0.0,-0.0,0.0,-0.0,0.0,3.0,0.0,0.0,0.0,0.0,0.0,0.0,2.0,0.0,0.0,0.0,0.0,0.0,-0.0,0.0,0.0,0.0,0.0,0.0,419.0,0.0,0.0,16.0,0.0,0.0,0.0,0.0,0.0,0.0,0.0,0.0,0.0,112.0,0.0,0.0,0.0,0.0,0.0,0.0,0.0,0.0,0.0,0.0,0.0,0.0,37.0,0.0,0.0,0.0,2.0,1.0,0.0,0.0,0.0,0.0,0.0,0.0,0.0,0.0,0.0,0.0,0.0,0.0,0.0,0.0,0.0,0.0,11.0,0.0,0.0,4.0,0.0,0.0,0.0,0.0,0.0,0.0,0.0,0.0,0.0,0.0,0.0
0.0,-0.0,0.0,0.0,0.0,0.0,-0.0,0.0,0.0,0.0,-0.0,0.0,0.0,-0.0,-0.0,0.0,-0.0,0.0,0.0,-0.0,0.0,-0.0,0.0,0.0,0.0,-0.0,-0.0,0.0,0.0,0.0,-0.0,0.0,-0.0,0.0,0.0,-0.0,-0.0,0.0,0.0,0.0,0.0,0.0,-0.0,0.0,-0.0,0.0,0.0,-0.0,0.0,0.0,0.0,0.0,-0.0,0.0,0.0,-0.0,-0.0,0.0,-0.0,0.0,3.0,0.0,0.0,0.0,0.0,0.0,0.0,2.0,0.0,0.0,0.0,0.0,0.0,-0.0,0.0,0.0,0.0,0.0,0.0,384.0,0.0,0.0,16.0,0.0,0.0,0.0,0.0,0.0,0.0,0.0,0.0,0.0,109.0,0.0,0.0,0.0,0.0,0.0,0.0,0.0,0.0,0.0,0.0,0.0,0.0,37.0,0.0,0.0,0.0,2.0,1.0,0.0,0.0,0.0,0.0,0.0,0.0,0.0,0.0,0.0,0.0,0.0,0.0,0.0,0.0,0.0,0.0,10.0,0.0,0.0,4.0,0.0,0.0,0.0,0.0,0.0,0.0,0.0,0.0,0.0,0.0,0.0
0.0,-0.0,0.0,0.0,0.0,0.0,-0.0,0.0,-0.0,0.0,0.0,0.0,0.0,-0.0,-0.0,0.0,0.0,0.0,0.0,0.0,0.0,0.0,0.0,0.0,-0.0,0.0,-0.0,0.0,0.0,0.0,0.0,0.0,0.0,0.0,0.0,-0.0,-0.0,-0.0,-0.0,0.0,0.0,0.0,0.0,-0.0,0.0,-0.0,0.0,0.0,0.0,0.0,0.0,0.0,-0.0,0.0,0.0,-0.0,-0.0,0.0,-0.0,0.0,2.0,0.0,0.0,0.0,0.0,0.0,0.0,2.0,0.0,0.0,0.0,0.0,0.0,-0.0,0.0,0.0,0.0,0.0,0.0,351.0,0.0,0.0,16.0,0.0,0.0,0.0,0.0,0.0,0.0,0.0,0.0,0.0,106.0,0.0,0.0,0.0,0.0,0.0,0.0,0.0,0.0,0.0,0.0,0.0,0.0,37.0,0.0,0.0,0.0,2.0,1.0,0.0,0.0,0.0,0.0,0.0,0.0,0.0,0.0,0.0,0.0,0.0,0.0,0.0,0.0,0.0,0.0,9.0,0.0,0.0,4.0,0.0,0.0,0.0,0.0,0.0,0.0,0.0,0.0,0.0,0.0,0.0
0.0,-0.0,0.0,0.0,0.0,0.0,-0.0,0.0,0.0,0.0,-0.0,0.0,0.0,-0.0,-0.0,0.0,-0.0,0.0,0.0,-0.0,0.0,-0.0,0.0,0.0,0.0,-0.0,-0.0,0.0,0.0,0.0,-0.0,0.0,-0.0,0.0,0.0,-0.0,-0.0,0.0,0.0,0.0,0.0,0.0,-0.0,0.0,-0.0,0.0,0.0,-0.0,0.0,0.0,0.0,0.0,-0.0,0.0,0.0,-0.0,-0.0,0.0,-0.0,0.0,2.0,0.0,0.0,0.0,0.0,0.0,0.0,2.0,0.0,0.0,0.0,0.0,0.0,-0.0,0.0,0.0,0.0,0.0,0.0,321.0,0.0,0.0,16.0,0.0,0.0,0.0,0.0,0.0,0.0,0.0,0.0,0.0,102.0,0.0,0.0,0.0,0.0,0.0,0.0,0.0,0.0,0.0,0.0,0.0,0.0,36.0,0.0,0.0,0.0,2.0,1.0,0.0,0.0,0.0,0.0,0.0,0.0,0.0,0.0,0.0,0.0,0.0,0.0,0.0,0.0,0.0,0.0,9.0,0.0,0.0,4.0,0.0,0.0,0.0,0.0,0.0,0.0,0.0,0.0,0.0,0.0,0.0
0.0,-0.0,0.0,0.0,0.0,0.0,-0.0,0.0,-0.0,0.0,0.0,0.0,0.0,-0.0,-0.0,0.0,0.0,0.0,0.0,0.0,0.0,0.0,0.0,0.0,-0.0,0.0,-0.0,0.0,0.0,0.0,0.0,0.0,0.0,0.0,0.0,-0.0,-0.0,-0.0,-0.0,0.0,0.0,0.0,0.0,-0.0,0.0,-0.0,0.0,0.0,0.0,0.0,0.0,0.0,-0.0,0.0,0.0,-0.0,-0.0,0.0,-0.0,0.0,2.0,0.0,0.0,0.0,0.0,0.0,0.0,2.0,0.0,0.0,0.0,0.0,0.0,-0.0,0.0,0.0,0.0,0.0,0.0,294.0,0.0,0.0,16.0,0.0,0.0,0.0,0.0,0.0,0.0,0.0,0.0,0.0,99.0,0.0,0.0,0.0,0.0,0.0,0.0,0.0,0.0,0.0,0.0,0.0,0.0,36.0,0.0,0.0,0.0,2.0,1.0,0.0,0.0,0.0,0.0,0.0,0.0,0.0,0.0,0.0,0.0,0.0,0.0,0.0,0.0,0.0,0.0,8.0,0.0,0.0,4.0,0.0,0.0,0.0,0.0,0.0,0.0,0.0,0.0,0.0,0.0,0.0
0.0,-0.0,0.0,0.0,0.0,0.0,-0.0,0.0,0.0,0.0,-0.0,0.0,0.0,-0.0,-0.0,0.0,-0.0,0.0,0.0,-0.0,0.0,-0.0,0.0,0.0,0.0,-0.0,-0.0,0.0,0.0,0.0,-0.0,0.0,-0.0,0.0,0.0,-0.0,-0.0,0.0,-0.0,0.0,0.0,0.0,-0.0,0.0,-0.0,0.0,0.0,-0.0,0.0,0.0,0.0,0.0,-0.0,0.0,0.0,-0.0,-0.0,0.0,-0.0,0.0,2.0,0.0,0.0,0.0,0.0,0.0,0.0,2.0,0.0,0.0,0.0,0.0,0.0,-0.0,0.0,0.0,0.0,0.0,0.0,269.0,0.0,0.0,16.0,0.0,0.0,0.0,0.0,0.0,0.0,0.0,0.0,0.0,96.0,0.0,0.0,0.0,0.0,0.0,0.0,0.0,0.0,0.0,0.0,0.0,0.0,36.0,0.0,0.0,0.0,2.0,1.0,0.0,0.0,0.0,0.0,0.0,0.0,0.0,0.0,0.0,0.0,0.0,0.0,0.0,0.0,0.0,0.0,7.0,0.0,0.0,4.0,0.0,0.0,0.0,0.0,0.0,0.0,0.0,0.0,0.0,0.0,0.0
0.0,-0.0,0.0,0.0,0.0,0.0,-0.0,0.0,-0.0,0.0,0.0,0.0,0.0,-0.0,-0.0,0.0,0.0,0.0,0.0,0.0,0.0,0.0,0.0,0.0,-0.0,0.0,-0.0,0.0,0.0,0.0,0.0,0.0,0.0,0.0,0.0,-0.0,-0.0,-0.0,-0.0,0.0,0.0,0.0,0.0,-0.0,0.0,-0.0,0.0,-0.0,0.0,0.0,0.0,0.0,-0.0,0.0,0.0,-0.0,-0.0,0.0,-0.0,0.0,2.0,0.0,0.0,0.0,0.0,0.0,0.0,2.0,0.0,0.0,0.0,0.0,0.0,-0.0,0.0,0.0,0.0,0.0,0.0,246.0,0.0,0.0,16.0,0.0,0.0,0.0,0.0,0.0,0.0,0.0,0.0,0.0,92.0,0.0,0.0,0.0,0.0,0.0,0.0,0.0,0.0,0.0,0.0,0.0,0.0,36.0,0.0,0.0,0.0,2.0,1.0,0.0,0.0,0.0,0.0,0.0,0.0,0.0,0.0,0.0,0.0,0.0,0.0,0.0,0.0,0.0,0.0,7.0,0.0,0.0,4.0,0.0,0.0,0.0,0.0,0.0,0.0,0.0,0.0,0.0,0.0,0.0
0.0,-0.0,0.0,0.0,0.0,0.0,-0.0,0.0,-0.0,0.0,-0.0,0.0,0.0,-0.0,-0.0,0.0,-0.0,0.0,0.0,-0.0,0.0,-0.0,0.0,0.0,0.0,-0.0,-0.0,0.0,0.0,0.0,-0.0,0.0,-0.0,0.0,0.0,-0.0,-0.0,0.0,-0.0,0.0,0.0,0.0,-0.0,0.0,-0.0,0.0,0.0,-0.0,0.0,0.0,0.0,0.0,-0.0,0.0,0.0,-0.0,-0.0,0.0,-0.0,0.0,2.0,0.0,0.0,0.0,0.0,0.0,0.0,1.0,0.0,0.0,0.0,0.0,0.0,-0.0,0.0,0.0,0.0,0.0,0.0,228.0,0.0,0.0,16.0,0.0,0.0,0.0,0.0,0.0,0.0,0.0,0.0,0.0,89.0,0.0,0.0,0.0,0.0,0.0,0.0,0.0,0.0,0.0,0.0,0.0,0.0,35.0,0.0,0.0,0.0,2.0,1.0,0.0,0.0,0.0,0.0,0.0,0.0,0.0,0.0,0.0,0.0,0.0,0.0,0.0,0.0,0.0,0.0,6.0,0.0,0.0,3.0,0.0,0.0,0.0,0.0,0.0,0.0,0.0,0.0,0.0,0.0,0.0
0.0,-0.0,0.0,0.0,0.0,0.0,-0.0,0.0,-0.0,0.0,0.0,0.0,0.0,-0.0,-0.0,0.0,0.0,0.0,0.0,0.0,0.0,0.0,0.0,0.0,-0.0,0.0,-0.0,0.0,0.0,0.0,0.0,0.0,0.0,0.0,0.0,-0.0,-0.0,-0.0,-0.0,0.0,0.0,0.0,0.0,-0.0,0.0,-0.0,0.0,-0.0,0.0,0.0,0.0,0.0,-0.0,0.0,0.0,-0.0,-0.0,0.0,-0.0,0.0,2.0,0.0,0.0,0.0,0.0,0.0,0.0,1.0,0.0,0.0,0.0,0.0,0.0,-0.0,0.0,0.0,0.0,0.0,0.0,226.0,0.0,0.0,15.0,0.0,0.0,0.0,0.0,0.0,0.0,0.0,0.0,0.0,86.0,0.0,0.0,0.0,0.0,0.0,0.0,0.0,0.0,0.0,0.0,0.0,0.0,35.0,0.0,0.0,0.0,2.0,1.0,0.0,0.0,0.0,0.0,0.0,0.0,0.0,0.0,0.0,0.0,0.0,0.0,0.0,0.0,0.0,0.0,6.0,0.0,0.0,3.0,0.0,0.0,0.0,0.0,0.0,0.0,0.0,0.0,0.0,0.0,0.0
0.0,-0.0,0.0,0.0,0.0,0.0,-0.0,0.0,-0.0,0.0,-0.0,0.0,0.0,-0.0,-0.0,0.0,-0.0,0.0,0.0,-0.0,0.0,-0.0,0.0,0.0,0.0,-0.0,-0.0,0.0,0.0,0.0,-0.0,0.0,0.0,0.0,0.0,-0.0,-0.0,0.0,-0.0,0.0,0.0,0.0,-0.0,0.0,-0.0,0.0,0.0,-0.0,0.0,0.0,0.0,0.0,-0.0,0.0,0.0,-0.0,-0.0,0.0,-0.0,0.0,2.0,0.0,0.0,0.0,0.0,0.0,0.0,1.0,0.0,0.0,0.0,0.0,0.0,-0.0,0.0,0.0,0.0,0.0,0.0,224.0,0.0,0.0,15.0,0.0,0.0,0.0,0.0,0.0,0.0,0.0,0.0,0.0,83.0,0.0,0.0,0.0,0.0,0.0,0.0,0.0,0.0,0.0,0.0,0.0,0.0,35.0,0.0,0.0,0.0,2.0,1.0,0.0,0.0,0.0,0.0,0.0,0.0,0.0,0.0,0.0,0.0,0.0,0.0,0.0,0.0,0.0,0.0,5.0,0.0,0.0,3.0,0.0,0.0,0.0,0.0,0.0,0.0,0.0,0.0,0.0,0.0,0.0
0.0,-0.0,0.0,0.0,0.0,0.0,-0.0,0.0,-0.0,0.0,0.0,0.0,0.0,-0.0,-0.0,0.0,0.0,0.0,0.0,0.0,0.0,0.0,0.0,0.0,-0.0,0.0,-0.0,0.0,0.0,0.0,0.0,0.0,0.0,0.0,0.0,-0.0,-0.0,-0.0,-0.0,0.0,0.0,0.0,0.0,-0.0,0.0,-0.0,0.0,-0.0,0.0,0.0,0.0,0.0,-0.0,0.0,0.0,-0.0,-0.0,0.0,-0.0,0.0,1.0,0.0,0.0,0.0,0.0,0.0,0.0,1.0,0.0,0.0,0.0,0.0,0.0,-0.0,0.0,0.0,0.0,0.0,0.0,220.0,0.0,0.0,15.0,0.0,0.0,0.0,0.0,0.0,0.0,0.0,0.0,0.0,80.0,0.0,0.0,0.0,0.0,0.0,0.0,0.0,0.0,0.0,0.0,0.0,0.0,34.0,0.0,0.0,0.0,2.0,1.0,0.0,0.0,0.0,0.0,0.0,0.0,0.0,0.0,0.0,0.0,0.0,0.0,0.0,0.0,0.0,0.0,5.0,0.0,0.0,3.0,0.0,0.0,0.0,0.0,0.0,0.0,0.0,0.0,0.0,0.0,0.0
0.0,-0.0,0.0,0.0,0.0,0.0,-0.0,0.0,-0.0,0.0,-0.0,0.0,0.0,-0.0,-0.0,0.0,-0.0,0.0,0.0,-0.0,0.0,-0.0,0.0,0.0,0.0,-0.0,-0.0,0.0,0.0,0.0,-0.0,0.0,0.0,0.0,0.0,-0.0,-0.0,0.0,-0.0,0.0,0.0,0.0,-0.0,0.0,-0.0,-0.0,0.0,-0.0,0.0,0.0,0.0,0.0,-0.0,0.0,0.0,-0.0,-0.0,0.0,-0.0,0.0,1.0,0.0,0.0,0.0,0.0,0.0,0.0,1.0,0.0,0.0,0.0,0.0,0.0,-0.0,0.0,0.0,0.0,0.0,0.0,214.0,0.0,0.0,15.0,0.0,0.0,0.0,0.0,0.0,0.0,0.0,0.0,0.0,77.0,0.0,0.0,0.0,0.0,0.0,0.0,0.0,0.0,0.0,0.0,0.0,0.0,34.0,0.0,0.0,0.0,2.0,1.0,0.0,0.0,0.0,0.0,0.0,0.0,0.0,0.0,0.0,0.0,0.0,0.0,0.0,0.0,0.0,0.0,5.0,0.0,0.0,3.0,0.0,0.0,0.0,0.0,0.0,0.0,0.0,0.0,0.0,0.0,0.0
0.0,-0.0,0.0,0.0,0.0,0.0,-0.0,0.0,-0.0,0.0,0.0,0.0,0.0,-0.0,-0.0,0.0,0.0,0.0,0.0,0.0,0.0,0.0,0.0,0.0,-0.0,0.0,-0.0,0.0,0.0,0.0,0.0,0.0,0.0,0.0,0.0,-0.0,-0.0,-0.0,-0.0,0.0,0.0,0.0,0.0,-0.0,0.0,-0.0,0.0,-0.0,0.0,0.0,0.0,0.0,-0.0,0.0,0.0,-0.0,-0.0,0.0,-0.0,0.0,1.0,0.0,0.0,0.0,0.0,0.0,0.0,1.0,0.0,0.0,0.0,0.0,0.0,-0.0,0.0,0.0,0.0,0.0,0.0,207.0,0.0,0.0,15.0,0.0,0.0,0.0,0.0,0.0,0.0,0.0,0.0,0.0,74.0,0.0,0.0,0.0,0.0,0.0,0.0,0.0,0.0,0.0,0.0,0.0,0.0,34.0,0.0,0.0,0.0,2.0,1.0,0.0,0.0,0.0,0.0,0.0,0.0,0.0,0.0,0.0,0.0,0.0,0.0,0.0,0.0,0.0,0.0,5.0,0.0,0.0,3.0,0.0,0.0,0.0,0.0,0.0,0.0,0.0,0.0,0.0,0.0,0.0
0.0,-0.0,0.0,0.0,0.0,0.0,-0.0,0.0,-0.0,0.0,-0.0,0.0,0.0,-0.0,-0.0,0.0,-0.0,0.0,0.0,-0.0,0.0,-0.0,0.0,0.0,0.0,-0.0,-0.0,0.0,0.0,0.0,-0.0,0.0,0.0,0.0,0.0,-0.0,-0.0,0.0,-0.0,0.0,0.0,0.0,-0.0,0.0,-0.0,-0.0,0.0,-0.0,0.0,0.0,0.0,0.0,-0.0,0.0,0.0,-0.0,-0.0,0.0,-0.0,0.0,1.0,0.0,0.0,0.0,0.0,0.0,0.0,1.0,0.0,0.0,0.0,0.0,0.0,-0.0,0.0,0.0,0.0,0.0,0.0,200.0,0.0,0.0,14.0,0.0,0.0,0.0,0.0,0.0,0.0,0.0,0.0,0.0,71.0,0.0,0.0,0.0,0.0,0.0,0.0,0.0,0.0,0.0,0.0,0.0,0.0,34.0,0.0,0.0,0.0,2.0,1.0,0.0,0.0,0.0,0.0,0.0,0.0,0.0,0.0,0.0,0.0,0.0,0.0,0.0,0.0,0.0,0.0,5.0,0.0,0.0,3.0,0.0,0.0,0.0,0.0,0.0,0.0,0.0,0.0,0.0,0.0,0.0
0.0,-0.0,0.0,0.0,0.0,0.0,-0.0,0.0,-0.0,0.0,0.0,0.0,0.0,-0.0,-0.0,0.0,0.0,0.0,0.0,0.0,0.0,0.0,0.0,0.0,-0.0,0.0,-0.0,0.0,0.0,0.0,0.0,0.0,0.0,0.0,0.0,-0.0,-0.0,-0.0,-0.0,0.0,0.0,0.0,0.0,-0.0,0.0,-0.0,0.0,-0.0,0.0,0.0,0.0,0.0,-0.0,0.0,0.0,-0.0,-0.0,0.0,-0.0,0.0,1.0,0.0,0.0,0.0,0.0,0.0,0.0,1.0,0.0,0.0,0.0,0.0,0.0,-0.0,0.0,0.0,0.0,0.0,0.0,191.0,0.0,0.0,14.0,0.0,0.0,0.0,0.0,0.0,0.0,0.0,0.0,0.0,69.0,0.0,0.0,0.0,0.0,0.0,0.0,0.0,0.0,0.0,0.0,0.0,0.0,33.0,0.0,0.0,0.0,2.0,1.0,0.0,0.0,0.0,0.0,0.0,0.0,0.0,0.0,0.0,0.0,0.0,0.0,0.0,0.0,0.0,0.0,5.0,0.0,0.0,3.0,0.0,0.0,0.0,0.0,0.0,0.0,0.0,0.0,0.0,0.0,0.0
0.0,-0.0,0.0,0.0,0.0,0.0,-0.0,0.0,-0.0,0.0,-0.0,0.0,0.0,-0.0,-0.0,0.0,-0.0,0.0,0.0,-0.0,0.0,-0.0,0.0,0.0,0.0,-0.0,-0.0,0.0,0.0,0.0,-0.0,0.0,0.0,0.0,0.0,-0.0,-0.0,0.0,-0.0,0.0,0.0,0.0,-0.0,0.0,-0.0,-0.0,0.0,-0.0,0.0,0.0,0.0,0.0,-0.0,0.0,0.0,-0.0,-0.0,0.0,-0.0,0.0,1.0,0.0,0.0,0.0,0.0,0.0,0.0,1.0,0.0,0.0,0.0,0.0,0.0,-0.0,0.0,0.0,0.0,0.0,0.0,182.0,0.0,0.0,14.0,0.0,0.0,0.0,0.0,0.0,0.0,0.0,0.0,0.0,66.0,0.0,0.0,0.0,0.0,0.0,0.0,0.0,0.0,0.0,0.0,0.0,0.0,33.0,0.0,0.0,0.0,2.0,1.0,0.0,0.0,0.0,0.0,0.0,0.0,0.0,0.0,0.0,0.0,0.0,0.0,0.0,0.0,0.0,0.0,5.0,0.0,0.0,3.0,0.0,0.0,0.0,0.0,0.0,0.0,0.0,0.0,0.0,0.0,0.0
0.0,-0.0,0.0,0.0,0.0,0.0,-0.0,0.0,-0.0,0.0,0.0,0.0,0.0,-0.0,-0.0,0.0,0.0,0.0,0.0,0.0,0.0,0.0,0.0,0.0,0.0,0.0,-0.0,0.0,0.0,0.0,0.0,0.0,0.0,0.0,0.0,-0.0,-0.0,-0.0,-0.0,0.0,0.0,0.0,0.0,-0.0,0.0,-0.0,0.0,-0.0,0.0,0.0,0.0,0.0,-0.0,0.0,0.0,-0.0,-0.0,0.0,-0.0,0.0,1.0,0.0,0.0,0.0,0.0,0.0,0.0,1.0,0.0,0.0,0.0,0.0,0.0,-0.0,0.0,0.0,0.0,0.0,0.0,172.0,0.0,0.0,14.0,0.0,0.0,0.0,0.0,0.0,0.0,0.0,0.0,0.0,63.0,0.0,0.0,0.0,0.0,0.0,0.0,0.0,0.0,0.0,0.0,0.0,0.0,33.0,0.0,0.0,0.0,2.0,1.0,0.0,0.0,0.0,0.0,0.0,0.0,0.0,0.0,0.0,0.0,0.0,0.0,0.0,0.0,0.0,0.0,5.0,0.0,0.0,3.0,0.0,0.0,0.0,0.0,0.0,0.0,0.0,0.0,0.0,0.0,0.0
0.0,-0.0,0.0,0.0,0.0,0.0,-0.0,0.0,-0.0,0.0,-0.0,0.0,0.0,-0.0,-0.0,0.0,-0.0,0.0,0.0,-0.0,0.0,-0.0,0.0,0.0,0.0,-0.0,-0.0,0.0,0.0,0.0,-0.0,0.0,0.0,0.0,0.0,-0.0,-0.0,0.0,-0.0,0.0,0.0,0.0,-0.0,0.0,-0.0,-0.0,0.0,-0.0,0.0,0.0,0.0,0.0,-0.0,0.0,0.0,-0.0,-0.0,0.0,-0.0,0.0,1.0,0.0,0.0,0.0,0.0,0.0,0.0,1.0,0.0,0.0,0.0,0.0,0.0,-0.0,0.0,0.0,0.0,0.0,0.0,162.0,0.0,0.0,14.0,0.0,0.0,0.0,0.0,0.0,0.0,0.0,0.0,0.0,61.0,0.0,0.0,0.0,0.0,0.0,0.0,0.0,0.0,0.0,0.0,0.0,0.0,32.0,0.0,0.0,0.0,2.0,1.0,0.0,0.0,0.0,0.0,0.0,0.0,0.0,0.0,0.0,0.0,0.0,0.0,0.0,0.0,0.0,0.0,5.0,0.0,0.0,3.0,0.0,0.0,0.0,0.0,0.0,0.0,0.0,0.0,0.0,0.0,0.0
0.0,-0.0,0.0,0.0,0.0,0.0,-0.0,0.0,-0.0,0.0,0.0,0.0,0.0,-0.0,-0.0,0.0,0.0,0.0,0.0,0.0,0.0,-0.0,0.0,0.0,0.0,0.0,-0.0,0.0,0.0,0.0,0.0,0.0,0.0,0.0,0.0,-0.0,-0.0,-0.0,-0.0,0.0,0.0,0.0,0.0,-0.0,0.0,-0.0,0.0,-0.0,0.0,0.0,0.0,0.0,-0.0,0.0,0.0,-0.0,-0.0,0.0,-0.0,0.0,1.0,0.0,0.0,0.0,0.0,0.0,0.0,1.0,0.0,0.0,0.0,0.0,0.0,-0.0,0.0,0.0,0.0,0.0,0.0,152.0,0.0,0.0,13.0,0.0,0.0,0.0,0.0,0.0,0.0,0.0,0.0,0.0,58.0,0.0,0.0,0.0,0.0,0.0,0.0,0.0,0.0,0.0,0.0,0.0,0.0,32.0,0.0,0.0,0.0,2.0,1.0,0.0,0.0,0.0,0.0,0.0,0.0,0.0,0.0,0.0,0.0,0.0,0.0,0.0,0.0,0.0,0.0,5.0,0.0,0.0,3.0,0.0,0.0,0.0,0.0,0.0,0.0,0.0,0.0,0.0,0.0,0.0
0.0,-0.0,0.0,0.0,0.0,0.0,-0.0,0.0,-0.0,0.0,-0.0,0.0,0.0,-0.0,-0.0,0.0,-0.0,0.0,0.0,0.0,0.0,-0.0,0.0,0.0,0.0,-0.0,-0.0,0.0,0.0,0.0,-0.0,0.0,0.0,0.0,0.0,-0.0,-0.0,0.0,-0.0,0.0,0.0,0.0,-0.0,0.0,-0.0,-0.0,0.0,-0.0,0.0,0.0,0.0,0.0,-0.0,0.0,0.0,-0.0,-0.0,0.0,-0.0,0.0,1.0,0.0,0.0,0.0,0.0,0.0,0.0,1.0,0.0,0.0,0.0,0.0,0.0,-0.0,0.0,0.0,0.0,0.0,0.0,142.0,0.0,0.0,13.0,0.0,0.0,0.0,0.0,0.0,0.0,0.0,0.0,0.0,56.0,0.0,0.0,0.0,0.0,0.0,0.0,0.0,0.0,0.0,0.0,0.0,0.0,32.0,0.0,0.0,0.0,2.0,1.0,0.0,0.0,0.0,0.0,0.0,0.0,0.0,0.0,0.0,0.0,0.0,0.0,0.0,0.0,0.0,0.0,5.0,0.0,0.0,3.0,0.0,0.0,0.0,0.0,0.0,0.0,0.0,0.0,0.0,0.0,0.0
0.0,-0.0,0.0,0.0,0.0,0.0,-0.0,0.0,-0.0,0.0,0.0,0.0,0.0,-0.0,-0.0,0.0,0.0,0.0,0.0,0.0,0.0,-0.0,0.0,0.0,0.0,0.0,-0.0,0.0,0.0,0.0,0.0,0.0,0.0,0.0,0.0,-0.0,-0.0,-0.0,-0.0,0.0,0.0,0.0,0.0,-0.0,0.0,-0.0,0.0,-0.0,0.0,0.0,0.0,0.0,-0.0,0.0,0.0,-0.0,-0.0,0.0,-0.0,0.0,1.0,0.0,0.0,0.0,0.0,0.0,0.0,1.0,0.0,0.0,0.0,0.0,0.0,-0.0,0.0,0.0,0.0,0.0,0.0,132.0,0.0,0.0,13.0,0.0,0.0,0.0,0.0,0.0,0.0,0.0,0.0,0.0,54.0,0.0,0.0,0.0,0.0,0.0,0.0,0.0,0.0,0.0,0.0,0.0,0.0,31.0,0.0,0.0,0.0,2.0,1.0,0.0,0.0,0.0,0.0,0.0,0.0,0.0,0.0,0.0,0.0,0.0,0.0,0.0,0.0,0.0,0.0,5.0,0.0,0.0,3.0,0.0,0.0,0.0,0.0,0.0,0.0,0.0,0.0,0.0,0.0,0.0
0.0,-0.0,0.0,0.0,0.0,0.0,-0.0,0.0,-0.0,0.0,-0.0,0.0,0.0,-0.0,-0.0,0.0,-0.0,0.0,0.0,0.0,0.0,-0.0,0.0,0.0,0.0,-0.0,-0.0,0.0,0.0,0.0,-0.0,0.0,0.0,0.0,0.0,-0.0,-0.0,0.0,-0.0,0.0,0.0,0.0,-0.0,0.0,0.0,-0.0,0.0,-0.0,0.0,0.0,0.0,0.0,-0.0,0.0,0.0,-0.0,-0.0,0.0,-0.0,0.0,1.0,0.0,0.0,0.0,0.0,0.0,0.0,1.0,0.0,0.0,0.0,0.0,0.0,-0.0,0.0,0.0,0.0,0.0,0.0,122.0,0.0,0.0,12.0,0.0,0.0,0.0,0.0,0.0,0.0,0.0,0.0,0.0,52.0,0.0,0.0,0.0,0.0,0.0,0.0,0.0,0.0,0.0,0.0,0.0,0.0,31.0,0.0,0.0,0.0,2.0,1.0,0.0,0.0,0.0,0.0,0.0,0.0,0.0,0.0,0.0,0.0,0.0,0.0,0.0,0.0,0.0,0.0,5.0,0.0,0.0,3.0,0.0,0.0,0.0,0.0,0.0,0.0,0.0,0.0,0.0,0.0,0.0
0.0,-0.0,0.0,0.0,0.0,0.0,-0.0,0.0,-0.0,0.0,0.0,0.0,0.0,-0.0,-0.0,0.0,0.0,0.0,0.0,0.0,0.0,-0.0,0.0,0.0,0.0,0.0,-0.0,0.0,0.0,0.0,-0.0,0.0,0.0,0.0,0.0,-0.0,-0.0,-0.0,-0.0,0.0,0.0,0.0,0.0,-0.0,0.0,-0.0,0.0,-0.0,0.0,0.0,0.0,0.0,-0.0,0.0,0.0,-0.0,-0.0,0.0,-0.0,0.0,1.0,0.0,0.0,0.0,0.0,0.0,0.0,1.0,0.0,0.0,0.0,0.0,0.0,-0.0,0.0,0.0,0.0,0.0,0.0,113.0,0.0,0.0,12.0,0.0,0.0,0.0,0.0,0.0,0.0,0.0,0.0,0.0,49.0,0.0,0.0,0.0,0.0,0.0,0.0,0.0,0.0,0.0,0.0,0.0,0.0,31.0,0.0,0.0,0.0,2.0,1.0,0.0,0.0,0.0,0.0,0.0,0.0,0.0,0.0,0.0,0.0,0.0,0.0,0.0,0.0,0.0,0.0,5.0,0.0,0.0,2.0,0.0,0.0,0.0,0.0,0.0,0.0,0.0,0.0,0.0,0.0,0.0
0.0,-0.0,0.0,0.0,0.0,0.0,-0.0,0.0,-0.0,0.0,0.0,0.0,0.0,-0.0,-0.0,0.0,-0.0,0.0,0.0,0.0,0.0,-0.0,0.0,0.0,0.0,0.0,-0.0,0.0,0.0,0.0,-0.0,0.0,0.0,0.0,0.0,-0.0,-0.0,0.0,-0.0,0.0,0.0,0.0,-0.0,0.0,0.0,-0.0,0.0,-0.0,0.0,0.0,0.0,0.0,-0.0,0.0,0.0,-0.0,-0.0,0.0,-0.0,0.0,1.0,0.0,0.0,0.0,0.0,0.0,0.0,1.0,0.0,0.0,0.0,0.0,0.0,-0.0,0.0,0.0,0.0,0.0,0.0,104.0,0.0,0.0,12.0,0.0,0.0,0.0,0.0,0.0,0.0,0.0,0.0,0.0,47.0,0.0,0.0,0.0,0.0,0.0,0.0,0.0,0.0,0.0,0.0,0.0,0.0,30.0,0.0,0.0,0.0,2.0,1.0,0.0,0.0,0.0,0.0,0.0,0.0,0.0,0.0,0.0,0.0,0.0,0.0,0.0,0.0,0.0,0.0,5.0,0.0,0.0,2.0,0.0,0.0,0.0,0.0,0.0,0.0,0.0,0.0,0.0,0.0,0.0
0.0,-0.0,0.0,0.0,0.0,0.0,-0.0,0.0,-0.0,0.0,0.0,0.0,0.0,-0.0,-0.0,0.0,0.0,0.0,0.0,0.0,0.0,-0.0,0.0,0.0,0.0,0.0,-0.0,0.0,0.0,0.0,-0.0,0.0,0.0,0.0,0.0,-0.0,-0.0,-0.0,-0.0,0.0,0.0,0.0,0.0,-0.0,0.0,-0.0,0.0,-0.0,0.0,0.0,0.0,0.0,-0.0,0.0,0.0,-0.0,-0.0,0.0,-0.0,0.0,1.0,0.0,0.0,0.0,0.0,0.0,0.0,1.0,0.0,0.0,0.0,0.0,0.0,-0.0,0.0,0.0,0.0,0.0,0.0,95.0,0.0,0.0,12.0,0.0,0.0,0.0,0.0,0.0,0.0,0.0,0.0,0.0,45.0,0.0,0.0,0.0,0.0,0.0,0.0,0.0,0.0,0.0,0.0,0.0,0.0,30.0,0.0,0.0,0.0,2.0,1.0,0.0,0.0,0.0,0.0,0.0,0.0,0.0,0.0,0.0,0.0,0.0,0.0,0.0,0.0,0.0,0.0,5.0,0.0,0.0,2.0,0.0,0.0,0.0,0.0,0.0,0.0,0.0,0.0,0.0,0.0,0.0
